use mydb;
-- Tabella Regista -> 20
INSERT INTO Regista (IdRegista, Nome, Cognome)
VALUES 
(1, 'Steven', 'Spielberg'),
(2, 'Christopher', 'Nolan'),
(3, 'Quentin', 'Tarantino'),
(4, 'Martin', 'Scorsese'),
(5, 'Alfred', 'Hitchcock'),
(6, 'Stanley', 'Kubrick'),
(7, 'Francis Ford', 'Coppola'),
(8, 'James', 'Cameron'),
(9, 'Clint', 'Eastwood'),
(10, 'Tim', 'Burton'),
(11, 'David', 'Fincher'),
(12, 'Ridley', 'Scott'),
(13, 'Spike', 'Lee'),
(14, 'Wes', 'Anderson'),
(15, 'Coen', 'Brothers'),
(16, 'Peter', 'Jackson'),
(17, 'Greta', 'Gerwig'),
(18, 'Denis', 'Villeneuve'),
(19, 'Guillermo', 'del Toro'),
(20, 'Pedro', 'Almodóvar');

-- Tabella Film -> 100
INSERT INTO Film (IdFilm, Titolo, Anno, Durata, PaeseProd, Regista_IdRegista, NumeroDiVisualizzazioni)
VALUES 
(1, 'Il Padrino', 1972, 175, 'USA', 7,0),
(2, 'Schindler''s List', 1993, 195, 'USA', 1,0),
(3, 'Pulp Fiction', 1994, 154, 'USA', 3,0),
(4, 'Forrest Gump', 1994, 142, 'USA', 8,0),
(5, 'Il Signore degli Anelli: La Compagnia dell''Anello', 2001, 178, 'USA', 16,0),
(6, 'The Dark Knight', 2008, 152, 'USA', 2,0),
(7, 'Inception', 2010, 148, 'USA', 2,0),
(8, 'C''era una volta in America', 1984, 229, 'USA', 4,0),
(9, 'Fight Club', 1999, 139, 'USA', 11,0),
(10, 'Il Gladiatore', 2000, 155, 'USA', 12,0),
(11, 'La vita è bella', 1997, 116, 'Italia', 19,0),
(12, 'Seven', 1995, 127, 'USA', 11,0),
(13, 'The Shawshank Redemption', 1994, 142, 'USA', 15,0),
(14, 'La lista di Schindler', 1993, 195, 'USA', 1,0),
(15, 'Il Signore degli Anelli: Il ritorno del re', 2003, 201, 'USA', 16,0),
(16, 'Shining', 1980, 146, 'USA', 6,0),
(17, 'Jurassic Park', 1993, 127, 'USA', 1,0),
(18, 'The Matrix', 1999, 136, 'USA', 6,0),
(19, 'Il Favoloso Mondo di Amélie', 2001, 122, 'Francia', 17,0),
(20, 'Matrix Reloaded', 2003, 138, 'USA', 6,0),
(21, 'Blade Runner', 1982, 117, 'USA', 12,0),
(22, 'Interstellar', 2014, 169, 'USA', 2,0),
(23, 'Il pianeta delle scimmie', 1968, 112, 'USA', 5,0),
(24, 'Il Silenzio degli Innocenti', 1991, 118, 'USA', 6,0),
(25, 'Il Re Leone', 1994, 88, 'USA', 11,0),
(26, 'La Dolce Vita', 1960, 174, 'Italia', 19,0),
(27, 'Fanny & Alexander', 1982, 188, 'Svezia', 6,0),
(28, 'Sen to Chihiro no kamikakushi', 2001, 125, 'Giappone', 17,0),
(29, 'Citizen Kane', 1941, 119, 'USA', 5,0),
(30, 'The Shawshank Redemption', 1994, 142, 'USA', 15,0),
(31, 'Il Quinto Elemento', 1997, 126, 'Francia', 4,0),
(32, 'Il Signore degli Anelli: Le due torri', 2002, 179, 'USA', 16,0),
(33, 'Il padrino - Parte II', 1974, 202, 'USA', 7,0),
(34, 'Il buono, il brutto, il cattivo', 1966, 161, 'Italia', 12,0),
(35, 'La città incantata', 2001, 125, 'Giappone', 17,0),
(36, 'Matrix Revolutions', 2003, 129, 'USA', 6,0),
(37, 'Il grande Lebowski', 1998, 117, 'USA', 15,0),
(38, 'Il Favoloso Mondo di Gumball', 2011, 11, 'UK', 13,0),
(39, 'Ritorno al Futuro', 1985, 116, 'USA', 3,0),
(40, 'Il Signore degli Anelli: La Trilogia', 2001, 528, 'USA', 16,0),
(41, 'Il padrino - Parte III', 1990, 162, 'USA', 7,0),
(42, 'Coraline e la porta magica', 2009, 100, 'USA', 8,0),
(43, 'Titanic', 1997, 195, 'USA', 8,0),
(44, 'Lo squalo', 1975, 124, 'USA', 1,0),
(45, 'Il favoloso mondo di Amelie', 2001, 122, 'Francia', 17,0),
(46, 'La grande bellezza', 2013, 141, 'Italia', 19,0),
(47, 'American Beauty', 1999, 122, 'USA', 13,0),
(48, 'La vita è meravigliosa', 1946, 130, 'USA', 14,0),
(49, 'Toy Story', 1995, 81, 'USA', 18,0),
(50, 'La città dei bambini perduti', 1995, 112, 'Francia', 14,0),
(51, 'La La Land', 2016, 128, 'USA', 17,0),
(52, 'Braveheart', 1995, 178, 'USA', 20,0),
(53, 'Fargo', 1996, 98, 'USA', 15,0),
(54, 'Pixels', 2015, 115, 'USA', 3,0),
(55, 'Il favoloso mondo di Amelie', 2001, 122, 'Francia', 17,0),
(56, 'Piano pianissimo', 2002, 114, 'Italia', 19,0),
(57, 'C''era una volta in America', 1984, 229, 'USA', 4,0),
(58, 'La vita è bella', 1997, 116, 'Italia', 19,0),
(59, 'Il favoloso mondo di Amelie', 2001, 122, 'Francia', 17,0),
(60, 'Blade Runner 2049', 2017, 164, 'USA', 18,0),
(61, 'Amici miei', 1975, 140, 'Italia', 5,0),
(62, 'La dolce vita', 1960, 174, 'Italia', 19,0),
(63, 'C''era una volta il West', 1968, 165, 'Italia', 9,0),
(64, 'La Grande Bellezza', 2013, 142, 'Italia', 19,0),
(65, 'Tutti insieme appassionatamente', 1965, 174, 'USA', 10,0),
(66, 'La casa sulle nuvole', 2004, 109, 'USA', 20,0),
(67, 'Una giornata particolare', 1977, 106, 'Italia', 10,0),
(68, 'Vogliamo vivere!', 1939, 102, 'USA', 20,0),
(69, 'Moonlight', 2016, 111, 'USA', 18,0),
(70, 'La passione di Giosuè l''ebreo', 1943, 88, 'Italia', 3,0),
(71, 'La scuola più bella del mondo', 2014, 92, 'Italia', 19,0),
(72, 'Mamma ho perso l aereo', 1990, 103, 'USA', 19,0), 
(73, 'Il grande Gatsby', 2013, 143, 'USA', 4,0),
(74, 'Rapunzel - L''intreccio della torre', 2010, 100, 'USA', 8,0),
(75, 'Up', 2009, 96, 'USA', 16,0),
(76, 'Zootropolis', 2016, 108, 'USA', 10,0),
(77, 'Big Hero 6', 2014, 102, 'USA', 11,0),
(78, 'L''era glaciale', 2002, 81, 'USA', 12,0),
(79, 'Kung Fu Panda', 2008, 92, 'USA', 13,0),
(80, 'Monsters & Co.', 2001, 92, 'USA', 16,0),
(81, 'Il re leone', 1994, 88, 'USA', 1,0),
(82, 'Frozen - Il regno di ghiaccio', 2013, 102, 'USA', 4,0),
(83, 'Shrek', 2001, 90, 'USA', 6,0),
(84, 'Toy Story', 1995, 81, 'USA', 18,0),
(85, 'Il viaggio di Arlo', 2015, 93, 'USA', 17,0),
(86, 'La principessa e il ranocchio', 2009, 97, 'USA', 16,0),
(87, 'Moana', 2016, 107, 'USA', 16,0),
(88, 'Coraline e la porta magica', 2009, 100, 'USA', 19,0),
(89, 'Il regno di Oz', 2013, 130, 'USA', 20,0),
(90, 'Il castello errante di Howl', 2004, 119, 'Giappone', 14,0),
(91, 'L''incantevole Creamy', 1983, 24, 'Giappone', 13,0),
(92, 'Ponyo sulla scogliera', 2008, 101, 'Giappone', 4,0),
(93, 'Pom Poko', 1994, 119, 'Giappone', 5,0),
(94, 'Arietty - Il mondo segreto sotto il pavimento', 2010, 94, 'Giappone', 6,0),
(95, 'Il castello nel cielo', 1986, 125, 'Giappone', 2,0),
(96, 'La città incantata', 2001, 125, 'Giappone', 17,0),
(97, 'Nausicaä della Valle del Vento', 1984, 117, 'Giappone', 8,0),
(98, 'Il mio vicino Totoro', 1988, 86, 'Giappone', 11,0),
(99, 'La storia della Principessa Splendente', 1997, 142, 'Giappone', 16,0),
(100, 'Principessa Mononoke', 1997, 134, 'Giappone', 17,0);

-- Tabella PremioRegista -> 9
INSERT INTO PremioRegista(Codice, Tipo, Ente)
VALUES
(1,"miglior regista", "Oscar"),
(2,"migliore sceneggiatura", "Oscar"),
(3,"miglior regista", "Golden Globe"),
(4,"migliore sceneggiatura", "Golden Globe"),
(5,"miglior regista", "BAFTA"),
(6,"miglior esordio", "BAFTA"),
(7,"miglior regista", "David di Donatello"),
(8,"migliore sceneggiatura", "David di Donatello"),
(9,"leone d'argento per il miglior regista", "Cinema di Venezia");

-- Tabella PremioFilm -> 42
INSERT INTO PremioFilm(Codice, Tipo, Ente)
VALUES
(1,"miglior film", "Oscar"),
(2,"migliore film in lingua straniera", "Oscar"),
(3,"miglior film d'animazione", "Oscar"),
(4,"migliore documentario", "Oscar"),
(5,"miglior cortometraggio", "Oscar"),
(6,"miglior cortometraggio d'animazione", "Oscar"),
(7,"miglior cortometraggio documentario", "Oscar"),
(8,"migliore scenografia", "Oscar"),
(9,"migliori costumi", "Oscar"),
(10,"miglior film drammatico", "Golden Globe"),
(11,"miglior film commedia", "Golden Globe"),
(12,"migliore colonna sonora", "Golden Globe"),
(13,"migliore canzone originale", "Golden Globe"),
(14,"miglior film straniero", "Golden Globe"),
(15,"miglior film d'animazione", "Golden Globe"),
(16,"miglior risultato al cinema", "Golden Globe"),
(17,"miglior film musicale", "Golden Globe"),
(18,"miglior film", "BAFTA"),
(19,"miglior casting", "BAFTA"),
(20,"miglior film d'animazione", "BAFTA"),
(21,"migliore fotografia", "BAFTA"),
(22,"migliore scenografia", "BAFTA"),
(23,"migliore colonna sonora", "BAFTA"),
(24,"miglior montaggio", "BAFTA"),
(25,"migliori costumi", "BAFTA"),
(26,"miglior sonoro", "BAFTA"),
(27,"migliori effetti speciali", "BAFTA"),
(28,"miglior film", "David di Donatello"),
(29,"migliore canzone originale", "David di Donatello"),
(30,"miglior suono", "David di Donatello"),
(31,"migliori effetti speciali", "David di Donatello"),
(32,"miglior documentario di lungometraggio", "David di Donatello"),
(33,"miglior cortometraggio", "David di Donatello"),
(34,"miglior film straniero", "David di Donatello"),
(35,"miglior casting", "David di Donatello"),
(36,"miglior colonna sonora", "David di Donatello"),
(37,"leone d'oro al miglior film", "Cinema di Venezia"),
(38,"premio Orizzonti per il miglior film", "Cinema di Venezia"),
(39,"premio Orizzonti per miglior cortometraggio", "Cinema di Venezia"),
(40,"premio Pasinetti", "Cinema di Venezia"),
(41,"premio Lanterna Magica", "Cinema di Venezia"),
(42,"premio RObert Bresson", "Cinema di Venezia");

-- Tabella PremioAttore -> 25
INSERT INTO PremioAttore(Codice, Tipo, Ente)
VALUES
(1,"miglior attore", "Oscar"),
(2,"migliore attrice", "Oscar"),
(3,"miglior attore non protagonista", "Oscar"),
(4,"miglior attrice non protagonista", "Oscar"),
(5,"Oscar giovanile", "Oscar"),
(6,"miglior attore in film drammatico", "Golden Globe"),
(7,"miglior attrice in film drammatico", "Golden Globe"),
(8,"miglior attore in film commedia o musicale", "Golden Globe"),
(9,"miglior attrice in film commedia o musicale", "Golden Globe"),
(10,"miglior attore non protagonista", "Golden Globe"),
(11,"miglior attrice non protagonista", "Golden Globe"),
(12,"miglior attore/ice straniero/a", "Golden Globe"),
(13,"miglior attore protagonista", "BAFTA"),
(14,"miglior attrice protagonista", "BAFTA"),
(15,"miglior attore non protagonista", "BAFTA"),
(16,"miglior attrice non protagonista", "BAFTA"),
(17,"migliore star emergente", "David di Donatello"),
(18,"miglior attore protagonista", "David di Donatello"),
(19,"miglior attrice protagonista", "David di Donatello"),
(20,"miglior attore non protagonista", "David di Donatello"),
(21,"miglior attrice non protagonista", "David di Donatello"),
(22,"David Giovani", "David di Donatello"),
(23,"coppa Volpi miglior attore", "Cinema di Venezia"),
(24,"coppa Volpi miglior attrice", "Cinema di Venezia"),
(25,"premio Mastroianni attore/ice emergente", "Cinema di Venezia");

-- Tabella Genere -> 23
INSERT INTO Genere(Nome)
VALUES 
('Azione'),
('Avventura'),
('Animazione'),
('Commedia'),
('Crime'),
('Documentario'),
('Drammatico'),
('Family'),
('Fantasy'),
('Storico'),
('Horror'),
('Musicale'),
('Mistero'),
('Romantico'),
('Fantascienza'),
('Thriller'),
('Guerra'),
('Western'),
('Biografico'),
('Sportivo'),
('Supereroi'),
('Favola'),
('Parodia');

-- Tabella Appartenenza -> 300
INSERT INTO Appartenenza(Genere_Nome, Film_IdFilm)
VALUES
("Guerra", 14),("Family", 61),("Musicale", 54),("Fantascienza", 62),("Supereroi", 17),("Musicale", 96),("Storico", 45),("Storico", 25),("Fantasy", 3),("Biografico", 6),("Romantico", 32),("Fantascienza", 64),("Fantascienza", 38),("Musicale", 48),("Avventura", 70),("Guerra", 81),("Fantasy", 43),("Biografico", 91),("Fantasy", 93),("Romantico", 56),("Avventura", 55),("Romantico", 44),("Horror", 95),("Family", 93),("Thriller", 7),("Fantascienza", 37),("Azione", 38),("Horror", 20),("Thriller", 11),("Fantascienza", 63),("Storico", 64),("Romantico", 90),("Romantico", 36),("Storico", 55),("Romantico", 18),("Musicale", 29),("Avventura", 100),("Animazione", 38),("Thriller", 51),("Azione", 62),("Commedia", 72),("Animazione", 72),("Family", 79),("Sportivo", 92),("Family", 25),("Drammatico", 92),("Supereroi", 86),("Mistero", 95),("Romantico", 1),("Fantascienza", 10),("Western", 91),("Family", 28),("Biografico", 74),("Thriller", 77),("Commedia", 51),("Horror", 82),("Fantascienza", 57),("Animazione", 6),("Guerra", 87),("Animazione", 89),("Fantascienza", 99),("Fantascienza", 76),("Horror", 15),("Romantico", 48),("Mistero", 10),("Horror", 6),("Mistero", 23),("Western", 93),("Family", 86),("Sportivo", 24),("Musicale", 83),("Crime", 48),("Drammatico", 62),("Musicale", 3),("Commedia", 66),("Fantasy", 57),("Supereroi", 16),("Avventura", 39),("Guerra", 5),("Romantico", 38),("Thriller", 95),("Horror", 25),("Horror", 13),("Supereroi", 96),("Crime", 66),("Animazione", 15),("Musicale", 74),("Favola", 39),("Storico", 24),("Commedia", 35),("Musicale", 86),("Favola", 14),("Animazione", 17),("Western", 14),("Fantasy", 60),("Fantasy", 12),("Documentario", 48),("Documentario", 92),("Supereroi", 98),("Drammatico", 23),("Parodia", 13),("Family", 1),("Drammatico", 53),("Romantico", 35),("Fantasy", 15),("Avventura", 58),("Mistero", 21),("Drammatico", 17),("Favola", 74),("Animazione", 58),("Horror", 35),("Azione", 31),("Sportivo", 93),("Storico", 38),("Animazione", 57),("Drammatico", 24),("Crime", 26),("Storico", 90),("Crime", 84),("Horror", 29),("Biografico", 97),("Commedia", 82),("Family", 46),("Western", 59),("Commedia", 25),("Azione", 57),("Musicale", 64),("Azione", 5),("Documentario", 49),("Mistero", 15),("Favola", 81),("Azione", 17),("Favola", 70),("Favola", 37),("Thriller", 30),("Fantascienza", 3),("Supereroi", 95),("Parodia", 87),("Favola", 42),("Guerra", 33),("Family", 67),("Mistero", 98),("Documentario", 79),("Crime", 14),("Azione", 12),("Fantasy", 35),("Crime", 50),("Avventura", 42),("Thriller", 73),("Sportivo", 56),("Crime", 1),("Thriller", 18),("Commedia", 98),("Azione", 60),("Commedia", 5),("Commedia", 69),("Avventura", 21),("Biografico", 21),("Commedia", 79),("Documentario", 94),("Parodia", 43),("Romantico", 86),("Thriller", 79),("Supereroi", 18),("Thriller", 93),("Sportivo", 23),("Fantasy", 18),("Documentario", 29),("Biografico", 8),("Fantasy", 21),("Parodia", 84),("Fantascienza", 95),("Drammatico", 76),("Western", 74),("Horror", 1),("Family", 88),("Western", 85),("Romantico", 78),("Parodia", 74),("Mistero", 83),("Romantico", 93),("Drammatico", 38),("Sportivo", 46),("Western", 90),("Animazione", 54),("Musicale", 30),("Avventura", 43),("Romantico", 85),("Fantasy", 11),("Favola", 95),("Commedia", 43),("Family", 71),("Family", 15),("Animazione", 66),("Fantasy", 77),("Documentario", 5),("Romantico", 21),("Drammatico", 89),("Mistero", 63),("Animazione", 33),("Azione", 46),("Sportivo", 48),("Documentario", 7),("Western", 73),("Avventura", 72),("Favola", 41),("Azione", 67),("Western", 55),("Sportivo", 13),("Family", 10),("Biografico", 55),("Crime", 86),("Fantascienza", 29),("Azione", 78),("Crime", 3),("Avventura", 2),("Guerra", 74),("Fantascienza", 6),("Fantasy", 56),("Fantascienza", 60),("Western", 64),("Fantasy", 64),("Favola", 44),("Biografico", 78),("Documentario", 80),("Avventura", 36),("Favola", 12),("Sportivo", 89),("Mistero", 73),("Animazione", 68),("Drammatico", 20),("Supereroi", 51),("Documentario", 12),("Crime", 71),("Avventura", 37),("Musicale", 10),("Parodia", 32),("Musicale", 41),("Family", 23),("Azione", 52),("Guerra", 49),("Azione", 20),("Azione", 26),("Western", 75),("Musicale", 68),("Western", 68),("Drammatico", 30),("Romantico", 53),("Supereroi", 54),("Parodia", 56),("Guerra", 1),("Sportivo", 33),("Mistero", 74),("Biografico", 38),("Thriller", 49),("Azione", 84),("Musicale", 2),("Commedia", 99),("Guerra", 86),("Guerra", 95),("Sportivo", 70),("Parodia", 23),("Biografico", 3),("Supereroi", 78),("Sportivo", 26),("Musicale", 52),("Horror", 37),("Sportivo", 62),("Biografico", 24),("Biografico", 18),("Parodia", 2),("Sportivo", 50),("Animazione", 40),("Drammatico", 39),("Fantasy", 34),("Family", 90),("Family", 32),("Favola", 47),("Biografico", 9),("Favola", 18),("Documentario", 20);

-- Tabella Critico -> 25
INSERT INTO Critico (IdCritico, Nome, Cognome)
VALUES 
(1, 'Marco', 'Rossi'),
(2, 'Anna', 'Bianchi'),
(3, 'Luca', 'Verdi'),
(4, 'Giulia', 'Neri'),
(5, 'Mario', 'Gialli'),
(6, 'Chiara', 'Marroni'),
(7, 'Alessandro', 'Rosa'),
(8, 'Elena', 'Blu'),
(9, 'Francesco', 'Viola'),
(10, 'Laura', 'Arancioni'),
(11, 'Giovanni', 'Fucsia'),
(12, 'Roberta', 'Celeste'),
(13, 'Simone', 'Grigio'),
(14, 'Sara', 'Magenta'),
(15, 'Fabio', 'Ciano'),
(16, 'Elisa', 'Turchese'),
(17, 'Paolo', 'Azzurri'),
(18, 'Martina', 'Verde'),
(19, 'Andrea', 'Indaco'),
(20, 'Valentina', 'Bordeaux'),
(21, 'Riccardo', 'Porpora'),
(22, 'Cristina', 'Corallo'),
(23, 'Lorenzo', 'Rame'),
(24, 'Silvia', 'Oro'),
(25, 'Davide', 'Argento');

-- Recensione Critico -> 500, ogni film ha 5 recensioni
INSERT INTO RecensioneCritico (Critico_IdCritico, Film_IdFilm, Voto, Data)
VALUES
(8, 1, 4, '2023-08-01'),(1, 1, 3, '2023-07-04'),(16, 1, 1, '2023-04-17'),(7, 1, 3, '2023-10-12'),(6, 1, 5, '2024-01-12'),(5, 2, 5, '2023-03-05'),(25, 2, 1, '2023-02-14'),(21, 2, 4, '2023-10-14'),(8, 2, 5, '2023-10-27'),(4, 2, 3, '2023-09-22'),(10, 3, 3, '2023-02-23'),(6, 3, 5, '2023-12-13'),(16, 3, 5, '2023-03-08'),(19, 3, 1, '2023-12-14'),(3, 3, 4, '2023-09-21'),(19, 4, 3, '2024-01-11'),(17, 4, 5, '2023-11-17'),(9, 4, 1, '2023-05-16'),
(20, 4, 4, '2024-01-04'),(25, 4, 4, '2024-01-11'),(4, 5, 4, '2023-02-24'),(22, 5, 5, '2023-10-07'),(9, 5, 5, '2023-09-27'),(10, 5, 3, '2023-11-07'),(1, 5, 1, '2023-08-16'),(20, 6, 1, '2023-07-05'),(11, 6, 3, '2023-09-27'),(15, 6, 1, '2023-06-16'),(9, 6, 3, '2023-03-30'),(10, 6, 4, '2023-10-31'),(5, 7, 1, '2023-08-08'),(1, 7, 1, '2023-09-27'),(19, 7, 4, '2023-10-02'),(25, 7, 1, '2023-07-19'),(2, 7, 3, '2023-08-17'),(13, 8, 2, '2023-06-18'),(19, 8, 4, '2023-06-24'),(21, 8, 4, '2023-09-18'),(10, 8, 2, '2023-12-15'),
(15, 8, 3, '2023-08-14'),(25, 9, 2, '2023-02-21'),(13, 9, 2, '2023-12-15'),(4, 9, 5, '2023-07-11'),(1, 9, 2, '2023-11-25'),(14, 9, 5, '2023-08-19'),(5, 10, 1, '2023-04-22'),(24, 10, 4, '2023-04-27'),(1, 10, 4, '2024-01-29'),(12, 10, 5, '2023-05-23'),(25, 10, 4, '2023-09-13'),(16, 11, 1, '2023-05-17'),(3, 11, 1, '2023-04-14'),(2, 11, 3, '2024-01-23'),(10, 11, 3, '2024-01-04'),(9, 11, 4, '2023-10-20'),(19, 12, 3, '2023-08-24'),(12, 12, 4, '2023-10-22'),
(1, 12, 1, '2023-04-09'),(3, 12, 2, '2023-12-26'),(17, 12, 4, '2023-04-26'),(14, 13, 5, '2023-03-30'),(19, 13, 3, '2023-04-13'),(22, 13, 4, '2023-08-24'),(5, 13, 3, '2023-11-30'),(9, 13, 4, '2023-10-08'),(11, 14, 4, '2023-09-17'),(2, 14, 3, '2023-06-22'),(7, 14, 2, '2024-01-19'),(15, 14, 1, '2023-10-07'),(17, 14, 4, '2023-08-30'),(1, 15, 2, '2024-01-19'),(23, 15, 5, '2023-12-01'),(3, 15, 2, '2023-06-23'),(9, 15, 1, '2023-06-10'),(11, 15, 1, '2023-03-06'),
(16, 16, 1, '2023-12-23'),(2, 16, 3, '2023-11-22'),(4, 16, 3, '2024-01-27'),(13, 16, 5, '2023-05-19'),(14, 16, 5, '2023-02-12'),(19, 17, 3, '2023-02-24'),(21, 17, 1, '2023-07-02'),(9, 17, 4, '2023-07-06'),(3, 17, 4, '2023-06-16'),(18, 17, 2, '2023-08-01'),(4, 18, 3, '2023-10-11'),(23, 18, 3, '2023-03-31'),(13, 18, 4, '2023-06-01'),(2, 18, 2, '2023-03-25'),(8, 18, 4, '2023-11-30'),(18, 19, 3, '2023-05-28'),(23, 19, 4, '2024-01-31'),(6, 19, 5, '2023-11-11'),
(20, 19, 2, '2023-07-24'),(17, 19, 2, '2024-01-20'),(10, 20, 1, '2023-07-13'),(7, 20, 2, '2023-04-24'),(15, 20, 5, '2024-01-07'),(8, 20, 2, '2023-11-07'),(3, 20, 1, '2023-06-01'),(20, 21, 5, '2023-07-24'),(6, 21, 5, '2024-02-07'),(23, 21, 1, '2023-11-22'),(7, 21, 1, '2023-10-13'),(21, 21, 1, '2023-04-15'),(25, 22, 3, '2023-10-18'),(15, 22, 5, '2023-12-23'),(1, 22, 1, '2024-01-23'),(5, 22, 2, '2023-03-17'),(21, 22, 1, '2024-01-03'),(4, 23, 1, '2023-03-07'),
(3, 23, 3, '2023-10-14'),(11, 23, 2, '2023-07-12'),(16, 23, 1, '2023-03-25'),(17, 23, 2, '2023-07-20'),(13, 24, 2, '2023-07-19'),(4, 24, 5, '2023-10-14'),(8, 24, 3, '2023-08-15'),(21, 24, 1, '2023-05-06'),(7, 24, 4, '2024-01-25'),(10, 25, 4, '2023-04-26'),(2, 25, 5, '2024-01-31'),(11, 25, 2, '2023-09-15'),(13, 25, 4, '2023-12-27'),(15, 25, 2, '2024-01-14'),(9, 26, 2, '2023-11-20'),(24, 26, 3, '2023-08-03'),(19, 26, 2, '2023-05-15'),(7, 26, 1, '2023-07-05'),
(4, 26, 5, '2024-02-05'),(5, 27, 3, '2023-06-02'),(12, 27, 3, '2023-03-11'),(7, 27, 5, '2023-11-18'),(3, 27, 1, '2023-02-15'),(1, 27, 1, '2023-06-19'),(13, 28, 3, '2024-02-12'),(12, 28, 2, '2023-05-20'),(15, 28, 1, '2023-11-04'),(2, 28, 3, '2023-10-17'),(4, 28, 2, '2023-07-25'),(18, 29, 5, '2023-04-06'),(17, 29, 4, '2023-07-02'),(21, 29, 5, '2023-03-22'),(24, 29, 2, '2023-06-01'),(1, 29, 3, '2024-01-10'),(13, 30, 5, '2023-09-24'),(16, 30, 1, '2023-10-03'),
(24, 30, 1, '2024-01-09'),(21, 30, 2, '2023-07-14'),(1, 30, 2, '2023-05-11'),(15, 31, 2, '2023-06-20'),(12, 31, 1, '2023-09-29'),(2, 31, 5, '2023-07-03'),(5, 31, 4, '2023-05-31'),(17, 31, 3, '2023-04-29'),(4, 32, 4, '2023-03-20'),(7, 32, 2, '2023-05-27'),(25, 32, 1, '2023-08-04'),(23, 32, 5, '2023-05-06'),(21, 32, 1, '2024-01-28'),(14, 33, 2, '2023-09-24'),(8, 33, 1, '2023-04-16'),(22, 33, 4, '2023-11-03'),(9, 33, 4, '2023-08-14'),(19, 33, 1, '2023-09-09'),
(19, 34, 3, '2023-08-20'),(12, 34, 1, '2023-09-30'),(1, 34, 4, '2023-04-24'),(22, 34, 5, '2023-06-14'),(2, 34, 2, '2023-03-24'),(13, 35, 4, '2023-09-14'),(15, 35, 4, '2023-03-05'),(18, 35, 3, '2023-11-26'),(23, 35, 5, '2023-05-20'),(1, 35, 5, '2023-06-06'),(5, 36, 5, '2023-10-22'),(22, 36, 5, '2023-07-18'),(25, 36, 3, '2023-08-15'),(13, 36, 3, '2023-12-18'),(6, 36, 2, '2023-12-12'),(12, 37, 1, '2024-01-10'),(17, 37, 4, '2023-03-15'),(5, 37, 4, '2023-12-17'),
(14, 37, 2, '2023-04-01'),(7, 37, 3, '2023-10-23'),(23, 38, 3, '2023-02-19'),(16, 38, 1, '2023-03-02'),(3, 38, 4, '2023-09-19'),(8, 38, 1, '2023-03-08'),(22, 38, 4, '2023-06-09'),(6, 39, 3, '2023-12-26'),(15, 39, 3, '2023-09-14'),(19, 39, 2, '2023-03-13'),(17, 39, 3, '2023-10-02'),(5, 39, 1, '2023-08-14'),(9, 40, 2, '2023-04-08'),(8, 40, 2, '2023-02-15'),(7, 40, 3, '2023-08-09'),(12, 40, 4, '2023-07-19'),(2, 40, 5, '2024-02-09'),(17, 41, 5, '2023-06-10'),
(6, 41, 1, '2023-03-30'),(19, 41, 4, '2023-05-01'),(18, 41, 4, '2023-04-07'),(25, 41, 4, '2023-11-19'),(10, 42, 4, '2023-12-19'),(8, 42, 4, '2023-11-24'),(12, 42, 1, '2023-05-30'),(6, 42, 1, '2023-03-21'),(19, 42, 5, '2023-05-18'),(17, 43, 2, '2024-02-10'),(23, 43, 3, '2023-05-07'),(21, 43, 5, '2024-01-02'),(15, 43, 2, '2023-11-23'),(10, 43, 5, '2023-05-22'),(24, 44, 5, '2023-07-07'),(23, 44, 1, '2023-06-12'),(4, 44, 5, '2023-03-21'),(18, 44, 5, '2023-05-05'),
(19, 44, 4, '2023-07-13'),(16, 45, 1, '2023-12-07'),(4, 45, 1, '2023-04-01'),(12, 45, 1, '2023-03-13'),(14, 45, 3, '2023-11-18'),(10, 45, 1, '2023-09-09'),(23, 46, 2, '2023-09-19'),(24, 46, 2, '2024-01-20'),(5, 46, 1, '2023-09-29'),(1, 46, 1, '2023-11-24'),(11, 46, 5, '2023-07-09'),(2, 47, 1, '2023-06-02'),(6, 47, 3, '2023-12-24'),(20, 47, 1, '2023-11-25'),(5, 47, 2, '2023-10-08'),(8, 47, 1, '2023-11-17'),(1, 48, 5, '2023-04-02'),(4, 48, 2, '2023-04-18'),
(3, 48, 2, '2023-09-22'),(17, 48, 3, '2023-04-01'),(19, 48, 2, '2023-03-24'),(14, 49, 5, '2024-01-17'),(22, 49, 2, '2023-03-10'),(12, 49, 5, '2023-03-21'),(4, 49, 1, '2024-02-01'),(8, 49, 1, '2023-08-19'),(14, 50, 2, '2023-04-25'),(1, 50, 1, '2023-11-30'),(22, 50, 1, '2023-05-02'),(10, 50, 4, '2023-08-07'),(4, 50, 2, '2023-07-08'),(1, 51, 1, '2023-08-08'),(6, 51, 4, '2024-01-16'),(21, 51, 2, '2023-08-14'),(4, 51, 3, '2024-01-30'),(5, 51, 1, '2023-06-18'),
(16, 52, 1, '2023-10-15'),(24, 52, 1, '2023-05-29'),(8, 52, 3, '2023-10-23'),(14, 52, 3, '2023-10-02'),(2, 52, 4, '2023-11-05'),(8, 53, 1, '2023-05-28'),(9, 53, 5, '2023-12-05'),(21, 53, 3, '2024-01-19'),(3, 53, 1, '2023-07-01'),(20, 53, 1, '2023-11-22'),(16, 54, 4, '2023-05-11'),(8, 54, 3, '2023-06-11'),(25, 54, 4, '2024-01-13'),(23, 54, 2, '2023-11-21'),(5, 54, 5, '2023-04-12'),(17, 55, 1, '2023-04-20'),(25, 55, 2, '2023-07-13'),(14, 55, 2, '2023-09-11'),
(3, 55, 4, '2023-08-08'),(5, 55, 2, '2023-06-01'),(24, 56, 3, '2024-01-07'),(21, 56, 5, '2024-01-04'),(10, 56, 3, '2023-04-27'),(19, 56, 3, '2023-09-20'),(13, 56, 4, '2023-12-17'),(18, 57, 3, '2024-02-03'),(15, 57, 5, '2024-01-16'),(25, 57, 3, '2023-09-01'),(19, 57, 3, '2024-01-25'),(2, 57, 5, '2023-05-17'),(11, 58, 4, '2023-05-21'),(1, 58, 2, '2023-09-28'),(21, 58, 5, '2023-12-25'),(20, 58, 2, '2023-07-06'),(25, 58, 1, '2023-04-10'),(9, 59, 4, '2023-07-30'),
(5, 59, 2, '2023-08-02'),(16, 59, 4, '2023-05-25'),(11, 59, 1, '2023-06-14'),(15, 59, 4, '2023-02-13'),(6, 60, 3, '2023-06-08'),(5, 60, 4, '2023-09-11'),(7, 60, 2, '2023-10-12'),(16, 60, 3, '2023-02-21'),(14, 60, 5, '2023-05-09'),(1, 61, 2, '2023-12-24'),(11, 61, 3, '2023-04-05'),(6, 61, 5, '2023-07-16'),(13, 61, 5, '2023-04-26'),(23, 61, 4, '2023-04-13'),(23, 62, 2, '2023-03-09'),(20, 62, 3, '2023-03-09'),(21, 62, 1, '2023-03-16'),(25, 62, 5, '2023-06-24'),
(6, 62, 1, '2023-08-17'),(8, 63, 2, '2023-04-02'),(18, 63, 1, '2023-03-25'),(21, 63, 1, '2024-02-09'),(5, 63, 3, '2023-02-24'),(4, 63, 3, '2023-03-21'),(9, 64, 3, '2023-11-09'),(15, 64, 4, '2023-04-23'),(8, 64, 3, '2023-07-13'),(7, 64, 3, '2023-05-26'),(13, 64, 3, '2024-01-09'),(20, 65, 5, '2024-02-12'),(16, 65, 4, '2023-07-12'),(4, 65, 2, '2023-03-30'),(25, 65, 5, '2023-12-04'),(14, 65, 5, '2023-06-20'),(22, 66, 3, '2023-06-09'),(8, 66, 4, '2023-08-06'),(6, 66, 2, '2023-05-30'),(24, 66, 2, '2024-01-06'),
(14, 66, 4, '2023-02-14'),(2, 67, 3, '2023-06-14'),(11, 67, 3, '2023-09-24'),(12, 67, 3, '2023-12-10'),(8, 67, 3, '2023-10-08'),(1, 67, 5, '2023-04-30'),(24, 68, 1, '2023-11-19'),(2, 68, 1, '2024-01-07'),(25, 68, 4, '2023-05-01'),(13, 68, 2, '2023-09-20'),(15, 68, 1, '2024-01-22'),(10, 69, 2, '2023-06-26'),(3, 69, 4, '2023-07-29'),(21, 69, 5, '2023-05-18'),(13, 69, 2, '2023-08-27'),(22, 69, 4, '2023-03-17'),(7, 70, 4, '2023-07-13'),(25, 70, 4, '2023-12-11'),
(14, 70, 3, '2023-11-23'),(21, 70, 3, '2023-06-11'),(17, 70, 4, '2023-06-18'),(23, 71, 5, '2023-08-18'),(9, 71, 5, '2023-07-13'),(8, 71, 1, '2023-10-29'),(13, 71, 1, '2023-09-04'),(21, 71, 3, '2023-03-07'),(1, 72, 4, '2023-09-22'),(19, 72, 5, '2024-01-02'),(4, 72, 2, '2023-07-19'),(5, 72, 1, '2023-03-10'),(18, 72, 4, '2023-04-06'),(19, 73, 3, '2023-07-09'),(5, 73, 1, '2023-11-05'),(9, 73, 1, '2024-02-05'),(6, 73, 4, '2023-08-08'),(14, 73, 3, '2023-03-08'),
(9, 74, 4, '2023-11-01'),(23, 74, 3, '2024-01-14'),(13, 74, 3, '2024-02-03'),(14, 74, 5, '2023-11-09'),(22, 74, 2, '2024-02-06'),(23, 75, 4, '2023-08-31'),(9, 75, 1, '2023-09-07'),(11, 75, 2, '2023-08-03'),(16, 75, 4, '2023-05-19'),(6, 75, 5, '2023-05-11'),(9, 76, 3, '2023-08-05'),(1, 76, 3, '2023-07-19'),(17, 76, 3, '2023-11-01'),(10, 76, 3, '2023-10-29'),(16, 76, 3, '2023-03-20'),(9, 77, 3, '2024-02-04'),(3, 77, 4, '2023-05-14'),
(5, 77, 1, '2023-03-31'),(16, 77, 2, '2023-05-17'),(10, 77, 3, '2024-02-04'),(14, 78, 3, '2023-11-11'),(12, 78, 4, '2023-09-07'),(2, 78, 4, '2023-03-26'),(15, 78, 4, '2023-08-28'),(21, 78, 5, '2023-12-21'),(9, 79, 2, '2023-03-07'),(25, 79, 4, '2023-05-29'),(5, 79, 5, '2023-08-30'),(12, 79, 1, '2023-10-02'),(19, 79, 5, '2023-12-14'),(9, 80, 3, '2024-01-17'),(15, 80, 2, '2023-06-07'),(23, 80, 1, '2023-07-30'),(13, 80, 5, '2023-09-13'),(7, 80, 3, '2023-08-28'),
(16, 81, 3, '2023-03-23'),(23, 81, 3, '2023-03-03'),(4, 81, 2, '2023-05-29'),(19, 81, 4, '2023-05-04'),(18, 81, 4, '2024-01-10'),(13, 82, 3, '2023-03-12'),(3, 82, 1, '2024-02-05'),(17, 82, 3, '2023-05-23'),(11, 82, 4, '2023-08-31'),(9, 82, 1, '2023-10-23'),(13, 83, 4, '2023-07-29'),(24, 83, 2, '2024-01-15'),(1, 83, 3, '2024-01-15'),(21, 83, 1, '2024-01-26'),(10, 83, 2, '2023-10-11'),(17, 84, 3, '2024-01-30'),(12, 84, 2, '2023-12-21'),(19, 84, 2, '2023-11-18'),
(21, 84, 2, '2024-01-15'),(23, 84, 5, '2023-06-22'),(3, 85, 1, '2023-05-22'),(6, 85, 5, '2024-01-31'),(2, 85, 1, '2023-02-17'),(20, 85, 4, '2023-07-01'),(5, 85, 5, '2023-05-01'),(11, 86, 2, '2023-07-22'),(3, 86, 5, '2023-04-22'),(25, 86, 5, '2023-03-29'),(2, 86, 5, '2023-05-24'),(10, 86, 4, '2024-02-09'),(3, 87, 1, '2023-04-18'),(10, 87, 1, '2023-03-24'),(24, 87, 4, '2023-12-18'),(5, 87, 5, '2023-08-22'),(11, 87, 4, '2023-03-16'),(18, 88, 3, '2023-09-16'),
(13, 88, 1, '2024-02-05'),(4, 88, 5, '2023-11-08'),(15, 88, 2, '2023-02-28'),(6, 88, 4, '2023-11-28'),(7, 89, 3, '2024-02-02'),(13, 89, 1, '2023-10-30'),(24, 89, 2, '2023-04-10'),(12, 89, 3, '2023-12-23'),(9, 89, 1, '2023-07-28'),(15, 90, 5, '2023-04-25'),(19, 90, 1, '2023-04-25'),(25, 90, 4, '2024-01-18'),(2, 90, 3, '2023-05-20'),(5, 90, 2, '2023-07-17'),(5, 91, 3, '2023-09-08'),(12, 91, 2, '2023-06-21'),(18, 91, 2, '2023-11-23'),(2, 91, 2, '2023-03-31'),
(16, 91, 2, '2023-06-12'),(4, 92, 4, '2023-11-20'),(23, 92, 1, '2024-02-04'),(22, 92, 2, '2024-02-01'),(21, 92, 5, '2023-11-03'),(8, 92, 3, '2023-03-04'),(3, 93, 1, '2023-06-07'),(24, 93, 3, '2023-07-28'),(5, 93, 2, '2023-11-12'),(7, 93, 4, '2023-05-23'),(18, 93, 4, '2023-03-16'),(24, 94, 4, '2023-07-13'),(18, 94, 2, '2023-04-03'),(20, 94, 3, '2023-07-17'),(11, 94, 2, '2023-04-11'),(4, 94, 5, '2023-09-28'),(5, 95, 5, '2023-03-30'),(19, 95, 5, '2023-03-11'),
(25, 95, 2, '2023-08-05'),(16, 95, 2, '2023-04-22'),(10, 95, 2, '2023-11-27'),(10, 96, 5, '2023-09-21'),(6, 96, 4, '2023-02-23'),(15, 96, 5, '2023-05-13'),(18, 96, 1, '2023-09-19'),(19, 96, 2, '2023-03-20'),(2, 97, 4, '2023-08-03'),(3, 97, 2, '2024-01-26'),(11, 97, 5, '2023-05-25'),(6, 97, 2, '2024-02-04'),(12, 97, 5, '2023-11-14'),(11, 98, 2, '2023-03-26'),(5, 98, 1, '2023-12-10'),(12, 98, 4, '2023-02-17'),(24, 98, 4, '2023-07-07'),(7, 98, 2, '2023-09-09'),
(22, 99, 1, '2023-09-13'),(17, 99, 5, '2023-04-09'),(25, 99, 5, '2023-06-01'),(21, 99, 2, '2023-08-06'),(6, 99, 1, '2023-12-25'),(20, 100, 4, '2023-04-27'),(24, 100, 4, '2023-05-22'),(15, 100, 3, '2024-01-01'),(1, 100, 3, '2023-05-25'),(3, 100, 4, '2023-02-13');                       

-- Tabella Attore -> 500
INSERT INTO Attore (IdAttore, Nome, Cognome)
VALUES
(1, "Tommaso", "Pellegrini"),(2, "Tommaso", "Franchi"),(3, "Tommaso", "Rossi"),(4, "Tommaso", "Bianchi"),(5, "Tommaso", "Ricci"),(6, "Tommaso", "Esposito"),(7, "Tommaso", "Romano"),(8, "Tommaso", "Colombo"),(9, "Tommaso", "Greco"),(10, "Tommaso", "Conti"),(11, "Tommaso", "Gallo"),(12, "Tommaso", "Costa"),(13, "Tommaso", "De Luca"),(14, "Tommaso", "Mancini"),(15, "Tommaso", "Leone"),(16, "Tommaso", "Coppola"),(17, "Tommaso", "Ferrari"),(18, "Tommaso", "Marino"),
(19, "Tommaso", "Santoro"),(20, "Tommaso", "Ferrara"),(21, "Tommaso", "Rizzo"),(22, "Tommaso", "Lombardi"),(23, "Tommaso", "Moretti"),(24, "Tommaso", "Barbieri"),(25, "Tommaso", "Fontana"),(26, "Niccolo", "Pellegrini"),(27, "Niccolo", "Franchi"),(28, "Niccolo", "Rossi"),(29, "Niccolo", "Bianchi"),(30, "Niccolo", "Ricci"),(31, "Niccolo", "Esposito"),(32, "Niccolo", "Romano"),(33, "Niccolo", "Colombo"),(34, "Niccolo", "Greco"),(35, "Niccolo", "Conti"),(36, "Niccolo", "Gallo"),
(37, "Niccolo", "Costa"),(38, "Niccolo", "De Luca"),(39, "Niccolo", "Mancini"),(40, "Niccolo", "Leone"),(41, "Niccolo", "Coppola"),(42, "Niccolo", "Ferrari"),(43, "Niccolo", "Marino"),(44, "Niccolo", "Santoro"),(45, "Niccolo", "Ferrara"),(46, "Niccolo", "Rizzo"),(47, "Niccolo", "Lombardi"),(48, "Niccolo", "Moretti"),(49, "Niccolo", "Barbieri"),(50, "Niccolo", "Fontana"),(51, "Francesca", "Pellegrini"),(52, "Francesca", "Franchi"),(53, "Francesca", "Rossi"),(54, "Francesca", "Bianchi"),
(55, "Francesca", "Ricci"),(56, "Francesca", "Esposito"),(57, "Francesca", "Romano"),(58, "Francesca", "Colombo"),(59, "Francesca", "Greco"),(60, "Francesca", "Conti"),(61, "Francesca", "Gallo"),(62, "Francesca", "Costa"),(63, "Francesca", "De Luca"),(64, "Francesca", "Mancini"),(65, "Francesca", "Leone"),(66, "Francesca", "Coppola"),(67, "Francesca", "Ferrari"),(68, "Francesca", "Marino"),(69, "Francesca", "Santoro"),(70, "Francesca", "Ferrara"),(71, "Francesca", "Rizzo"),(72, "Francesca", "Lombardi"),
(73, "Francesca", "Moretti"),(74, "Francesca", "Barbieri"),(75, "Francesca", "Fontana"),(76, "Luca", "Pellegrini"),(77, "Luca", "Franchi"),(78, "Luca", "Rossi"),(79, "Luca", "Bianchi"),(80, "Luca", "Ricci"),(81, "Luca", "Esposito"),(82, "Luca", "Romano"),(83, "Luca", "Colombo"),(84, "Luca", "Greco"),(85, "Luca", "Conti"),(86, "Luca", "Gallo"),(87, "Luca", "Costa"),(88, "Luca", "De Luca"),(89, "Luca", "Mancini"),(90, "Luca", "Leone"),(91, "Luca", "Coppola"),(92, "Luca", "Ferrari"),(93, "Luca", "Marino"),
(94, "Luca", "Santoro"),(95, "Luca", "Ferrara"),(96, "Luca", "Rizzo"),(97, "Luca", "Lombardi"),(98, "Luca", "Moretti"),(99, "Luca", "Barbieri"),(100, "Luca", "Fontana"),(101, "Anna", "Pellegrini"),(102, "Anna", "Franchi"),(103, "Anna", "Rossi"),(104, "Anna", "Bianchi"),(105, "Anna", "Ricci"),(106, "Anna", "Esposito"),(107, "Anna", "Romano"),(108, "Anna", "Colombo"),(109, "Anna", "Greco"),(110, "Anna", "Conti"),(111, "Anna", "Gallo"),(112, "Anna", "Costa"),(113, "Anna", "De Luca"),(114, "Anna", "Mancini"),
(115, "Anna", "Leone"),(116, "Anna", "Coppola"),(117, "Anna", "Ferrari"),(118, "Anna", "Marino"),(119, "Anna", "Santoro"),(120, "Anna", "Ferrara"),(121, "Anna", "Rizzo"),(122, "Anna", "Lombardi"),(123, "Anna", "Moretti"),(124, "Anna", "Barbieri"),(125, "Anna", "Fontana"),(126, "Davide", "Pellegrini"),(127, "Davide", "Franchi"),(128, "Davide", "Rossi"),(129, "Davide", "Bianchi"),(130, "Davide", "Ricci"),(131, "Davide", "Esposito"),(132, "Davide", "Romano"),(133, "Davide", "Colombo"),(134, "Davide", "Greco"),
(135, "Davide", "Conti"),(136, "Davide", "Gallo"),(137, "Davide", "Costa"),(138, "Davide", "De Luca"),(139, "Davide", "Mancini"),(140, "Davide", "Leone"),(141, "Davide", "Coppola"),(142, "Davide", "Ferrari"),(143, "Davide", "Marino"),(144, "Davide", "Santoro"),(145, "Davide", "Ferrara"),(146, "Davide", "Rizzo"),(147, "Davide", "Lombardi"),(148, "Davide", "Moretti"),(149, "Davide", "Barbieri"),(150, "Davide", "Fontana"),(151, "Giulia", "Pellegrini"),(152, "Giulia", "Franchi"),(153, "Giulia", "Rossi"),
(154, "Giulia", "Bianchi"),(155, "Giulia", "Ricci"),(156, "Giulia", "Esposito"),(157, "Giulia", "Romano"),(158, "Giulia", "Colombo"),(159, "Giulia", "Greco"),(160, "Giulia", "Conti"),(161, "Giulia", "Gallo"),(162, "Giulia", "Costa"),(163, "Giulia", "De Luca"),(164, "Giulia", "Mancini"),(165, "Giulia", "Leone"),(166, "Giulia", "Coppola"),(167, "Giulia", "Ferrari"),(168, "Giulia", "Marino"),(169, "Giulia", "Santoro"),(170, "Giulia", "Ferrara"),(171, "Giulia", "Rizzo"),(172, "Giulia", "Lombardi"),(173, "Giulia", "Moretti"),
(174, "Giulia", "Barbieri"),(175, "Giulia", "Fontana"),(176, "Matteo", "Pellegrini"),(177, "Matteo", "Franchi"),(178, "Matteo", "Rossi"),(179, "Matteo", "Bianchi"),(180, "Matteo", "Ricci"),(181, "Matteo", "Esposito"),(182, "Matteo", "Romano"),(183, "Matteo", "Colombo"),(184, "Matteo", "Greco"),(185, "Matteo", "Conti"),(186, "Matteo", "Gallo"),(187, "Matteo", "Costa"),(188, "Matteo", "De Luca"),(189, "Matteo", "Mancini"),(190, "Matteo", "Leone"),(191, "Matteo", "Coppola"),(192, "Matteo", "Ferrari"),(193, "Matteo", "Marino"),
(194, "Matteo", "Santoro"),(195, "Matteo", "Ferrara"),(196, "Matteo", "Rizzo"),(197, "Matteo", "Lombardi"),(198, "Matteo", "Moretti"),(199, "Matteo", "Barbieri"),(200, "Matteo", "Fontana"),(201, "Laura", "Pellegrini"),(202, "Laura", "Franchi"),(203, "Laura", "Rossi"),(204, "Laura", "Bianchi"),(205, "Laura", "Ricci"),(206, "Laura", "Esposito"),(207, "Laura", "Romano"),(208, "Laura", "Colombo"),(209, "Laura", "Greco"),(210, "Laura", "Conti"),(211, "Laura", "Gallo"),(212, "Laura", "Costa"),(213, "Laura", "De Luca"),
(214, "Laura", "Mancini"),(215, "Laura", "Leone"),(216, "Laura", "Coppola"),(217, "Laura", "Ferrari"),(218, "Laura", "Marino"),(219, "Laura", "Santoro"),(220, "Laura", "Ferrara"),(221, "Laura", "Rizzo"),(222, "Laura", "Lombardi"),(223, "Laura", "Moretti"),(224, "Laura", "Barbieri"),(225, "Laura", "Fontana"),(226, "Simone", "Pellegrini"),(227, "Simone", "Franchi"),(228, "Simone", "Rossi"),(229, "Simone", "Bianchi"),(230, "Simone", "Ricci"),(231, "Simone", "Esposito"),(232, "Simone", "Romano"),(233, "Simone", "Colombo"),
(234, "Simone", "Greco"),(235, "Simone", "Conti"),(236, "Simone", "Gallo"),(237, "Simone", "Costa"),(238, "Simone", "De Luca"),(239, "Simone", "Mancini"),(240, "Simone", "Leone"),(241, "Simone", "Coppola"),(242, "Simone", "Ferrari"),(243, "Simone", "Marino"),(244, "Simone", "Santoro"),(245, "Simone", "Ferrara"),(246, "Simone", "Rizzo"),(247, "Simone", "Lombardi"),(248, "Simone", "Moretti"),(249, "Simone", "Barbieri"),(250, "Simone", "Fontana"),(251, "Sara", "Pellegrini"),(252, "Sara", "Franchi"),(253, "Sara", "Rossi"),
(254, "Sara", "Bianchi"),(255, "Sara", "Ricci"),(256, "Sara", "Esposito"),(257, "Sara", "Romano"),(258, "Sara", "Colombo"),(259, "Sara", "Greco"),(260, "Sara", "Conti"),(261, "Sara", "Gallo"),(262, "Sara", "Costa"),(263, "Sara", "De Luca"),(264, "Sara", "Mancini"),(265, "Sara", "Leone"),(266, "Sara", "Coppola"),(267, "Sara", "Ferrari"),(268, "Sara", "Marino"),(269, "Sara", "Santoro"),(270, "Sara", "Ferrara"),(271, "Sara", "Rizzo"),(272, "Sara", "Lombardi"),(273, "Sara", "Moretti"),(274, "Sara", "Barbieri"),(275, "Sara", "Fontana"),
(276, "Andrea", "Pellegrini"),(277, "Andrea", "Franchi"),(278, "Andrea", "Rossi"),(279, "Andrea", "Bianchi"),(280, "Andrea", "Ricci"),(281, "Andrea", "Esposito"),(282, "Andrea", "Romano"),(283, "Andrea", "Colombo"),(284, "Andrea", "Greco"),(285, "Andrea", "Conti"),(286, "Andrea", "Gallo"),(287, "Andrea", "Costa"),(288, "Andrea", "De Luca"),(289, "Andrea", "Mancini"),(290, "Andrea", "Leone"),(291, "Andrea", "Coppola"),(292, "Andrea", "Ferrari"),(293, "Andrea", "Marino"),(294, "Andrea", "Santoro"),(295, "Andrea", "Ferrara"),
(296, "Andrea", "Rizzo"),(297, "Andrea", "Lombardi"),(298, "Andrea", "Moretti"),(299, "Andrea", "Barbieri"),(300, "Andrea", "Fontana"),(301, "Elisa", "Pellegrini"),(302, "Elisa", "Franchi"),(303, "Elisa", "Rossi"),(304, "Elisa", "Bianchi"),(305, "Elisa", "Ricci"),(306, "Elisa", "Esposito"),(307, "Elisa", "Romano"),(308, "Elisa", "Colombo"),(309, "Elisa", "Greco"),(310, "Elisa", "Conti"),(311, "Elisa", "Gallo"),(312, "Elisa", "Costa"),(313, "Elisa", "De Luca"),(314, "Elisa", "Mancini"),(315, "Elisa", "Leone"),(316, "Elisa", "Coppola"),
(317, "Elisa", "Ferrari"),(318, "Elisa", "Marino"),(319, "Elisa", "Santoro"),(320, "Elisa", "Ferrara"),(321, "Elisa", "Rizzo"),(322, "Elisa", "Lombardi"),(323, "Elisa", "Moretti"),(324, "Elisa", "Barbieri"),(325, "Elisa", "Fontana"),(326, "Alessandro", "Pellegrini"),(327, "Alessandro", "Franchi"),(328, "Alessandro", "Rossi"),(329, "Alessandro", "Bianchi"),(330, "Alessandro", "Ricci"),(331, "Alessandro", "Esposito"),(332, "Alessandro", "Romano"),(333, "Alessandro", "Colombo"),(334, "Alessandro", "Greco"),(335, "Alessandro", "Conti"),
(336, "Alessandro", "Gallo"),(337, "Alessandro", "Costa"),(338, "Alessandro", "De Luca"),(339, "Alessandro", "Mancini"),(340, "Alessandro", "Leone"),(341, "Alessandro", "Coppola"),(342, "Alessandro", "Ferrari"),(343, "Alessandro", "Marino"),(344, "Alessandro", "Santoro"),(345, "Alessandro", "Ferrara"),(346, "Alessandro", "Rizzo"),(347, "Alessandro", "Lombardi"),(348, "Alessandro", "Moretti"),(349, "Alessandro", "Barbieri"),(350, "Alessandro", "Fontana"),(351, "Martina", "Pellegrini"),(352, "Martina", "Franchi"),
(353, "Martina", "Rossi"),(354, "Martina", "Bianchi"),(355, "Martina", "Ricci"),(356, "Martina", "Esposito"),(357, "Martina", "Romano"),(358, "Martina", "Colombo"),(359, "Martina", "Greco"),(360, "Martina", "Conti"),(361, "Martina", "Gallo"),(362, "Martina", "Costa"),(363, "Martina", "De Luca"),(364, "Martina", "Mancini"),(365, "Martina", "Leone"),(366, "Martina", "Coppola"),(367, "Martina", "Ferrari"),(368, "Martina", "Marino"),(369, "Martina", "Santoro"),(370, "Martina", "Ferrara"),(371, "Martina", "Rizzo"),(372, "Martina", "Lombardi"),(373, "Martina", "Moretti"),(374, "Martina", "Barbieri"),(375, "Martina", "Fontana"),(376, "Giovanni", "Pellegrini"),(377, "Giovanni", "Franchi"),(378, "Giovanni", "Rossi"),(379, "Giovanni", "Bianchi"),
(380, "Giovanni", "Ricci"),(381, "Giovanni", "Esposito"),(382, "Giovanni", "Romano"),(383, "Giovanni", "Colombo"),(384, "Giovanni", "Greco"),(385, "Giovanni", "Conti"),(386, "Giovanni", "Gallo"),(387, "Giovanni", "Costa"),(388, "Giovanni", "De Luca"),(389, "Giovanni", "Mancini"),(390, "Giovanni", "Leone"),(391, "Giovanni", "Coppola"),(392, "Giovanni", "Ferrari"),(393, "Giovanni", "Marino"),(394, "Giovanni", "Santoro"),(395, "Giovanni", "Ferrara"),(396, "Giovanni", "Rizzo"),
(397, "Giovanni", "Lombardi"),(398, "Giovanni", "Moretti"),(399, "Giovanni", "Barbieri"),(400, "Giovanni", "Fontana"),(401, "Elena", "Pellegrini"),(402, "Elena", "Franchi"),(403, "Elena", "Rossi"),(404, "Elena", "Bianchi"),(405, "Elena", "Ricci"),(406, "Elena", "Esposito"),(407, "Elena", "Romano"),(408, "Elena", "Colombo"),(409, "Elena", "Greco"),(410, "Elena", "Conti"),(411, "Elena", "Gallo"),(412, "Elena", "Costa"),(413, "Elena", "De Luca"),(414, "Elena", "Mancini"),(415, "Elena", "Leone"),(416, "Elena", "Coppola"),(417, "Elena", "Ferrari"),(418, "Elena", "Marino"),(419, "Elena", "Santoro"),(420, "Elena", "Ferrara"),(421, "Elena", "Rizzo"),(422, "Elena", "Lombardi"),(423, "Elena", "Moretti"),(424, "Elena", "Barbieri"),(425, "Elena", "Fontana"),(426, "Nicola", "Pellegrini"),(427, "Nicola", "Franchi"),(428, "Nicola", "Rossi"),(429, "Nicola", "Bianchi"),(430, "Nicola", "Ricci"),(431, "Nicola", "Esposito"),(432, "Nicola", "Romano"),(433, "Nicola", "Colombo"),(434, "Nicola", "Greco"),(435, "Nicola", "Conti"),(436, "Nicola", "Gallo"),(437, "Nicola", "Costa"),
(438, "Nicola", "De Luca"),(439, "Nicola", "Mancini"),(440, "Nicola", "Leone"),(441, "Nicola", "Coppola"),(442, "Nicola", "Ferrari"),(443, "Nicola", "Marino"),(444, "Nicola", "Santoro"),(445, "Nicola", "Ferrara"),(446, "Nicola", "Rizzo"),(447, "Nicola", "Lombardi"),(448, "Nicola", "Moretti"),(449, "Nicola", "Barbieri"),(450, "Nicola", "Fontana"),(451, "Federica", "Pellegrini"),(452, "Federica", "Franchi"),(453, "Federica", "Rossi"),(454, "Federica", "Bianchi"),
(455, "Federica", "Ricci"),(456, "Federica", "Esposito"),(457, "Federica", "Romano"),(458, "Federica", "Colombo"),(459, "Federica", "Greco"),(460, "Federica", "Conti"),(461, "Federica", "Gallo"),(462, "Federica", "Costa"),(463, "Federica", "De Luca"),(464, "Federica", "Mancini"),(465, "Federica", "Leone"),(466, "Federica", "Coppola"),(467, "Federica", "Ferrari"),(468, "Federica", "Marino"),(469, "Federica", "Santoro"),(470, "Federica", "Ferrara"),(471, "Federica", "Rizzo"),
(472, "Federica", "Lombardi"),(473, "Federica", "Moretti"),(474, "Federica", "Barbieri"),(475, "Federica", "Fontana"),(476, "Filippo", "Pellegrini"),(477, "Filippo", "Franchi"),(478, "Filippo", "Rossi"),(479, "Filippo", "Bianchi"),(480, "Filippo", "Ricci"),(481, "Filippo", "Esposito"),(482, "Filippo", "Romano"),(483, "Filippo", "Colombo"),(484, "Filippo", "Greco"),(485, "Filippo", "Conti"),(486, "Filippo", "Gallo"),(487, "Filippo", "Costa"),(488, "Filippo", "De Luca"),
(489, "Filippo", "Mancini"),(490, "Filippo", "Leone"),(491, "Filippo", "Coppola"),(492, "Filippo", "Ferrari"),(493, "Filippo", "Marino"),(494, "Filippo", "Santoro"),(495, "Filippo", "Ferrara"),(496, "Filippo", "Rizzo"),(497, "Filippo", "Lombardi"),(498, "Filippo", "Moretti"),(499, "Filippo", "Barbieri"),(500, "Filippo", "Fontana");

-- Tabella Interpretazione --> 400: ogni film ha 4 attori in media invece che 12
INSERT INTO Interpretazione(Film_IdFilm, Attore_IdAttore)
VALUES
(1, 493),(1, 282),(1, 460),(1, 471),(2, 454),(2, 336),(2, 328),(2, 110),(3, 27),(3, 171),(3, 14),(3, 272),(4, 169),(4, 455),(4, 212),(4, 35),(5, 353),(5, 173),(5, 149),(5, 324),(6, 339),(6, 388),(6, 47),(6, 483),(7, 414),(7, 42),(7, 321),(7, 13),(8, 402),(8, 208),(8, 420),(8, 96),(9, 52),(9, 369),(9, 271),(9, 176),(10, 85),(10, 118),(10, 95),(10, 134),(11, 10),(11, 231),(11, 280),(11, 183),(12, 399),(12, 230),(12, 115),(12, 140),(13, 430),(13, 118),(13, 352),
(13, 230),(14, 316),(14, 361),(14, 128),(14, 34),(15, 396),(15, 394),(15, 227),(15, 39),(16, 237),(16, 445),(16, 463),(16, 47),(17, 188),(17, 414),(17, 230),(17, 82),(18, 81),(18, 431),(18, 8),(18, 438),(19, 280),(19, 78),(19, 180),(19, 336),(20, 128),(20, 27),(20, 241),(20, 309),(21, 104),(21, 412),(21, 190),(21, 179),(22, 218),(22, 373),(22, 421),(22, 355),(23, 59),(23, 139),(23, 449),(23, 345),(24, 197),(24, 100),(24, 232),(24, 290),(25, 223),(25, 343),(25, 268),(25, 165),(26, 54),(26, 252),(26, 5),
(26, 320),(27, 146),(27, 70),(27, 283),(27, 323),(28, 297),(28, 303),(28, 319),(28, 353),(29, 193),(29, 368),(29, 210),(29, 28),(30, 291),(30, 28),(30, 438),(30, 326),(31, 307),(31, 474),(31, 332),(31, 113),(32, 23),(32, 192),(32, 140),(32, 181),(33, 147),(33, 111),(33, 109),(33, 440),(34, 447),(34, 468),(34, 252),(34, 167),(35, 350),(35, 195),(35, 76),(35, 10),(36, 194),(36, 160),(36, 86),(36, 157),(37, 41),(37, 98),(37, 350),(37, 376),(38, 225),(38, 127),
(38, 119),(38, 96),(39, 139),(39, 336),(39, 131),(39, 74),(40, 44),(40, 101),(40, 389),(40, 130),(41, 256),(41, 422),(41, 282),(41, 473),(42, 483),(42, 345),(42, 141),(42, 30),(43, 82),(43, 420),(43, 140),(43, 134),(44, 219),(44, 164),(44, 307),(44, 250),(45, 100),(45, 26),(45, 326),(45, 441),(46, 268),(46, 16),(46, 8),(46, 289),(47, 335),(47, 37),(47, 131),(47, 258),(48, 497),(48, 104),(48, 209),(48, 375),(49, 172),(49, 269),(49, 151),(49, 324),(50, 476),
(50, 435),(50, 132),(50, 167),(51, 63),(51, 499),(51, 213),(51, 143),(52, 295),(52, 32),(52, 235),(52, 315),(53, 39),(53, 83),(53, 95),(53, 324),(54, 177),(54, 56),(54, 79),(54, 98),(55, 165),(55, 125),(55, 206),(55, 371),(56, 188),(56, 173),(56, 68),(56, 101),(57, 147),(57, 466),(57, 251),(57, 256),(58, 197),(58, 137),(58, 434),(58, 99),(59, 481),(59, 313),(59, 199),(59, 440),(60, 390),(60, 50),(60, 246),(60, 385),(61, 12),(61, 270),(61, 405),(61, 99),(62, 160),
(62, 473),(62, 386),(62, 458),(63, 377),(63, 216),(63, 47),(63, 94),(64, 248),(64, 381),(64, 222),(64, 137),(65, 232),(65, 83),(65, 209),(65, 433),(66, 193),(66, 79),(66, 171),(66, 128),(67, 297),(67, 58),(67, 6),(67, 406),(68, 158),(68, 453),(68, 185),(68, 265),(69, 123),(69, 10),(69, 480),(69, 420),(70, 253),(70, 450),(70, 96),(70, 372),(71, 18),(71, 252),(71, 300),(71, 429),(72, 296),(72, 35),(72, 265),(72, 238),(73, 295),(73, 83),(73, 44),(73, 23),(74, 83),(74, 66),(74, 223),(74, 475),(75, 104),(75, 111),(75, 459),
(75, 164),(76, 376),(76, 198),(76, 120),(76, 259),(77, 245),(77, 191),(77, 315),(77, 231),(78, 265),(78, 73),(78, 319),(78, 264),(79, 420),(79, 460),(79, 167),(79, 323),(80, 156),(80, 136),(80, 487),(80, 260),(81, 284),(81, 254),(81, 33),(81, 275),(82, 94),(82, 149),(82, 267),(82, 404),(83, 294),(83, 474),(83, 29),(83, 38),(84, 213),(84, 445),(84, 90),(84, 382),(85, 471),(85, 11),(85, 30),(85, 318),(86, 402),(86, 90),(86, 54),(86, 280),(87, 461),(87, 216),
(87, 130),(87, 497),(88, 375),(88, 442),(88, 396),(88, 121),(89, 112),(89, 302),(89, 319),(89, 233),(90, 177),(90, 92),(90, 19),(90, 87),(91, 226),(91, 299),(91, 375),(91, 423),(92, 108),(92, 201),(92, 379),(92, 61),(93, 56),(93, 465),(93, 21),(93, 330),(94, 107),(94, 404),(94, 336),(94, 61),(95, 118),(95, 260),(95, 115),(95, 280),(96, 435),(96, 326),(96, 164),(96, 486),(97, 294),(97, 56),(97, 9),(97, 491),
(98, 18),(98, 377),(98, 484),(98, 66),(99, 143),(99, 417),(99, 201),(99, 21),(100, 461),(100, 67),(100, 484),(100, 191);

-- Tabella PremiazioneFilm --> 70 = 0.7*100 attori
INSERT INTO PremiazioneFilm(Film_IdFilm, PremioFilm_Codice, Anno)
VALUES
(2,27,'2021'),(3,2,'2013'),(4,33,'2015'),(5,16,'2018'),(6,23,'2022'),(7,19,'2015'),(8,1,'2012'),(9,20,'2022'),(10,39,'2021'),(12,38,'2011'),(16,4,'2017'),(17,35,'2020'),(18,5,'2015'),(19,35,'2012'),(20,30,'2010'),(22,10,'2015'),(25,12,'2022'),(27,4,'2021'),(28,19,'2021'),(29,15,'2012'),(30,3,'2012'),(31,23,'2015'),(33,13,'2010'),(34,5,'2022'),(35,38,'2023'),(37,13,'2021'),(38,5,'2017'),(39,1,'2018'),(40,6,'2010'),(41,18,'2019'),(42,15,'2021'),(43,9,'2022'),(45,4,'2015'),(50,34,'2011'),(53,5,'2019'),(54,16,'2012'),(55,4,'2016'),(57,10,'2013'),
(58,22,'2014'),(59,7,'2019'),(60,17,'2010'),(62,7,'2020'),(63,1,'2014'),(64,37,'2023'),(65,40,'2018'),(67,18,'2016'),(68,37,'2013'),(69,11,'2023'),(70,41,'2022'),(71,9,'2011'),(72,41,'2018'),(73,30,'2014'),(74,2,'2017'),(75,15,'2016'),(77,17,'2012'),(78,30,'2016'),(79,12,'2012'),(80,35,'2021'),(81,23,'2017'),(82,38,'2020'),(83,33,'2014'),(84,2,'2023'),(87,24,'2022'),(89,20,'2019'),(90,21,'2020'),(91,4,'2014'),(92,13,'2011'),(95,11,'2014'),(96,13,'2012'),(97,25,'2020'),(98,2,'2014'),(99,3,'2023'),(100,27,'2011');

-- Tabella PremiazioneAttore --> 100 = 0.2 * 500 film
INSERT INTO PremiazioneAttore(Attore_IdAttore, PremioAttore_Codice, Anno)
VALUES 
(7,17,'2016'),(10,16,'2022'),(17,24,'2022'),(18,21,'2019'),(19,19,'2019'),(24,15,'2015'),(28,1,'2014'),(30,8,'2018'),(33,2,'2021'),(39,10,'2022'),(42,21,'2011'),(43,8,'2021'),(44,23,'2017'),(49,18,'2010'),(55,5,'2018'),(58,12,'2016'),(59,17,'2015'),(61,6,'2014'),(68,3,'2015'),(70,16,'2011'),(75,3,'2010'),(76,25,'2019'),(85,20,'2019'),(91,10,'2023'),(106,21,'2014'),(107,13,'2016'),(117,10,'2018'),(119,25,'2019'),(123,21,'2014'),(146,19,'2011'),(167,14,'2016'),(170,4,'2012'),(180,8,'2019'),(186,18,'2010'),(193,8,'2020'),(197,5,'2016'),(202,22,'2017'),
(206,18,'2022'),(207,12,'2022'),(210,4,'2018'),(221,8,'2021'),(227,9,'2018'),(243,12,'2011'),(250,23,'2018'),(251,3,'2011'),(273,8,'2017'),(276,17,'2016'),(279,23,'2011'),(280,5,'2013'),(282,4,'2016'),(293,24,'2015'),(298,12,'2013'),(299,9,'2013'),(300,22,'2020'),(306,19,'2016'),(312,11,'2012'),(319,6,'2013'),(321,4,'2012'),(322,9,'2011'),(325,5,'2014'),(327,1,'2018'),(329,18,'2022'),(332,16,'2013'),(344,2,'2019'),(346,20,'2017'),(347,24,'2012'),(350,24,'2019'),(352,5,'2013'),(354,20,'2011'),(357,18,'2018'),(358,16,'2020'),(361,21,'2023'),(362,9,'2021'),
(370,13,'2010'),(372,12,'2011'),(377,11,'2013'),(378,19,'2020'),(391,18,'2012'),(399,7,'2022'),(400,16,'2021'),(409,25,'2016'),(414,13,'2016'),(418,11,'2011'),(422,24,'2021'),(429,10,'2010'),(431,9,'2019'),(451,11,'2022'),(454,16,'2015'),(458,17,'2021'),(468,7,'2013'),(469,22,'2018'),(471,7,'2015'),(474,10,'2023'),(482,8,'2015'),(483,9,'2019'),(484,25,'2023'),(489,18,'2019'),(498,23,'2017'),(499,13,'2022');

-- Tabella PremiazioneRegista --> 10 = 0.4 * 25 registi
INSERT INTO PremiazioneRegista(Regista_IdRegista, PremioRegista_Codice, Anno)
VALUES 
(1,7,'2011'),(3,6,'2012'),(4,1,'2020'),(5,1,'2017'),(10,9,'2017'),(12,5,'2015'),(13,7,'2020'),(14,1,'2012'),(16,5,'2021'),(17,4,'2017');

-- Tabella FormatoVideo, date fittizie -> 10
INSERT INTO FormatoVideo (Codice, Qualita, BitRate, Risoluzione, RapportoDAspetto, DataRilascio)
VALUES 
(1, 'HD', 8000, '1920x1080', '16:9', '1971-01-01'),
(2, '4K', 16000, '3840x2160', '16:9', '1974-01-02'),
(3, 'Full HD', 12000, '1920x1080', '16:9', '1972-01-03'),
(4, '360p', 2000, '640x360', '16:9', '1973-01-04'),
(5, 'SD', 4000, '720x480', '4:3', '1971-01-05'),
(6, '8K', 24000, '7680x4320', '256:135', '1972-01-06'),
(7, 'Ultra HD', 32000, '7680x4320', '16:9', '1972-01-07'),
(8, 'QHD', 10000, '2560x1440', '16:9', '1971-01-08'),
(9, '720p', 3200, '1280x720', '16:9', '1970-01-09'),
(10, '480p', 1000, '640x480', '4:3', '1970-01-10');

-- Tabella FormatoAudio, date fittizie -> 5
INSERT INTO FormatoAudio (Codice, Qualita, BitRate, DataRilascio)
VALUES 
(1, 'MP3', 128, '1975-01-01'),
(2, 'AAC', 256, '1976-01-02'),
(3, 'FLAC', 1411, '1974-01-03'),
(4, 'WAV', 1411, '1973-01-04'),
(5, 'OGG', 192, '1971-01-05');

-- Tabella Versione 500
INSERT INTO Versione (Anno, Dimensione, FormatoVideo_Codice, FormatoAudio_Codice, CodiceVersione, Film_IdFilm)
VALUES
(1981, 2, 3, 1, 1, 1),(1975, 5, 9, 5, 2, 1),(2017, 5, 4, 5, 3, 1),(2015, 2, 10, 1, 4, 1),(2021, 2, 3, 1, 5, 1),(1998, 1, 9, 2, 6, 2),(2001, 1, 9, 4, 7, 2),(2011, 5, 2, 5, 8, 2),(2006, 5, 7, 2, 9, 2),(2001, 4, 10, 5, 10, 2),(1995, 3, 5, 1, 11, 3),(2017, 5, 6, 1, 12, 3),(2004, 2, 9, 5, 13, 3),(1998, 4, 8, 3, 14, 3),(2001, 1, 4, 1, 15, 3),(1999, 5, 2, 1, 16, 4),(2016, 2, 5, 1, 17, 4),(2007, 2, 2, 1, 18, 4),(1994, 4, 10, 3, 19, 4),(2021, 5, 4, 1, 20, 4),(2013, 3, 5, 2, 21, 5),(2021, 1, 3, 2, 22, 5),(2005, 1, 2, 2, 23, 5),(2010, 1, 7, 5, 24, 5),
(2007, 1, 2, 2, 25, 5),(2013, 1, 4, 1, 26, 6),(2016, 3, 10, 1, 27, 6),(2014, 1, 6, 3, 28, 6),(2009, 1, 7, 4, 29, 6),(2014, 1, 2, 3, 30, 6),(2012, 2, 7, 4, 31, 7),(2023, 3, 4, 5, 32, 7),(2018, 3, 5, 3, 33, 7),(2022, 3, 1, 3, 34, 7),(2021, 2, 6, 3, 35, 7),(2020, 3, 4, 5, 36, 8),(2010, 4, 8, 5, 37, 8),(2003, 4, 3, 5, 38, 8),(1986, 1, 3, 2, 39, 8),(1991, 4, 10, 4, 40, 8),(2010, 4, 4, 4, 41, 9),(2001, 3, 2, 1, 42, 9),(2020, 5, 3, 5, 43, 9),(2002, 2, 3, 3, 44, 9),(2009, 4, 7, 2, 45, 9),(2022, 2, 5, 2, 46, 10),(2006, 2, 7, 2, 47, 10),(2006, 2, 10, 4, 48, 10),
(2022, 5, 6, 5, 49, 10),(2011, 3, 5, 3, 50, 10),(2010, 5, 3, 3, 51, 11),(1997, 4, 6, 4, 52, 11),(2021, 2, 5, 3, 53, 11),(2023, 4, 8, 2, 54, 11),(2009, 3, 10, 3, 55, 11),(2007, 3, 4, 2, 56, 12),(2017, 4, 9, 5, 57, 12),(2023, 2, 6, 3, 58, 12),(2006, 3, 5, 1, 59, 12),(2018, 3, 5, 5, 60, 12),(2019, 2, 9, 2, 61, 13),(2017, 5, 4, 4, 62, 13),(2007, 4, 9, 2, 63, 13),(2014, 1, 10, 2, 64, 13),(2011, 4, 4, 1, 65, 13),(1994, 3, 2, 4, 66, 14),(2016, 2, 8, 1, 67, 14),(1995, 2, 3, 5, 68, 14),(2002, 4, 4, 5, 69, 14),(1999, 3, 7, 2, 70, 14),(2017, 1, 3, 5, 71, 15),(2008, 2, 6, 5, 72, 15),
(2009, 5, 10, 1, 73, 15),(2021, 3, 7, 4, 74, 15),(2014, 1, 6, 2, 75, 15),(2009, 2, 7, 5, 76, 16),(2016, 5, 4, 4, 77, 16),(1998, 3, 5, 4, 78, 16),(1999, 2, 1, 5, 79, 16),(2018, 4, 8, 3, 80, 16),(2011, 1, 8, 5, 81, 17),(2003, 2, 4, 1, 82, 17),(2012, 3, 5, 3, 83, 17),(2005, 3, 8, 5, 84, 17),(2023, 3, 4, 4, 85, 17),(2016, 5, 9, 4, 86, 18),(2020, 5, 2, 5, 87, 18),(2016, 5, 3, 2, 88, 18),(2018, 4, 5, 3, 89, 18),(2020, 3, 10, 1, 90, 18),(2009, 2, 3, 3, 91, 19),(2016, 1, 3, 4, 92, 19),(2002, 3, 8, 2, 93, 19),(2009, 5, 9, 2, 94, 19),(2022, 2, 4, 4, 95, 19),(2003, 1, 5, 4, 96, 20),
(2008, 1, 3, 1, 97, 20),(2003, 2, 1, 2, 98, 20),(2018, 1, 4, 1, 99, 20),(2007, 2, 1, 2, 100, 20),(2004, 1, 3, 4, 101, 21),(2016, 3, 10, 4, 102, 21),(1983, 4, 5, 2, 103, 21),(1985, 5, 3, 3, 104, 21),(2019, 2, 9, 5, 105, 21),(2021, 3, 6, 1, 106, 22),(2018, 1, 10, 4, 107, 22),(2021, 4, 5, 1, 108, 22),(2016, 2, 2, 5, 109, 22),(2018, 3, 9, 3, 110, 22),(1968, 2, 6, 5, 111, 23),(1988, 1, 5, 5, 112, 23),(2022, 2, 5, 3, 113, 23),(2015, 1, 8, 2, 114, 23),(2022, 1, 7, 3, 115, 23),(1999, 5, 2, 3, 116, 24),(2021, 2, 9, 2, 117, 24),(1991, 5, 4, 1, 118, 24),(2012, 1, 10, 2, 119, 24),(2002, 2, 8, 3, 120, 24),(2016, 3, 1, 4, 121, 25),(2021, 4, 6, 1, 122, 25),(2021, 3, 1, 4, 123, 25),(1994, 2, 2, 1, 124, 25),(1996, 4, 6, 2, 125, 25),(1979, 3, 6, 3, 126, 26),(1988, 3, 10, 3, 127, 26),(1992, 5, 3, 2, 128, 26),
(2014, 4, 5, 2, 129, 26),(1995, 1, 1, 4, 130, 26),(1990, 2, 4, 3, 131, 27),(2015, 3, 10, 4, 132, 27),(2010, 4, 5, 2, 133, 27),(2010, 3, 4, 1, 134, 27),(2013, 2, 7, 1, 135, 27),(2006, 1, 5, 4, 136, 28),(2004, 3, 3, 1, 137, 28),(2009, 2, 6, 3, 138, 28),(2017, 1, 1, 2, 139, 28),(2003, 5, 10, 1, 140, 28),(2008, 1, 4, 3, 141, 29),(1975, 3, 2, 4, 142, 29),(1962, 2, 5, 3, 143, 29),(2002, 4, 7, 3, 144, 29),(1989, 1, 4, 3, 145, 29),(2008, 3, 10, 2, 146, 30),(2021, 5, 2, 3, 147, 30),(2004, 1, 3, 1, 148, 30),(2004, 4, 10, 2, 149, 30),(2010, 2, 7, 1, 150, 30),(2019, 4, 6, 1, 151, 31),
(2011, 2, 5, 3, 152, 31),(2011, 5, 9, 4, 153, 31),(2000, 2, 8, 3, 154, 31),(2017, 3, 1, 1, 155, 31),(2011, 1, 9, 3, 156, 32),(2011, 2, 5, 2, 157, 32),(2007, 4, 10, 4, 158, 32),(2007, 4, 5, 5, 159, 32),(2006, 1, 7, 1, 160, 32),(1995, 1, 3, 5, 161, 33),(2000, 3, 2, 2, 162, 33),(1976, 4, 7, 5, 163, 33),(1989, 2, 7, 1, 164, 33),(2020, 4, 8, 2, 165, 33),(1969, 5, 7, 1, 166, 34),(1986, 4, 6, 3, 167, 34),(1967, 5, 2, 3, 168, 34),(2014, 1, 6, 4, 169, 34),(1970, 4, 3, 5, 170, 34),(2020, 5, 9, 2, 171, 35),(2009, 3, 3, 3, 172, 35),(2008, 3, 2, 5, 173, 35),(2006, 3, 4, 4, 174, 35),
(2021, 1, 8, 4, 175, 35),(2007, 4, 3, 3, 176, 36),(2009, 4, 3, 2, 177, 36),(2010, 3, 3, 4, 178, 36),(2011, 1, 3, 5, 179, 36),(2007, 3, 4, 5, 180, 36),(2021, 1, 4, 1, 181, 37),(2016, 1, 2, 3, 182, 37),(2007, 1, 10, 5, 183, 37),(2022, 1, 4, 4, 184, 37),(2005, 5, 1, 4, 185, 37),(2011, 1, 3, 2, 186, 38),(2020, 3, 2, 5, 187, 38),(2021, 3, 6, 4, 188, 38),(2021, 1, 2, 4, 189, 38),(2014, 3, 5, 5, 190, 38),(1985, 5, 5, 1, 191, 39),(2012, 3, 2, 4, 192, 39),(2008, 2, 4, 3, 193, 39),(1998, 3, 8, 2, 194, 39),(2004, 3, 6, 5, 195, 39),(2013, 2, 6, 4, 196, 40),(2009, 5, 5, 2, 197, 40),
(2022, 2, 7, 4, 198, 40),(2019, 4, 8, 5, 199, 40),(2014, 3, 9, 2, 200, 40),(2017, 5, 7, 4, 201, 41),(1996, 5, 3, 4, 202, 41),(1990, 2, 1, 2, 203, 41),(1990, 5, 10, 5, 204, 41),(2000, 2, 9, 2, 205, 41),(2016, 4, 6, 1, 206, 42),(2020, 2, 3, 2, 207, 42),(2014, 1, 2, 4, 208, 42),(2022, 3, 2, 4, 209, 42),(2012, 1, 8, 4, 210, 42),(2009, 4, 1, 5, 211, 43),(2019, 1, 10, 5, 212, 43),(2003, 3, 5, 2, 213, 43),(2023, 5, 4, 5, 214, 43),(2012, 1, 10, 4, 215, 43),(2010, 3, 2, 2, 216, 44),(1977, 2, 2, 4, 217, 44),(2023, 4, 6, 5, 218, 44),(1983, 1, 5, 5, 219, 44),(1995, 3, 1, 5, 220, 44),
(2008, 4, 6, 1, 221, 45),(2018, 3, 9, 1, 222, 45),(2010, 3, 6, 4, 223, 45),(2015, 3, 2, 2, 224, 45),(2023, 4, 6, 1, 225, 45),(2022, 5, 9, 2, 226, 46),(2014, 2, 7, 3, 227, 46),(2013, 2, 6, 2, 228, 46),(2015, 3, 7, 1, 229, 46),(2017, 5, 9, 2, 230, 46),(2000, 1, 6, 1, 231, 47),(2006, 5, 10, 2, 232, 47),(2009, 2, 4, 3, 233, 47),(2013, 3, 10, 3, 234, 47),(2015, 4, 8, 5, 235, 47),(1993, 2, 2, 2, 236, 48),(1949, 5, 3, 5, 237, 48),(2006, 4, 4, 2, 238, 48),(2018, 5, 4, 4, 239, 48),(1999, 5, 5, 5, 240, 48),(2002, 1, 1, 2, 241, 49),(2003, 2, 1, 1, 242, 49),(2012, 3, 1, 2, 243, 49),
(2016, 3, 4, 2, 244, 49),(2023, 2, 5, 1, 245, 49),(2000, 4, 9, 5, 246, 50),(1996, 5, 9, 2, 247, 50),(2022, 4, 8, 5, 248, 50),(2001, 3, 5, 1, 249, 50),(2000, 3, 2, 3, 250, 50),(2023, 3, 9, 2, 251, 51),(2023, 4, 10, 4, 252, 51),(2023, 4, 7, 1, 253, 51),(2021, 5, 9, 2, 254, 51),(2016, 3, 5, 1, 255, 51),(2000, 1, 4, 2, 256, 52),(2007, 3, 2, 3, 257, 52),(2005, 3, 8, 2, 258, 52),(2005, 2, 5, 2, 259, 52),(2018, 3, 3, 5, 260, 52),(2020, 3, 7, 4, 261, 53),(2002, 1, 10, 2, 262, 53),(2017, 3, 10, 1, 263, 53),(2018, 2, 1, 1, 264, 53),(2019, 2, 9, 1, 265, 53),(2020, 1, 6, 2, 266, 54),
(2020, 4, 5, 3, 267, 54),(2021, 4, 4, 2, 268, 54),(2015, 4, 2, 3, 269, 54),(2022, 4, 2, 3, 270, 54),(2007, 5, 7, 4, 271, 55),(2011, 2, 4, 3, 272, 55),(2021, 4, 4, 1, 273, 55),(2015, 4, 6, 3, 274, 55),(2017, 3, 4, 3, 275, 55),(2012, 3, 9, 2, 276, 56),(2009, 5, 4, 2, 277, 56),(2008, 1, 1, 2, 278, 56),(2002, 2, 6, 5, 279, 56),(2015, 4, 3, 5, 280, 56),(1989, 1, 7, 1, 281, 57),(1990, 2, 4, 1, 282, 57),(2018, 2, 1, 1, 283, 57),(2021, 3, 1, 2, 284, 57),(2023, 1, 8, 1, 285, 57),(2014, 5, 10, 5, 286, 58),(2004, 4, 2, 2, 287, 58),(2006, 2, 10, 3, 288, 58),(2013, 2, 1, 2, 289, 58),
(2016, 1, 2, 4, 290, 58),(2009, 5, 9, 4, 291, 59),(2016, 2, 4, 2, 292, 59),(2005, 3, 3, 3, 293, 59),(2023, 1, 1, 4, 294, 59),(2007, 5, 9, 2, 295, 59),(2022, 4, 5, 5, 296, 60),(2018, 5, 8, 1, 297, 60),(2023, 2, 9, 3, 298, 60),(2018, 5, 7, 4, 299, 60),(2022, 1, 9, 4, 300, 60),(1996, 2, 4, 1, 301, 61),(2009, 5, 2, 2, 302, 61),(2002, 4, 7, 5, 303, 61),(2004, 1, 8, 5, 304, 61),(1981, 1, 5, 1, 305, 61),(2013, 1, 5, 5, 306, 62),(1965, 3, 7, 2, 307, 62),(1981, 5, 5, 3, 308, 62),(2023, 1, 4, 2, 309, 62),(1996, 3, 4, 2, 310, 62),(1987, 1, 6, 5, 311, 63),(1993, 1, 4, 2, 312, 63),
(2015, 3, 10, 3, 313, 63),(2011, 5, 2, 3, 314, 63),(1996, 2, 4, 4, 315, 63),(2016, 4, 9, 3, 316, 64),(2020, 1, 2, 4, 317, 64),(2016, 2, 5, 2, 318, 64),(2019, 5, 10, 1, 319, 64),(2014, 2, 4, 3, 320, 64),(2004, 1, 3, 1, 321, 65),(1985, 3, 1, 1, 322, 65),(2000, 3, 2, 5, 323, 65),(1993, 5, 7, 3, 324, 65),(2009, 3, 6, 4, 325, 65),(2007, 4, 1, 4, 326, 66),(2012, 4, 7, 2, 327, 66),(2018, 4, 3, 1, 328, 66),(2007, 4, 4, 1, 329, 66),(2010, 2, 4, 4, 330, 66),(2007, 1, 5, 2, 331, 67),(2016, 5, 10, 3, 332, 67),(1995, 2, 5, 4, 333, 67),(2006, 3, 10, 3, 334, 67),(1993, 1, 3, 4, 335, 67),
(1974, 3, 9, 4, 336, 68),(1976, 3, 9, 4, 337, 68),(2020, 5, 8, 5, 338, 68),(1954, 1, 3, 1, 339, 68),(1989, 5, 7, 3, 340, 68),(2018, 5, 1, 1, 341, 69),(2017, 5, 2, 2, 342, 69),(2022, 5, 9, 2, 343, 69),(2016, 4, 3, 5, 344, 69),(2022, 4, 4, 1, 345, 69),(1948, 3, 7, 4, 346, 70),(2000, 1, 4, 5, 347, 70),(1989, 1, 6, 3, 348, 70),(1987, 1, 4, 5, 349, 70),(2016, 4, 9, 5, 350, 70),(2023, 3, 5, 1, 351, 71),(2018, 4, 4, 1, 352, 71),(2021, 2, 1, 2, 353, 71),(2018, 2, 1, 4, 354, 71),(2022, 3, 10, 4, 355, 71),(2014, 2, 5, 3, 356, 72),(2019, 2, 3, 2, 357, 72),(2021, 3, 6, 4, 358, 72),
(2022, 5, 5, 5, 359, 72),(2014, 4, 2, 2, 360, 72),(2014, 3, 6, 1, 361, 73),(2023, 3, 8, 2, 362, 73),(2015, 5, 9, 1, 363, 73),(2018, 5, 10, 3, 364, 73),(2015, 1, 3, 4, 365, 73),(2022, 2, 1, 5, 366, 74),(2021, 2, 3, 3, 367, 74),(2009, 1, 1, 3, 368, 74),(2016, 4, 9, 5, 369, 74),(2016, 3, 4, 2, 370, 74),(2019, 1, 6, 5, 371, 75),(2017, 2, 4, 5, 372, 75),(2020, 5, 5, 4, 373, 75),(2019, 3, 7, 4, 374, 75),(2018, 2, 8, 4, 375, 75),(2022, 4, 7, 5, 376, 76),(2020, 1, 5, 2, 377, 76),(2015, 4, 9, 4, 378, 76),(2021, 4, 7, 4, 379, 76),(2014, 4, 8, 5, 380, 76),(2016, 5, 2, 3, 381, 77),
(2022, 2, 3, 5, 382, 77),(2023, 3, 8, 3, 383, 77),(2002, 5, 3, 4, 384, 77),(2003, 5, 2, 3, 385, 77),(2012, 4, 8, 1, 386, 78),(2008, 4, 7, 5, 387, 78),(2012, 5, 1, 2, 388, 78),(2022, 3, 7, 2, 389, 78),(2015, 3, 10, 1, 390, 78),(2007, 3, 7, 4, 391, 79),(2008, 5, 2, 1, 392, 79),(2019, 2, 3, 3, 393, 79),(2012, 2, 9, 3, 394, 79),(2023, 4, 3, 5, 395, 79),(2002, 4, 3, 3, 396, 80),(2012, 3, 2, 5, 397, 80),(2017, 1, 9, 2, 398, 80),(2003, 4, 3, 5, 399, 80),(2012, 5, 6, 3, 400, 80),(2022, 1, 8, 2, 401, 81),(2023, 3, 10, 3, 402, 81),(2013, 1, 10, 3, 403, 81),(2018, 4, 8, 3, 404, 81),
(2015, 5, 1, 3, 405, 81),(2015, 3, 2, 2, 406, 82),(2017, 1, 2, 1, 407, 82),(2008, 4, 5, 5, 408, 82),(2008, 1, 10, 1, 409, 82),(2013, 5, 8, 5, 410, 82),(2007, 1, 2, 1, 411, 83),(2018, 4, 2, 3, 412, 83),(2000, 2, 5, 5, 413, 83),(1995, 1, 2, 4, 414, 83),(1995, 5, 7, 4, 415, 83),(2021, 2, 3, 4, 416, 84),(2017, 1, 1, 1, 417, 84),(2017, 2, 3, 4, 418, 84),(2019, 3, 8, 1, 419, 84),(2019, 3, 7, 5, 420, 84),(2010, 5, 7, 3, 421, 85),(2022, 4, 5, 2, 422, 85),(2017, 4, 3, 3, 423, 85),(2009, 4, 1, 4, 424, 85),(2010, 3, 6, 2, 425, 85),(2018, 5, 5, 2, 426, 86),(2021, 3, 10, 4, 427, 86),
(2019, 2, 4, 1, 428, 86),(2019, 4, 3, 3, 429, 86),(2016, 3, 6, 1, 430, 86),(2018, 2, 3, 2, 431, 87),(2009, 5, 10, 3, 432, 87),(2018, 2, 6, 3, 433, 87),(2018, 2, 9, 4, 434, 87),(2022, 4, 6, 4, 435, 87),(2020, 2, 3, 4, 436, 88),(2017, 1, 3, 3, 437, 88),(2018, 5, 9, 1, 438, 88),(2023, 1, 2, 3, 439, 88),(2020, 3, 3, 2, 440, 88),(2005, 2, 5, 1, 441, 89),(2008, 5, 8, 2, 442, 89),(2005, 2, 2, 1, 443, 89),(2016, 2, 10, 1, 444, 89),(2010, 5, 8, 1, 445, 89),(2013, 5, 1, 4, 446, 90),(1996, 3, 10, 3, 447, 90),(2021, 1, 6, 4, 448, 90),(2019, 4, 10, 1, 449, 90),(2020, 5, 1, 5, 450, 90),
(2021, 3, 1, 1, 451, 91),(2021, 1, 2, 3, 452, 91),(2010, 4, 5, 5, 453, 91),(2017, 4, 5, 2, 454, 91),(2021, 3, 4, 5, 455, 91),(2004, 1, 10, 3, 456, 92),(2017, 5, 7, 1, 457, 92),(2018, 5, 9, 5, 458, 92),(2020, 5, 3, 5, 459, 92),(2010, 2, 10, 2, 460, 92),(2019, 5, 3, 2, 461, 93),(2012, 4, 10, 5, 462, 93),(2017, 5, 1, 3, 463, 93),(2010, 1, 2, 3, 464, 93),(2021, 1, 3, 2, 465, 93),(2012, 2, 8, 4, 466, 94),(2014, 5, 1, 1, 467, 94),(2005, 4, 7, 2, 468, 94),(2009, 4, 10, 4, 469, 94),(1997, 2, 4, 5, 470, 94),(2023, 3, 2, 2, 471, 95),(2006, 5, 8, 3, 472, 95),(2011, 1, 9, 5, 473, 95),
(2020, 5, 3, 3, 474, 95),(2004, 3, 5, 3, 475, 95),(2015, 2, 6, 5, 476, 96),(1993, 1, 3, 5, 477, 96),(2008, 3, 9, 2, 478, 96),(1999, 1, 9, 3, 479, 96),(1993, 2, 1, 2, 480, 96),(1989, 5, 2, 1, 481, 97),(2010, 5, 6, 1, 482, 97),(2002, 2, 9, 4, 483, 97),(2017, 5, 2, 2, 484, 97),(1996, 1, 1, 3, 485, 97),(2010, 4, 1, 5, 486, 98),(2006, 1, 8, 1, 487, 98),(2001, 3, 9, 5, 488, 98),(2002, 5, 4, 3, 489, 98),(2010, 5, 7, 1, 490, 98),(2017, 2, 4, 5, 491, 99),(2020, 4, 9, 4, 492, 99),(2012, 4, 5, 1, 493, 99),(2013, 3, 6, 4, 494, 99),(2001, 3, 10, 3, 495, 99),(2019, 2, 5, 1, 496, 100),
(2007, 5, 1, 1, 497, 100),(2011, 3, 8, 4, 498, 100),(2009, 3, 5, 4, 499, 100),(2008, 2, 6, 1, 500, 100);

-- Tabella Abbonamento
INSERT INTO Abbonamento(Nome, Tariffa, FunzionalitaAggiuntive, MaxOre, MaxGb, EtaMinima, Durata)
VALUES
("Basic", 5, " ", 50, 150, 14, 1),
("Premium", 7, "contenuti ultra HD", 100, 250, 14, 1),
("Pro", 10, "piu accessi in contemporenea stessa wi-fi", 150, 400, 18, 3),
("Deluxe", 12, "piu accessi in contemporanea", 200, 500, 18, 3),
("Ultimate", 15, "contenuti offline", 250, 600, 18, 6);

-- Tabella Server -> 5 server per semplicità
INSERT INTO Server(IdServer, Longitudine, Latitudine, CapacitaMax, LarghezzaDiBanda, CapacitaRimanente)
VALUES
(1, -22.9417, -0.898, 2000, 22, 2000),
(2, 142.2409, -5.2342, 500, 4, 500),
(3, -177.9127, 48.7183, 1500, 15, 1500),
(4, -81.8769, -65.8495, 2000, 29, 2000),
(5, 97.6693, 36.3803, 1000, 8, 1000);

-- Tabella Dispositivo --> 1000
INSERT INTO Dispositivo(Id, Modello, Marca)
VALUES
(1, "tv", "Apple"),(2, "cellulare", "Samsung"),(3, "cellulare", "Xiaomi"),(4, "cellulare", "Huawei"),(5, "tablet", "Apple"),(6, "cellulare", "Xiaomi"),(7, "tv", "Huawei"),(8, "tablet", "Samsung"),(9, "tablet", "Panasonic"),(10, "tv", "Huawei"),(11, "tablet", "Xiaomi"),(12, "cellulare", "Apple"),(13, "tablet", "Panasonic"),(14, "tv", "Panasonic"),(15, "cellulare", "Samsung"),(16, "tv", "Apple"),(17, "cellulare", "Huawei"),(18, "tablet", "Samsung"),(19, "tablet", "Apple"),(20, "tv", "Xiaomi"),(21, "tv", "Samsung"),(22, "tablet", "Samsung"),(23, "tv", "Huawei"),(24, "cellulare", "Samsung"),(25, "tv", "Samsung"),(26, "tv", "Samsung"),(27, "tablet", "Samsung"),(28, "cellulare", "Apple"),(29, "cellulare", "Xiaomi"),(30, "tablet", "Xiaomi"),(31, "cellulare", "Samsung"),(32, "tablet", "Xiaomi"),(33, "cellulare", "Samsung"),(34, "tv", "Apple"),(35, "cellulare", "Panasonic"),(36, "tv", "Panasonic"),(37, "cellulare", "Samsung"),(38, "tablet", "Xiaomi"),(39, "tablet", "Huawei"),(40, "tablet", "Panasonic"),(41, "cellulare", "Huawei"),(42, "tv", "Apple"),(43, "tv", "Xiaomi"),(44, "tv", "Huawei"),(45, "tv", "Huawei"),(46, "cellulare", "Apple"),(47, "tv", "Samsung"),(48, "tablet", "Apple"),(49, "cellulare", "Samsung"),(50, "tablet", "Apple"), 
(51, "tablet", "Samsung"),(52, "tv", "Xiaomi"),(53, "cellulare", "Huawei"),(54, "tablet", "Panasonic"),(55, "tv", "Samsung"),(56, "cellulare", "Xiaomi"),(57, "tv", "Samsung"),(58, "tablet", "Panasonic"),(59, "cellulare", "Panasonic"),(60, "tablet", "Samsung"),(61, "tv", "Xiaomi"),(62, "cellulare", "Apple"),(63, "tv", "Panasonic"),(64, "tablet", "Samsung"),(65, "tablet", "Huawei"),(66, "tablet", "Huawei"),(67, "cellulare", "Xiaomi"),(68, "tablet", "Huawei"),(69, "cellulare", "Huawei"),(70, "cellulare", "Samsung"),(71, "tablet", "Apple"),(72, "tablet", "Huawei"),(73, "cellulare", "Huawei"),(74, "cellulare", "Samsung"),(75, "cellulare", "Xiaomi"),(76, "tv", "Huawei"),(77, "tablet", "Apple"),(78, "cellulare", "Apple"),(79, "tv", "Panasonic"),(80, "cellulare", "Panasonic"),(81, "tv", "Huawei"),(82, "tv", "Xiaomi"),(83, "tv", "Apple"),(84, "tablet", "Huawei"),(85, "tv", "Apple"),(86, "tv", "Samsung"),(87, "cellulare", "Panasonic"),(88, "tablet", "Xiaomi"),(89, "tablet", "Samsung"),(90, "tv", "Panasonic"),(91, "tablet", "Samsung"),(92, "tv", "Huawei"),(93, "tv", "Samsung"),(94, "tablet", "Huawei"),(95, "tv", "Huawei"),(96, "tablet", "Apple"),(97, "tv", "Apple"),(98, "tv", "Samsung"),(99, "tv", "Panasonic"),(100, "cellulare", "Samsung"), 
(101, "tablet", "Panasonic"),(102, "tv", "Panasonic"),(103, "tablet", "Huawei"),(104, "cellulare", "Apple"),(105, "cellulare", "Samsung"),(106, "tv", "Panasonic"),(107, "tablet", "Huawei"),(108, "tablet", "Huawei"),(109, "tv", "Huawei"),(110, "cellulare", "Apple"),(111, "tablet", "Apple"),(112, "tv", "Samsung"),(113, "tv", "Xiaomi"),(114, "tablet", "Panasonic"),(115, "tv", "Huawei"),(116, "tv", "Panasonic"),(117, "cellulare", "Xiaomi"),(118, "tablet", "Apple"),(119, "cellulare", "Apple"),(120, "tv", "Xiaomi"),(121, "tablet", "Huawei"),(122, "tablet", "Apple"),(123, "tablet", "Panasonic"),(124, "tv", "Huawei"),(125, "tv", "Samsung"),(126, "tv", "Xiaomi"),(127, "tv", "Apple"),(128, "tablet", "Xiaomi"),(129, "cellulare", "Samsung"),(130, "tv", "Samsung"),(131, "tv", "Xiaomi"),(132, "tv", "Panasonic"),(133, "tv", "Panasonic"),(134, "tv", "Panasonic"),(135, "cellulare", "Panasonic"),(136, "tablet", "Panasonic"),(137, "cellulare", "Huawei"),(138, "cellulare", "Xiaomi"),(139, "tablet", "Panasonic"),(140, "cellulare", "Panasonic"),(141, "tablet", "Xiaomi"),(142, "tablet", "Panasonic"),(143, "tv", "Xiaomi"),(144, "tv", "Xiaomi"),(145, "cellulare", "Samsung"),(146, "tablet", "Panasonic"),(147, "tv", "Panasonic"),(148, "tv", "Xiaomi"),(149, "tv", "Samsung"),(150, "tv", "Xiaomi"), 
(151, "cellulare", "Samsung"),(152, "tv", "Apple"),(153, "tablet", "Apple"),(154, "cellulare", "Apple"),(155, "tablet", "Huawei"),(156, "tv", "Huawei"),(157, "tv", "Xiaomi"),(158, "cellulare", "Apple"),(159, "tablet", "Apple"),(160, "tv", "Xiaomi"),(161, "tv", "Xiaomi"),(162, "tablet", "Huawei"),(163, "cellulare", "Samsung"),(164, "cellulare", "Apple"),(165, "tv", "Apple"),(166, "tv", "Huawei"),(167, "cellulare", "Samsung"),(168, "cellulare", "Apple"),(169, "tv", "Samsung"),(170, "tablet", "Xiaomi"),(171, "cellulare", "Panasonic"),(172, "tv", "Xiaomi"),(173, "tv", "Apple"),(174, "cellulare", "Huawei"),(175, "tablet", "Samsung"),(176, "cellulare", "Panasonic"),(177, "tablet", "Huawei"),(178, "tv", "Xiaomi"),(179, "tablet", "Panasonic"),(180, "cellulare", "Samsung"),(181, "cellulare", "Samsung"),(182, "tablet", "Samsung"),(183, "tablet", "Xiaomi"),(184, "tablet", "Apple"),(185, "tablet", "Apple"),(186, "tablet", "Apple"),(187, "tablet", "Samsung"),(188, "tv", "Apple"),(189, "cellulare", "Huawei"),(190, "tv", "Apple"),(191, "cellulare", "Xiaomi"),(192, "cellulare", "Samsung"),(193, "tablet", "Panasonic"),(194, "tablet", "Samsung"),(195, "cellulare", "Huawei"),(196, "tablet", "Xiaomi"),(197, "tv", "Apple"),(198, "tv", "Samsung"),(199, "cellulare", "Panasonic"),(200, "cellulare", "Samsung"), 
(201, "tablet", "Samsung"),(202, "tv", "Apple"),(203, "tablet", "Huawei"),(204, "tv", "Huawei"),(205, "tv", "Panasonic"),(206, "tv", "Samsung"),(207, "tablet", "Huawei"),(208, "tablet", "Huawei"),(209, "tv", "Panasonic"),(210, "tablet", "Xiaomi"),(211, "tablet", "Samsung"),(212, "tablet", "Samsung"),(213, "cellulare", "Panasonic"),(214, "tablet", "Samsung"),(215, "tv", "Samsung"),(216, "tv", "Huawei"),(217, "tablet", "Apple"),(218, "tablet", "Panasonic"),(219, "tablet", "Panasonic"),(220, "tv", "Xiaomi"),(221, "tablet", "Samsung"),(222, "tv", "Xiaomi"),(223, "tv", "Xiaomi"),(224, "tablet", "Xiaomi"),(225, "tv", "Samsung"),(226, "tv", "Apple"),(227, "tablet", "Huawei"),(228, "cellulare", "Panasonic"),(229, "tv", "Samsung"),(230, "cellulare", "Xiaomi"),(231, "cellulare", "Samsung"),(232, "tv", "Huawei"),(233, "tablet", "Huawei"),(234, "tablet", "Panasonic"),(235, "tv", "Apple"),(236, "tablet", "Apple"),(237, "tablet", "Apple"),(238, "cellulare", "Xiaomi"),(239, "tv", "Panasonic"),(240, "tablet", "Panasonic"),(241, "cellulare", "Xiaomi"),(242, "cellulare", "Samsung"),(243, "tv", "Panasonic"),(244, "cellulare", "Xiaomi"),(245, "cellulare", "Apple"),(246, "tv", "Samsung"),(247, "tv", "Panasonic"),(248, "tv", "Samsung"),(249, "cellulare", "Panasonic"),(250, "cellulare", "Apple"), 
(251, "cellulare", "Xiaomi"),(252, "cellulare", "Huawei"),(253, "tv", "Huawei"),(254, "tv", "Huawei"),(255, "tablet", "Panasonic"),(256, "tv", "Samsung"),(257, "cellulare", "Panasonic"),(258, "tablet", "Panasonic"),(259, "tv", "Panasonic"),(260, "tv", "Panasonic"),(261, "tv", "Huawei"),(262, "tablet", "Apple"),(263, "tablet", "Samsung"),(264, "cellulare", "Apple"),(265, "cellulare", "Panasonic"),(266, "tablet", "Panasonic"),(267, "tv", "Panasonic"),(268, "tv", "Samsung"),(269, "tv", "Huawei"),(270, "cellulare", "Huawei"),(271, "tablet", "Apple"),(272, "cellulare", "Samsung"),(273, "cellulare", "Huawei"),(274, "cellulare", "Huawei"),(275, "cellulare", "Xiaomi"),(276, "tablet", "Xiaomi"),(277, "tv", "Panasonic"),(278, "cellulare", "Panasonic"),(279, "cellulare", "Panasonic"),(280, "cellulare", "Panasonic"),(281, "tablet", "Panasonic"),(282, "tablet", "Xiaomi"),(283, "cellulare", "Panasonic"),(284, "tablet", "Huawei"),(285, "tablet", "Apple"),(286, "tv", "Panasonic"),(287, "tablet", "Apple"),(288, "tablet", "Samsung"),(289, "cellulare", "Samsung"),(290, "cellulare", "Xiaomi"),(291, "tablet", "Panasonic"),(292, "cellulare", "Samsung"),(293, "tablet", "Samsung"),(294, "cellulare", "Xiaomi"),(295, "tablet", "Xiaomi"),(296, "tv", "Xiaomi"),(297, "cellulare", "Apple"),(298, "tv", "Xiaomi"),(299, "tablet", "Samsung"),(300, "tv", "Xiaomi"), 
(301, "tablet", "Huawei"),(302, "tv", "Samsung"),(303, "tv", "Xiaomi"),(304, "cellulare", "Panasonic"),(305, "cellulare", "Huawei"),(306, "tv", "Samsung"),(307, "tablet", "Samsung"),(308, "tablet", "Samsung"),(309, "cellulare", "Huawei"),(310, "tv", "Huawei"),(311, "cellulare", "Samsung"),(312, "cellulare", "Samsung"),(313, "tablet", "Panasonic"),(314, "tv", "Samsung"),(315, "tablet", "Xiaomi"),(316, "tv", "Samsung"),(317, "tablet", "Xiaomi"),(318, "cellulare", "Huawei"),(319, "tv", "Apple"),(320, "tv", "Huawei"),(321, "tablet", "Samsung"),(322, "cellulare", "Samsung"),(323, "cellulare", "Samsung"),(324, "tablet", "Apple"),(325, "tv", "Apple"),(326, "cellulare", "Xiaomi"),(327, "tv", "Apple"),(328, "tv", "Panasonic"),(329, "cellulare", "Apple"),(330, "cellulare", "Xiaomi"),(331, "tv", "Xiaomi"),(332, "cellulare", "Apple"),(333, "tablet", "Samsung"),(334, "tablet", "Samsung"),(335, "cellulare", "Samsung"),(336, "cellulare", "Huawei"),(337, "cellulare", "Huawei"),(338, "cellulare", "Panasonic"),(339, "cellulare", "Xiaomi"),(340, "cellulare", "Apple"),(341, "tablet", "Huawei"),(342, "cellulare", "Samsung"),(343, "tv", "Huawei"),(344, "cellulare", "Huawei"),(345, "cellulare", "Xiaomi"),(346, "tv", "Huawei"),(347, "tablet", "Panasonic"),(348, "tablet", "Apple"),(349, "cellulare", "Xiaomi"),(350, "cellulare", "Huawei"), 
(351, "cellulare", "Apple"),(352, "tablet", "Xiaomi"),(353, "tablet", "Xiaomi"),(354, "tv", "Samsung"),(355, "tablet", "Xiaomi"),(356, "tablet", "Huawei"),(357, "cellulare", "Samsung"),(358, "cellulare", "Huawei"),(359, "cellulare", "Apple"),(360, "tv", "Huawei"),(361, "tv", "Panasonic"),(362, "cellulare", "Panasonic"),(363, "cellulare", "Apple"),(364, "tablet", "Panasonic"),(365, "cellulare", "Xiaomi"),(366, "tablet", "Panasonic"),(367, "tv", "Samsung"),(368, "cellulare", "Samsung"),(369, "tablet", "Huawei"),(370, "tv", "Apple"),(371, "cellulare", "Apple"),(372, "cellulare", "Xiaomi"),(373, "cellulare", "Samsung"),(374, "tablet", "Apple"),(375, "cellulare", "Xiaomi"),(376, "cellulare", "Xiaomi"),(377, "tablet", "Huawei"),(378, "tv", "Huawei"),(379, "tablet", "Panasonic"),(380, "cellulare", "Xiaomi"),(381, "tv", "Panasonic"),(382, "cellulare", "Xiaomi"),(383, "tablet", "Xiaomi"),(384, "cellulare", "Panasonic"),(385, "cellulare", "Samsung"),(386, "tablet", "Apple"),(387, "tablet", "Xiaomi"),(388, "cellulare", "Samsung"),(389, "tablet", "Apple"),(390, "tablet", "Apple"),(391, "cellulare", "Apple"),(392, "tablet", "Panasonic"),(393, "tv", "Huawei"),(394, "tablet", "Huawei"),(395, "tablet", "Xiaomi"),(396, "tablet", "Huawei"),(397, "cellulare", "Samsung"),(398, "tv", "Samsung"),(399, "tv", "Apple"),(400, "cellulare", "Samsung"), 
(401, "cellulare", "Xiaomi"),(402, "tv", "Samsung"),(403, "cellulare", "Panasonic"),(404, "tv", "Samsung"),(405, "tablet", "Panasonic"),(406, "tablet", "Apple"),(407, "tablet", "Xiaomi"),(408, "tablet", "Samsung"),(409, "cellulare", "Xiaomi"),(410, "tablet", "Huawei"),(411, "tv", "Samsung"),(412, "cellulare", "Panasonic"),(413, "cellulare", "Huawei"),(414, "cellulare", "Apple"),(415, "tv", "Samsung"),(416, "tablet", "Samsung"),(417, "tv", "Panasonic"),(418, "tablet", "Apple"),(419, "tv", "Apple"),(420, "tv", "Apple"),(421, "tv", "Xiaomi"),(422, "cellulare", "Panasonic"),(423, "tv", "Xiaomi"),(424, "tv", "Panasonic"),(425, "tv", "Apple"),(426, "tablet", "Samsung"),(427, "tablet", "Panasonic"),(428, "tablet", "Apple"),(429, "cellulare", "Apple"),(430, "tv", "Apple"),(431, "cellulare", "Huawei"),(432, "tablet", "Panasonic"),(433, "tv", "Huawei"),(434, "tv", "Apple"),(435, "tablet", "Huawei"),(436, "cellulare", "Xiaomi"),(437, "cellulare", "Apple"),(438, "tv", "Xiaomi"),(439, "cellulare", "Samsung"),(440, "cellulare", "Huawei"),(441, "tv", "Panasonic"),(442, "cellulare", "Huawei"),(443, "tablet", "Huawei"),(444, "tablet", "Huawei"),(445, "tv", "Apple"),(446, "tablet", "Panasonic"),(447, "tv", "Xiaomi"),(448, "tv", "Samsung"),(449, "tablet", "Xiaomi"),(450, "tv", "Xiaomi"), 
(451, "tv", "Huawei"),(452, "cellulare", "Apple"),(453, "cellulare", "Huawei"),(454, "cellulare", "Samsung"),(455, "tablet", "Apple"),(456, "tv", "Huawei"),(457, "tablet", "Xiaomi"),(458, "cellulare", "Samsung"),(459, "cellulare", "Apple"),(460, "cellulare", "Huawei"),(461, "tv", "Apple"),(462, "tv", "Xiaomi"),(463, "tablet", "Panasonic"),(464, "tv", "Panasonic"),(465, "tv", "Panasonic"),(466, "cellulare", "Panasonic"),(467, "tv", "Panasonic"),(468, "tv", "Samsung"),(469, "cellulare", "Huawei"),(470, "cellulare", "Xiaomi"),(471, "tv", "Huawei"),(472, "tablet", "Panasonic"),(473, "cellulare", "Samsung"),(474, "tv", "Huawei"),(475, "tablet", "Huawei"),(476, "cellulare", "Xiaomi"),(477, "tablet", "Xiaomi"),(478, "tv", "Samsung"),(479, "tablet", "Samsung"),(480, "tablet", "Samsung"),(481, "tablet", "Samsung"),(482, "tablet", "Samsung"),(483, "cellulare", "Xiaomi"),(484, "tablet", "Xiaomi"),(485, "tablet", "Apple"),(486, "tablet", "Samsung"),(487, "tv", "Apple"),(488, "tablet", "Huawei"),(489, "tablet", "Samsung"),(490, "cellulare", "Panasonic"),(491, "tv", "Panasonic"),(492, "tv", "Samsung"),(493, "cellulare", "Panasonic"),(494, "tv", "Xiaomi"),(495, "cellulare", "Huawei"),(496, "tv", "Samsung"),(497, "cellulare", "Panasonic"),(498, "tablet", "Apple"),(499, "cellulare", "Panasonic"),(500, "tablet", "Huawei"), 
(501, "cellulare", "Xiaomi"),(502, "tablet", "Xiaomi"),(503, "cellulare", "Xiaomi"),(504, "tv", "Huawei"),(505, "tablet", "Xiaomi"),(506, "tv", "Huawei"),(507, "tablet", "Samsung"),(508, "cellulare", "Panasonic"),(509, "tv", "Panasonic"),(510, "tablet", "Xiaomi"),(511, "tablet", "Xiaomi"),(512, "tv", "Panasonic"),(513, "tablet", "Huawei"),(514, "tablet", "Huawei"),(515, "tv", "Apple"),(516, "cellulare", "Samsung"),(517, "tv", "Huawei"),(518, "tablet", "Apple"),(519, "cellulare", "Apple"),(520, "tablet", "Samsung"),(521, "tablet", "Huawei"),(522, "tv", "Huawei"),(523, "tablet", "Samsung"),(524, "tv", "Samsung"),(525, "tv", "Samsung"),(526, "tv", "Samsung"),(527, "cellulare", "Huawei"),(528, "tablet", "Huawei"),(529, "tablet", "Xiaomi"),(530, "cellulare", "Panasonic"),(531, "cellulare", "Huawei"),(532, "tablet", "Xiaomi"),(533, "tablet", "Samsung"),(534, "cellulare", "Samsung"),(535, "cellulare", "Huawei"),(536, "tv", "Apple"),(537, "tv", "Apple"),(538, "tablet", "Panasonic"),(539, "tablet", "Panasonic"),(540, "tablet", "Apple"),(541, "cellulare", "Samsung"),(542, "cellulare", "Huawei"),(543, "tablet", "Xiaomi"),(544, "tv", "Huawei"),(545, "tablet", "Huawei"),(546, "tablet", "Apple"),(547, "cellulare", "Panasonic"),(548, "cellulare", "Xiaomi"),(549, "cellulare", "Samsung"),(550, "tv", "Apple"), 
(551, "tablet", "Apple"),(552, "tv", "Huawei"),(553, "tablet", "Panasonic"),(554, "tablet", "Apple"),(555, "tablet", "Panasonic"),(556, "tv", "Xiaomi"),(557, "cellulare", "Samsung"),(558, "tv", "Apple"),(559, "tablet", "Xiaomi"),(560, "tv", "Huawei"),(561, "tv", "Huawei"),(562, "tv", "Huawei"),(563, "tv", "Samsung"),(564, "cellulare", "Panasonic"),(565, "cellulare", "Apple"),(566, "cellulare", "Xiaomi"),(567, "tv", "Panasonic"),(568, "tv", "Samsung"),(569, "tablet", "Panasonic"),(570, "tv", "Apple"),(571, "tablet", "Samsung"),(572, "tablet", "Apple"),(573, "cellulare", "Panasonic"),(574, "tv", "Apple"),(575, "tablet", "Samsung"),(576, "tablet", "Samsung"),(577, "tablet", "Apple"),(578, "tv", "Panasonic"),(579, "tv", "Samsung"),(580, "tv", "Xiaomi"),(581, "tablet", "Xiaomi"),(582, "cellulare", "Samsung"),(583, "tv", "Panasonic"),(584, "tv", "Xiaomi"),(585, "cellulare", "Apple"),(586, "cellulare", "Apple"),(587, "cellulare", "Huawei"),(588, "cellulare", "Apple"),(589, "tv", "Apple"),(590, "tablet", "Samsung"),(591, "tv", "Apple"),(592, "tv", "Xiaomi"),(593, "tablet", "Huawei"),(594, "tv", "Samsung"),(595, "tablet", "Panasonic"),(596, "tablet", "Apple"),(597, "tv", "Huawei"),(598, "tv", "Apple"),(599, "tablet", "Huawei"),(600, "tablet", "Huawei"), 
(601, "tablet", "Huawei"),(602, "tv", "Huawei"),(603, "tablet", "Panasonic"),(604, "tv", "Xiaomi"),(605, "tv", "Samsung"),(606, "cellulare", "Panasonic"),(607, "tablet", "Xiaomi"),(608, "cellulare", "Apple"),(609, "cellulare", "Xiaomi"),(610, "tv", "Huawei"),(611, "tv", "Huawei"),(612, "cellulare", "Apple"),(613, "tablet", "Huawei"),(614, "tv", "Samsung"),(615, "tablet", "Samsung"),(616, "tablet", "Panasonic"),(617, "cellulare", "Samsung"),(618, "tablet", "Xiaomi"),(619, "tablet", "Samsung"),(620, "tv", "Panasonic"),(621, "cellulare", "Huawei"),(622, "cellulare", "Samsung"),(623, "tablet", "Panasonic"),(624, "tv", "Huawei"),(625, "tablet", "Xiaomi"),(626, "tv", "Samsung"),(627, "tv", "Huawei"),(628, "cellulare", "Apple"),(629, "tv", "Panasonic"),(630, "cellulare", "Huawei"),(631, "tablet", "Panasonic"),(632, "tablet", "Xiaomi"),(633, "tv", "Panasonic"),(634, "tablet", "Panasonic"),(635, "tv", "Samsung"),(636, "cellulare", "Samsung"),(637, "tv", "Samsung"),(638, "tv", "Huawei"),(639, "tv", "Xiaomi"),(640, "tablet", "Huawei"),(641, "tablet", "Xiaomi"),(642, "cellulare", "Samsung"),(643, "tablet", "Panasonic"),(644, "tv", "Xiaomi"),(645, "tablet", "Panasonic"),(646, "tablet", "Xiaomi"),(647, "tv", "Huawei"),(648, "tv", "Apple"),(649, "cellulare", "Apple"),(650, "tablet", "Panasonic"), 
(651, "cellulare", "Apple"),(652, "tablet", "Samsung"),(653, "cellulare", "Apple"),(654, "cellulare", "Samsung"),(655, "tablet", "Huawei"),(656, "tablet", "Apple"),(657, "tablet", "Samsung"),(658, "tablet", "Panasonic"),(659, "cellulare", "Apple"),(660, "cellulare", "Panasonic"),(661, "cellulare", "Panasonic"),(662, "tablet", "Samsung"),(663, "tablet", "Xiaomi"),(664, "tablet", "Samsung"),(665, "cellulare", "Huawei"),(666, "tv", "Samsung"),(667, "cellulare", "Huawei"),(668, "tv", "Apple"),(669, "cellulare", "Samsung"),(670, "tv", "Samsung"),(671, "cellulare", "Apple"),(672, "tv", "Huawei"),(673, "cellulare", "Xiaomi"),(674, "cellulare", "Apple"),(675, "cellulare", "Huawei"),(676, "tablet", "Xiaomi"),(677, "cellulare", "Huawei"),(678, "tablet", "Huawei"),(679, "tablet", "Huawei"),(680, "tablet", "Apple"),(681, "tablet", "Apple"),(682, "cellulare", "Apple"),(683, "cellulare", "Apple"),(684, "tv", "Huawei"),(685, "cellulare", "Huawei"),(686, "cellulare", "Huawei"),(687, "cellulare", "Huawei"),(688, "tv", "Huawei"),(689, "cellulare", "Xiaomi"),(690, "tv", "Xiaomi"),(691, "tablet", "Xiaomi"),(692, "tablet", "Samsung"),(693, "tablet", "Samsung"),(694, "tv", "Samsung"),(695, "cellulare", "Samsung"),(696, "tv", "Samsung"),(697, "cellulare", "Panasonic"),(698, "tablet", "Xiaomi"),(699, "tablet", "Huawei"),(700, "cellulare", "Apple"), 
(701, "tv", "Samsung"),(702, "tablet", "Panasonic"),(703, "tablet", "Samsung"),(704, "cellulare", "Xiaomi"),(705, "cellulare", "Huawei"),(706, "tablet", "Apple"),(707, "tablet", "Samsung"),(708, "tablet", "Panasonic"),(709, "tablet", "Samsung"),(710, "tablet", "Panasonic"),(711, "tablet", "Xiaomi"),(712, "cellulare", "Apple"),(713, "tv", "Panasonic"),(714, "cellulare", "Huawei"),(715, "tablet", "Huawei"),(716, "tablet", "Huawei"),(717, "tablet", "Panasonic"),(718, "cellulare", "Samsung"),(719, "tv", "Huawei"),(720, "tablet", "Huawei"),(721, "cellulare", "Apple"),(722, "tablet", "Apple"),(723, "cellulare", "Huawei"),(724, "tablet", "Xiaomi"),(725, "cellulare", "Panasonic"),(726, "tv", "Xiaomi"),(727, "tablet", "Apple"),(728, "tablet", "Samsung"),(729, "tv", "Xiaomi"),(730, "cellulare", "Huawei"),(731, "tv", "Apple"),(732, "tv", "Apple"),(733, "tablet", "Panasonic"),(734, "cellulare", "Huawei"),(735, "cellulare", "Huawei"),(736, "cellulare", "Apple"),(737, "tv", "Samsung"),(738, "tv", "Huawei"),(739, "cellulare", "Huawei"),(740, "tablet", "Panasonic"),(741, "tablet", "Apple"),(742, "tv", "Xiaomi"),(743, "tablet", "Panasonic"),(744, "cellulare", "Panasonic"),(745, "cellulare", "Panasonic"),(746, "cellulare", "Xiaomi"),(747, "cellulare", "Samsung"),(748, "cellulare", "Xiaomi"),(749, "tv", "Xiaomi"),(750, "tv", "Huawei"), 
(751, "cellulare", "Panasonic"),(752, "tablet", "Xiaomi"),(753, "tablet", "Samsung"),(754, "tv", "Samsung"),(755, "tablet", "Apple"),(756, "tablet", "Samsung"),(757, "tv", "Samsung"),(758, "tablet", "Huawei"),(759, "cellulare", "Samsung"),(760, "cellulare", "Xiaomi"),(761, "tablet", "Samsung"),(762, "cellulare", "Samsung"),(763, "tablet", "Samsung"),(764, "tablet", "Xiaomi"),(765, "tablet", "Huawei"),(766, "tv", "Huawei"),(767, "tablet", "Apple"),(768, "cellulare", "Xiaomi"),(769, "cellulare", "Huawei"),(770, "tablet", "Panasonic"),(771, "tv", "Apple"),(772, "tv", "Xiaomi"),(773, "tv", "Samsung"),(774, "cellulare", "Panasonic"),(775, "tv", "Panasonic"),(776, "tv", "Panasonic"),(777, "cellulare", "Xiaomi"),(778, "tablet", "Huawei"),(779, "tablet", "Huawei"),(780, "tv", "Apple"),(781, "tv", "Xiaomi"),(782, "cellulare", "Panasonic"),(783, "tv", "Xiaomi"),(784, "cellulare", "Panasonic"),(785, "tablet", "Panasonic"),(786, "tablet", "Apple"),(787, "tablet", "Huawei"),(788, "cellulare", "Apple"),(789, "cellulare", "Panasonic"),(790, "cellulare", "Xiaomi"),(791, "cellulare", "Huawei"),(792, "cellulare", "Panasonic"),(793, "cellulare", "Panasonic"),(794, "cellulare", "Panasonic"),(795, "cellulare", "Huawei"),(796, "tablet", "Apple"),(797, "cellulare", "Samsung"),(798, "cellulare", "Huawei"),(799, "tv", "Huawei"),(800, "tablet", "Huawei"), 
(801, "tv", "Xiaomi"),(802, "tablet", "Apple"),(803, "tablet", "Xiaomi"),(804, "tv", "Panasonic"),(805, "tablet", "Apple"),(806, "tablet", "Samsung"),(807, "tablet", "Xiaomi"),(808, "tv", "Xiaomi"),(809, "tv", "Panasonic"),(810, "tv", "Huawei"),(811, "tv", "Huawei"),(812, "tv", "Samsung"),(813, "cellulare", "Xiaomi"),(814, "tv", "Huawei"),(815, "tv", "Xiaomi"),(816, "tv", "Samsung"),(817, "tv", "Huawei"),(818, "tablet", "Huawei"),(819, "tv", "Xiaomi"),(820, "tablet", "Panasonic"),(821, "tv", "Samsung"),(822, "tablet", "Xiaomi"),(823, "tablet", "Apple"),(824, "cellulare", "Samsung"),(825, "tablet", "Apple"),(826, "cellulare", "Samsung"),(827, "cellulare", "Xiaomi"),(828, "tv", "Samsung"),(829, "tablet", "Xiaomi"),(830, "tv", "Apple"),(831, "tablet", "Panasonic"),(832, "tv", "Huawei"),(833, "tv", "Xiaomi"),(834, "tablet", "Xiaomi"),(835, "tablet", "Samsung"),(836, "cellulare", "Samsung"),(837, "tablet", "Samsung"),(838, "tv", "Panasonic"),(839, "tablet", "Apple"),(840, "tv", "Huawei"),(841, "tablet", "Panasonic"),(842, "tv", "Xiaomi"),(843, "tv", "Apple"),(844, "tablet", "Samsung"),(845, "tablet", "Apple"),(846, "tv", "Xiaomi"),(847, "tv", "Huawei"),(848, "tablet", "Apple"),(849, "tv", "Panasonic"),(850, "tablet", "Xiaomi"), 
(851, "tablet", "Huawei"),(852, "cellulare", "Samsung"),(853, "tv", "Xiaomi"),(854, "cellulare", "Samsung"),(855, "tv", "Samsung"),(856, "cellulare", "Huawei"),(857, "tablet", "Panasonic"),(858, "tablet", "Panasonic"),(859, "tablet", "Apple"),(860, "tablet", "Apple"),(861, "tv", "Huawei"),(862, "tablet", "Huawei"),(863, "tv", "Samsung"),(864, "tablet", "Apple"),(865, "tablet", "Apple"),(866, "tv", "Panasonic"),(867, "tv", "Apple"),(868, "tablet", "Xiaomi"),(869, "cellulare", "Apple"),(870, "tablet", "Xiaomi"),(871, "cellulare", "Xiaomi"),(872, "tablet", "Apple"),(873, "cellulare", "Samsung"),(874, "cellulare", "Panasonic"),(875, "tablet", "Xiaomi"),(876, "cellulare", "Xiaomi"),(877, "tablet", "Panasonic"),(878, "tv", "Xiaomi"),(879, "tablet", "Huawei"),(880, "tv", "Xiaomi"),(881, "cellulare", "Huawei"),(882, "cellulare", "Panasonic"),(883, "tablet", "Samsung"),(884, "tablet", "Panasonic"),(885, "cellulare", "Apple"),(886, "tablet", "Panasonic"),(887, "cellulare", "Xiaomi"),(888, "tablet", "Panasonic"),(889, "cellulare", "Samsung"),(890, "tv", "Huawei"),(891, "tv", "Xiaomi"),(892, "cellulare", "Panasonic"),(893, "cellulare", "Xiaomi"),(894, "cellulare", "Apple"),(895, "cellulare", "Panasonic"),(896, "cellulare", "Samsung"),(897, "tablet", "Apple"),(898, "tv", "Xiaomi"),(899, "tablet", "Apple"),(900, "tablet", "Panasonic"), 
(901, "tv", "Xiaomi"),(902, "tablet", "Panasonic"),(903, "tablet", "Panasonic"),(904, "cellulare", "Panasonic"),(905, "cellulare", "Huawei"),(906, "cellulare", "Huawei"),(907, "cellulare", "Panasonic"),(908, "tv", "Apple"),(909, "tv", "Samsung"),(910, "tv", "Samsung"),(911, "tv", "Samsung"),(912, "tv", "Xiaomi"),(913, "tv", "Apple"),(914, "cellulare", "Huawei"),(915, "cellulare", "Panasonic"),(916, "tv", "Samsung"),(917, "tablet", "Samsung"),(918, "tv", "Apple"),(919, "tv", "Xiaomi"),(920, "cellulare", "Xiaomi"),(921, "tv", "Samsung"),(922, "tablet", "Samsung"),(923, "tablet", "Xiaomi"),(924, "cellulare", "Panasonic"),(925, "tablet", "Huawei"),(926, "tv", "Panasonic"),(927, "tv", "Samsung"),(928, "tablet", "Apple"),(929, "tv", "Samsung"),(930, "tablet", "Samsung"),(931, "tablet", "Panasonic"),(932, "cellulare", "Huawei"),(933, "tv", "Apple"),(934, "cellulare", "Samsung"),(935, "tv", "Huawei"),(936, "cellulare", "Apple"),(937, "tv", "Xiaomi"),(938, "cellulare", "Apple"),(939, "tv", "Apple"),(940, "tablet", "Xiaomi"),(941, "tv", "Apple"),(942, "tv", "Apple"),(943, "tablet", "Panasonic"),(944, "tablet", "Panasonic"),(945, "tablet", "Samsung"),(946, "tv", "Huawei"),(947, "tv", "Huawei"),(948, "cellulare", "Apple"),(949, "tablet", "Samsung"),(950, "tablet", "Apple"), 
(951, "tablet", "Apple"),(952, "tv", "Panasonic"),(953, "cellulare", "Xiaomi"),(954, "tablet", "Huawei"),(955, "tv", "Samsung"),(956, "cellulare", "Panasonic"),(957, "tv", "Xiaomi"),(958, "cellulare", "Huawei"),(959, "tv", "Panasonic"),(960, "cellulare", "Samsung"),(961, "tablet", "Xiaomi"),(962, "cellulare", "Xiaomi"),(963, "tv", "Huawei"),(964, "cellulare", "Xiaomi"),(965, "tv", "Apple"),(966, "tv", "Panasonic"),(967, "tv", "Panasonic"),(968, "tv", "Xiaomi"),(969, "tablet", "Xiaomi"),(970, "cellulare", "Panasonic"),(971, "tv", "Huawei"),(972, "cellulare", "Apple"),(973, "tv", "Apple"),(974, "cellulare", "Huawei"),(975, "cellulare", "Panasonic"),(976, "cellulare", "Samsung"),(977, "tv", "Apple"),(978, "cellulare", "Xiaomi"),(979, "tv", "Panasonic"),(980, "tablet", "Panasonic"),(981, "tv", "Apple"),(982, "cellulare", "Apple"),(983, "tablet", "Panasonic"),(984, "tablet", "Huawei"),(985, "cellulare", "Huawei"),(986, "tablet", "Huawei"),(987, "tv", "Panasonic"),(988, "tablet", "Panasonic"),(989, "cellulare", "Huawei"),(990, "cellulare", "Samsung"),(991, "tv", "Samsung"),(992, "tv", "Huawei"),(993, "cellulare", "Xiaomi"),(994, "cellulare", "Panasonic"),(995, "tablet", "Huawei"),(996, "tv", "Panasonic"),(997, "tv", "Huawei"),(998, "cellulare", "Xiaomi"),(999, "tablet", "Apple"),(1000, "tv", "Apple");

-- Tabella Paese -> 100
INSERT INTO Paese(Nome, Latitudine, Longitudine, Ip)
VALUES
("Sierra Leone", -36.8119, 66.6003, "001"),("Yemen", -33.1587, -165.9156, "002"),("Sri Lanka", 89.9951, -123.9046, "003"),("Cambodia", 58.1884, 103.6873, "004"),("Guam", 89.0494, -4.4677, "005"),("Slovenia", 25.3208, 122.1536, "006"),("Brazil", 57.982, 94.5708, "007"),("Vietnam", 88.3744, -141.2968, "008"),("Montenegro", 12.9345, 70.0759, "009"),("Belarus", 71.1505, -97.209, "010"),("American Samoa", 3.822, -68.8073, "011"),("Burundi", 67.5203, -27.4586, "012"),("Liberia", 77.2952, 93.6061, "013"),("Comoros", 78.6316, 36.707, "014"),("Croatia", 23.3739, -2.4558, "015"),("Bermuda", -52.4864, -45.7225, "016"),("Dominica", 17.3711, 56.0301, "017"),("Netherlands", 13.3435, -105.639, "018"),("Morocco", 25.4294, -134.026, "019"),("Venezuela", 59.2426, 99.0532, "020"),("Maldives", -22.518, 114.7288, "021"),("Eritrea", -61.8153, -1.4625, "022"),("Nicaragua", 76.0036, -70.454, "023"),("Malaysia", 74.8054, -20.8231, "024"),("Saint Barthelemy", 49.2902, 101.3386, "025"),("Bahrain", 45.2494, 95.9402, "026"),
("Rwanda", 39.1493, 89.7584, "027"),("Argentina", -11.0425, -173.9352, "028"),("Chile", -78.9196, -175.0417, "029"),("Jersey", -29.3661, 53.8534, "030"),("Mongolia", -6.0046, 54.0491, "031"),("Malawi", 36.6162, 30.0938, "032"),("Egypt", 2.8868, -86.307, "033"),("Netherlands Antilles", -5.2489, -8.1189, "034"),("Puerto Rico", 35.2169, 81.6494, "035"),("Western Sahara", 78.9507, -115.2876, "036"),("Afghanistan", 36.3092, -51.8533, "037"),("Tajikistan", -65.0719, 173.756, "038"),("Bolivia", 45.4393, 76.6563, "039"),("Cameroon", -57.0934, 28.1771, "040"),("Faroe Islands", -45.4201, 169.7563, "041"),("Christmas Island", -56.28, -20.3469, "042"),("Gabon", -23.8703, -170.4683, "043"),("Indonesia", -18.2142, -145.2607, "044"),("Saint Helena", -15.6004, -106.1042, "045"),("North Macedonia", -67.9909, 54.8589, "046"),("Mali", -40.0128, -101.9131, "047"),("Zambia", 21.5615, -81.9306, "048"),("Dominican Republic", -81.4206, -19.29, "049"),("Kyrgyz Republic", -79.5374, -127.5296, "050"),("Benin", -11.7586, 0.9324, "051"),
("Greece", 55.617, -155.7908, "052"),("Jamaica", 75.5682, 84.784, "053"),("Uruguay", -50.2822, 178.8892, "054"),("Barbados", 28.754, -100.9741, "055"),("Tunisia", 34.298, -76.494, "056"),("El Salvador", -25.1515, 106.6783, "057"),("Cuba", 2.8686, -168.6801, "058"),("Belgium", -4.3788, -126.8095, "059"),("Germany", 87.9755, -94.902, "060"),("Congo", 65.7501, 34.6941, "061"),("South Africa", 15.0578, -124.6145, "062"),("Australia", -28.1648, -6.4204, "063"),("Kiribati", -23.1331, -40.0564, "064"),("Samoa", -32.0187, -163.4087, "065"),("Solomon Islands", 71.3009, 146.8055, "066"),("Suriname", -35.7165, 122.1398, "067"),("Taiwan", 49.8541, 68.6352, "068"),("United Arab Emirates", 80.3845, 2.3949, "069"),("Cote d'Ivoire", -63.7189, 50.1919, "070"),("Swaziland", 63.3744, -68.7936, "071"),("Macao", -24.1264, -13.9336, "072"),("Somalia", 43.8751, -107.6474, "073"),("Monaco", 37.9852, -56.1643, "074"),("Mexico", -50.1276, 151.176, "075"),("Singapore", -25.0851, -86.2068, "076"),("Syrian Arab Republic", 32.0982, 168.5806, "077"),
("Djibouti", -6.1674, 53.4817, "078"),("Togo", -41.2534, 78.2108, "079"),("Martinique", -23.0509, 55.5984, "080"),("Nepal", -38.4991, 112.7416, "081"),("Madagascar", 79.8337, 157.4329, "082"),("Latvia", -86.6328, -127.0801, "083"),("Liechtenstein", 17.4756, 108.2528, "084"),("Cayman Islands", 66.013, -16.7999, "085"),("Russian Federation", -72.1085, -27.6623, "086"),("Angola", 71.2498, 173.7014, "087"),("Micronesia", -87.6009, -176.7387, "088"),("Gambia", 87.0811, 106.7833, "089"),("Kazakhstan", -55.8426, -80.6695, "090"),("Algeria", 73.0217, -155.0861, "091"),("Aruba", -89.4622, -52.211, "092"),("Philippines", 28.1739, 1.471, "093"),("Tuvalu", -52.7635, -44.6181, "094"),("New Zealand", -60.1355, -163.1939, "095"),("Grenada", -12.7073, 44.7485, "096"),("Malta", 89.6593, -2.0325, "097"),("Israel", -42.8939, 72.8338, "098"),("San Marino", -41.4289, -168.0831, "099"),
("Austria", -9.434, -71.5025, "100");

-- Tabella Utente -> 500
INSERT INTO Utente(Codice, Cognome, Nome, IndirizzoEmail, DataNascita, Password, Abbonamento_nome, Paese_nome)
VALUES
(1, "Rodriguez", "Victoria", "richardsonshawn@example.org", "1962-10-01", "Np*0bNGn^%", "Ultimate", "Australia"),(2, "Hughes", "Michelle", "romeroapril@example.net", "1929-05-14", "eN3j@I4b#I", "Basic", "Belarus"),(3, "Ortega", "Richard", "prestongallegos@example.net", "1998-02-06", "%4LSXOMa0d", "Pro", "Slovenia"),(4, "Short", "Eric", "galvansean@example.net", "1972-11-30", "_d&)f^Gm9Z", "Basic", "Bolivia"),(5, "Mclean", "Jeffrey", "michaelkelley@example.com", "2000-10-24", "Z^2KAa$((Z", "Pro", "Nicaragua"),(6, "Terry", "Samantha", "lynchroger@example.com", "1965-03-23", "*#*EZV$n9x", "Pro", "Bolivia"),(7, "Berger", "Alexander", "saramurphy@example.com", "1931-02-11", "i#0RVZkgVk", "Deluxe", "Maldives"),(8, "Burke", "Kayla", "kevindyer@example.net", "1939-09-24", "B4bd(VVw#8", "Ultimate", "Zambia"),(9, "Smith", "Ann", "lemargaret@example.net", "1988-09-08", "F@29T3Qppq", "Basic", "Belgium"),(10, "Howell", "Susan", "bstark@example.net", "1942-07-05", "&wDfUMsI0t", "Pro", "Congo"),(11, "Bass", "Gabriel", "michael23@example.net", "1948-09-04", "286VjjIi#f", "Pro", "Belgium"),(12, "Black", "Eric", "frederick22@example.net", "1919-12-14", "#I0CHFiqx0", "Pro", "El Salvador"),(13, "English", "Elaine", "kimberlyrandall@example.org", "1916-04-30", "hhYR76DxH+", "Deluxe", "Dominican Republic"),(14, "Brown", "Brian", "fgibbs@example.net", "1967-10-04", "GI5JzQUu1!", "Deluxe", "Cayman Islands"),(15, "Johnson", "Kristi", "showard@example.com", "1971-07-21", "2^C7Ywz@w&", "Premium", "Micronesia"),(16, "Maldonado", "Daniel", "etorres@example.net", "1988-07-11", "7fC4Ffm^O!", "Premium", "American Samoa"),(17, "Velasquez", "Colleen", "melissa01@example.com", "1983-06-13", "ZdP6XNsm6$", "Premium", "Morocco"),(18, "Byrd", "Daniel", "nterrell@example.org", "1959-10-09", ")6HDsyvW5S", "Pro", "Jersey"),(19, "Dennis", "Connie", "kedwards@example.net", "1992-03-03", "&3fAQd*rxg", "Deluxe", "Argentina"),(20, "Jeffrey", "Mr.", "ronaldcunningham@example.net", "1974-11-24", "y!x#9uOn+0", "Ultimate", "Yemen"),(21, "Wallace", "Todd", "leejason@example.net", "2002-09-14", "^rnHLQqsp5", "Deluxe", "Djibouti"),(22, "Frazier", "Taylor", "mcguirestephen@example.org", "1953-01-13", "%6MS7d+hK$", "Premium", "Christmas Island"),(23, "Williams", "Philip", "bennettjames@example.org", "1975-02-07", "(%5#0EVyF+", "Premium", "Taiwan"),(24, "Clark", "William", "leejeremy@example.net", "1986-06-11", "%w^eKNZf4T", "Ultimate", "Guam"),(25, "Cunningham", "Tony", "vhartman@example.com", "1989-05-07", "&!q+4+ZsJ1", "Deluxe", "Benin"),(26, "Johnson", "Alison", "andrewhenry@example.com", "1960-02-14", "hL5C7Yidg&", "Pro", "Madagascar"),(27, "Maldonado", "Philip", "awright@example.org", "1998-11-03", "Tn43UHo_I%", "Ultimate", "Somalia"),(28, "Griffin", "Amy", "colleen16@example.net", "1917-11-04", "r4MgnUcd+T", "Ultimate", "Morocco"),(29, "Wilson", "Ellen", "michellegrant@example.net", "1916-05-20", "(^fKQ9Uj@7", "Ultimate", "American Samoa"),(30, "Duffy", "Julie", "lhardy@example.com", "1943-01-25", "bcC75Udr!0", "Ultimate", "Solomon Islands"),(31, "Burch", "Jacob", "smitheric@example.org", "1937-05-19", "!15LHyd(5Z", "Basic", "Cote d'Ivoire"),(32, "Reid", "Allen", "lawsoncraig@example.org", "1922-04-01", "zLIZ7^Cj&7", "Deluxe", "Malta"),(33, "Duncan", "Alexandra", "kwalker@example.net", "2004-08-26", "*KSwYj%@$5", "Ultimate", "Sri Lanka"),(34, "James", "Jeffrey", "malloryrasmussen@example.net", "1950-10-05", "5ANdT4Mw+H", "Basic", "Dominica"),(35, "White", "Eric", "ruizandrew@example.net", "1943-08-21", "4Di1rEiq%l", "Deluxe", "Faroe Islands"),(36, "Charles", "Matthew", "ryan44@example.org", "1964-07-02", "W6+L)9Kpb^", "Basic", "Togo"),(37, "Barnes", "Matthew", "adamsherman@example.com", "1963-07-24", "0EY0kySy((", "Basic", "Angola"),(38, "Huff", "Barbara", "travislindsay@example.net", "1953-07-26", "ni1Xd&lq!T", "Ultimate", "Jamaica"),(39, "Smith", "Jennifer", "marykelley@example.com", "1967-05-11", "(GLF2QelJ%", "Ultimate", "Western Sahara"),(40, "Jones", "Chelsey", "georgehanson@example.com", "1997-05-30", "LWx7XLle@5", "Pro", "Somalia"),(41, "Taylor", "Hannah", "robertsdonald@example.com", "1931-11-16", "Dn6ORnsF&a", "Basic", "Cayman Islands"),(42, "Kennedy", "Nicole", "ljarvis@example.com", "1956-03-23", "rzr0I7us7+", "Basic", "Brazil"),(43, "Zhang", "Brian", "vwatson@example.org", "1988-02-08", "k1Pa0Oof^C", "Pro", "Dominican Republic"),(44, "Mccormick", "Theresa", "rdavila@example.net", "1949-01-21", "m_2w1Mc%(r", "Premium", "Liechtenstein"),(45, "Rodriguez", "Whitney", "daniel59@example.com", "2006-02-14", "&GkH2iIyfK", "Ultimate", "Kyrgyz Republic"),(46, "Cardenas", "Donna", "james48@example.net", "1949-12-13", "f28Lo61s#7", "Deluxe", "Egypt"),(47, "Nguyen", "Marc", "dianeklein@example.net", "1973-10-16", "oH4vUk@g6+", "Basic", "Bahrain"),(48, "Travis", "Patricia", "amanda31@example.org", "1975-09-03", "%2zXkJ0i8M", "Basic", "Somalia"),(49, "Reese", "Frank", "ksparks@example.org", "1917-10-15", "_JT6T2j+$6", "Premium", "Saint Barthelemy"),(50, "Ferrell", "Kara", "msteele@example.org", "1944-10-18", "H4D*vKps)$", "Deluxe", "Solomon Islands"), 
(51, "Russell", "Eric", "ybrown@example.net", "1967-07-16", "ntc01QJf%h", "Basic", "Saint Helena"),(52, "Ramirez", "Haley", "michele41@example.org", "1999-06-05", "(fV2x1ShXk", "Pro", "Austria"),(53, "Adams", "Bradley", "sharon84@example.com", "1967-09-22", "$K5C8g3r$y", "Pro", "El Salvador"),(54, "Jones", "Tom", "lori95@example.org", "1936-10-12", "^!3KjeQg6c", "Premium", "Greece"),(55, "Thornton", "Veronica", "amorris@example.org", "1956-08-31", "S)C38SeSZA", "Premium", "Liechtenstein"),(56, "Fischer", "Alan", "erichardson@example.org", "1969-05-26", "@9o&Z7npzP", "Basic", "Western Sahara"),(57, "Lin", "Amy", "zandrade@example.org", "1987-03-28", "m1o!94Uqb%", "Premium", "Liechtenstein"),(58, "Shelton", "Anna", "steve82@example.org", "1986-03-12", "J@e1pZ_s)X", "Deluxe", "Uruguay"),(59, "Warren", "Antonio", "nicholas67@example.net", "1963-09-21", "8Y86Tgeb#5", "Deluxe", "Guam"),(60, "David", "Angela", "danny44@example.net", "1968-04-02", "t^q1cPSy4^", "Deluxe", "Montenegro"),(61, "Cisneros", "Gregory", "justin34@example.net", "1945-01-15", "1)0dQ@Aj(D", "Deluxe", "Tajikistan"),(62, "Salazar", "Charles", "amymolina@example.net", "1964-10-10", "+5JiYOl+GF", "Ultimate", "Brazil"),(63, "Brady", "Ashley", "hurleynancy@example.net", "1933-03-09", "d7)CDXpR#h", "Premium", "Micronesia"),(64, "Phillips", "Marie", "johnsonamanda@example.org", "1921-09-24", "n9JsmmGW&9", "Ultimate", "Togo"),(65, "Walker", "Clayton", "mchang@example.org", "1986-10-22", "%8%eKZabc@", "Basic", "Dominican Republic"),(66, "Flores", "Herbert", "whitney70@example.com", "1954-03-03", "DL9NsI1g#x", "Deluxe", "El Salvador"),(67, "Figueroa", "Sabrina", "christopher31@example.com", "1968-03-14", "37QoOArq&X", "Basic", "Western Sahara"),(68, "Perez", "Christina", "joseph93@example.net", "1978-01-30", "T!8D7HEbUT", "Pro", "Cambodia"),(69, "Galvan", "Brittany", "lee34@example.org", "1990-05-24", "673jKqQG+", "Ultimate", "Algeria"),(70, "Harris", "Jo", "lesliehall@example.org", "1952-07-21", "X0WjmvI9@!", "Basic", "Kazakhstan"),(71, "Love", "Matthew", "jason99@example.net", "2005-07-15", "B#37yJnv8D", "Pro", "Greece"),(72, "Nguyen", "Catherine", "coopercolleen@example.net", "1938-10-23", "$2Nbt+Utox", "Deluxe", "Cameroon"),(73, "Nixon", "Amy", "andersonkelly@example.org", "1953-05-11", "7+B6MU#cti", "Deluxe", "Nepal"),(74, "Peck", "Crystal", "daniel06@example.org", "1987-02-11", "h#7(+zft_V", "Ultimate", "Germany"),(75, "Harvey", "Marilyn", "martinezkristen@example.com", "1963-06-19", "d*93ZZ6l2u", "Basic", "El Salvador"),(76, "Jones", "Timothy", "boliver@example.net", "2003-12-30", "3%Z6Kl3buv", "Pro", "Tuvalu"),(77, "Smith", "Timothy", "harpermatthew@example.org", "1988-02-08", "7sQf#fYp!@", "Pro", "Venezuela"),(78, "Johnson", "Matthew", "hayespaul@example.net", "1992-11-07", "#2fP1Y*jIP", "Basic", "Saint Barthelemy"),(79, "Jensen", "Sonya", "ygarcia@example.org", "1925-07-18", "(x!iJZcg07", "Pro", "Montenegro"),(80, "Cindy", "Dr.", "mcdonalddeborah@example.net", "2002-12-12", "TGqH3NsS0@", "Premium", "Yemen"),(81, "Mack", "Andrew", "twest@example.com", "1929-07-26", "W^7iQYf3d(", "Pro", "Eritrea"),(82, "Rodriguez", "Samuel", "ashleyvillarreal@example.org", "1984-01-04", "2#FXSvea&R", "Deluxe", "Indonesia"),(83, "Rowe", "Lori", "bmiller@example.com", "1958-04-25", "Mv64F^c2)$", "Premium", "Faroe Islands"),(84, "Rodriguez", "Kyle", "uschmidt@example.net", "1964-09-14", "+1_Riy(c$%", "Premium", "Nicaragua"),(85, "Decker", "Christopher", "moodysarah@example.org", "1963-01-25", "!dGstgvlJ5", "Pro", "Yemen"),(86, "Allen", "Lauren", "kevin71@example.net", "1988-08-12", "!IN9BfZs#Z", "Ultimate", "Martinique"),(87, "Warren", "Chad", "daniel91@example.org", "1994-04-15", "70HDAxkj_u", "Premium", "Tajikistan"),(88, "Walsh", "Scott", "michael17@example.com", "1916-04-29", "#7^JUm97YH", "Deluxe", "Germany"),(89, "Middleton", "Sara", "torreslori@example.net", "1931-10-06", "M_2EGtYOwG", "Premium", "Belarus"),(90, "Wells", "James", "timothy14@example.net", "1936-02-15", "H404WxhTG!", "Pro", "Guam"),(91, "Shaw", "Christopher", "vangkayla@example.net", "1946-10-27", ")eFLatKsC0", "Premium", "Philippines"),(92, "Mario", "Mr.", "stevenlopez@example.com", "1943-10-03", "*4WNugByhl", "Pro", "San Marino"),(93, "Powers", "Kenneth", "timothyphillips@example.net", "1921-06-29", "e16y0G4r)", "Ultimate", "Burundi"),(94, "Simmons", "Ryan", "hartjohn@example.org", "1921-02-03", "^tmzG*hpm9", "Deluxe", "Cuba"),(95, "Stout", "Regina", "claytonfloyd@example.com", "1926-05-13", "Cv*O4DCw^)", "Deluxe", "Tunisia"),(96, "Smith", "Rachel", "bjohnston@example.org", "1984-06-01", "@AH01ATte$", "Ultimate", "Macao"),(97, "Mills", "Michael", "wlam@example.net", "1968-06-19", "9lKudE9q(j", "Pro", "Djibouti"),(98, "Reed", "Mary", "hayessandra@example.com", "1972-07-10", "(C)84sLbj_", "Deluxe", "Montenegro"),(99, "Hernandez", "Carolyn", "jasonhumphrey@example.net", "1938-09-22", "+6DfCY(R$5", "Basic", "Gabon"),(100, "Williamson", "Timothy", "cohenjeffrey@example.org", "1988-11-20", "l_n7fEQy!u", "Ultimate", "Mali"), 
(101, "Walsh", "Zachary", "dsmith@example.org", "1983-10-05", "4_0Iu3cH(1", "Pro", "Faroe Islands"),(102, "Wong", "Robert", "murphyshawn@example.net", "1956-02-11", "@liSvQg9)7", "Premium", "Jersey"),(103, "Blair", "Michael", "mwoodward@example.org", "1999-10-06", "7tvIIxs1!!", "Pro", "Bolivia"),(104, "Arroyo", "Angela", "trancarrie@example.org", "1960-11-10", "%5Z^ZpOA&g", "Pro", "Tajikistan"),(105, "Williams", "Misty", "hsmith@example.net", "1920-08-28", "2jB37Roi#x", "Premium", "Netherlands Antilles"),(106, "Wilson", "Gregory", "tabbott@example.net", "1923-02-11", "vU9Xn^Jz+U", "Premium", "Macao"),(107, "Lopez", "Kayla", "meyerlisa@example.com", "1984-01-11", "%iN3@V(yp2", "Ultimate", "Cayman Islands"),(108, "Clark", "Megan", "robert32@example.com", "1951-04-12", "A8$GxqvF_Z", "Deluxe", "Gambia"),(109, "Dunn", "Robert", "simonjames@example.com", "1966-05-30", "I*((2@Tq1A", "Pro", "Comoros"),(110, "Mitchell", "Alice", "monicawalton@example.net", "1938-06-04", "#XLD3_q3c9", "Basic", "Malta"),(111, "Pierce", "Jill", "dustinmercado@example.org", "1920-03-22", "005EhMcE@H", "Pro", "Dominica"),(112, "Bradley", "Jacqueline", "chad09@example.org", "1945-03-02", "8TvYX8U@9", "Ultimate", "Bahrain"),(113, "Curtis", "Sharon", "wbrewer@example.com", "1984-06-12", "0)THY&8j*4", "Deluxe", "Greece"),(114, "Jenkins", "Susan", "olsonjasmin@example.org", "1919-04-25", "y!XZa5Ch1h", "Deluxe", "San Marino"),(115, "Johnson", "George", "vflores@example.org", "1955-07-24", "_I2Rjn5!!", "Ultimate", "Netherlands"),(116, "Roberts", "Michael", "rogersjacob@example.org", "1984-10-03", "^2Zu_dYkDW", "Deluxe", "Greece"),(117, "Beard", "Jeremy", "beardkenneth@example.org", "1996-07-08", "N(ZJ2OmrgB", "Premium", "Puerto Rico"),(118, "Sanders", "Jason", "leepamela@example.com", "1967-05-28", "&^vlctIqK2", "Pro", "Gabon"),(119, "Robbins", "Rachel", "wendy31@example.net", "1986-12-24", "(y07oOq0Iq", "Premium", "Sri Lanka"),(120, "Cervantes", "Janet", "debra15@example.com", "1966-02-28", "!!DNqU$zg4", "Premium", "Taiwan"),(121, "Hobbs", "Kenneth", "brittany48@example.com", "2001-01-20", "(I%Jvo5U)8", "Basic", "Cayman Islands"),(122, "Garcia", "Jessica", "williamsjason@example.com", "1920-12-05", "Z^0K1&Pp8C", "Premium", "Aruba"),(123, "Scott", "Donald", "melissacummings@example.org", "1963-07-28", ")%5gE!WdMV", "Pro", "Nepal"),(124, "Stephens", "Denise", "jennyking@example.com", "1996-04-15", "9wO6E5p*#w", "Pro", "Benin"),(125, "Cook", "Melvin", "emorgan@example.com", "1929-06-09", "UKHV$3AtDy", "Basic", "Slovenia"),(126, "Moreno", "Danielle", "ujohnson@example.com", "1977-10-11", "*9H%49VtY+", "Deluxe", "Brazil"),(127, "Bray", "Larry", "cartercharles@example.com", "1924-08-14", "(SR+sLI448", "Ultimate", "Morocco"),(128, "Morales", "Renee", "megan60@example.net", "1953-08-12", "7_0d78TtX#", "Premium", "Germany"),(129, "Reed", "Marcus", "jason07@example.org", "1994-10-11", "xy)$5nXaHc", "Basic", "Somalia"),(130, "Johnston", "Shawn", "margaretlee@example.net", "1931-10-27", "$62*Dop6Wc", "Pro", "Bolivia"),(131, "Black", "Veronica", "khansandra@example.org", "1964-08-17", "h@*5(T+s#f", "Deluxe", "Grenada"),(132, "Jacobson", "Craig", "alejandratownsend@example.net", "1933-05-08", "@zKi^fgtA1", "Premium", "Bermuda"),(133, "Meadows", "Matthew", "alexissanchez@example.com", "1964-09-10", "$fZ86WPv@7", "Basic", "Macao"),(134, "Burke", "Casey", "moorebrandon@example.com", "1937-09-21", ")HOxq(_T)0", "Premium", "Faroe Islands"),(135, "Baker", "William", "leeaustin@example.com", "1935-08-31", ")2tpV7ckfx", "Ultimate", "Angola"),(136, "Khan", "Shannon", "martinezcristian@example.com", "1923-07-29", "#XvrVmJM$3", "Ultimate", "Tuvalu"),(137, "Cross", "Nicole", "valeriemccormick@example.org", "1952-10-12", "pW2tR)Ce%^", "Deluxe", "Djibouti"),(138, "Miller", "Patrick", "smithruth@example.com", "1918-12-20", ")SEPIu1z0$", "Ultimate", "Liberia"),(139, "Wright", "Anthony", "nicholaslara@example.org", "1951-04-06", "hQs0KuB3%&", "Basic", "El Salvador"),(140, "Hall", "Jaclyn", "marksmith@example.net", "1991-06-05", "@7QztDJvC1", "Basic", "Malawi"),(141, "Nichols", "Chad", "qgarza@example.org", "1979-11-16", "W#OnC5Tdmp", "Ultimate", "Kazakhstan"),(142, "Walker", "Kevin", "walkertyler@example.net", "1942-11-12", "M2jH7DQG)d", "Ultimate", "Micronesia"),(143, "Mayo", "Wesley", "stevenbailey@example.net", "1960-02-26", "Sy7LiZR9$9", "Basic", "Bahrain"),(144, "Morgan", "Jeffrey", "urichards@example.org", "1994-10-28", "@iYHKUEa)5", "Premium", "Tajikistan"),(145, "Allen", "Benjamin", "andreaflowers@example.org", "1959-02-06", "1Sd8SBam&o", "Deluxe", "Zambia"),(146, "Dennis", "Amber", "xhill@example.org", "1934-05-17", "uQn0&FqQU%", "Basic", "Zambia"),(147, "Terrell", "Claire", "deborah01@example.org", "1999-01-17", "mpUci6T_A$", "Deluxe", "Samoa"),(148, "Howell", "Nancy", "cbrown@example.org", "1920-02-25", "Fxb3zoFGT#", "Ultimate", "Macao"),(149, "Rodriguez", "Theresa", "hoodnatalie@example.com", "1972-09-01", "ng5H7DDx@A", "Pro", "Cameroon"),(150, "Allison", "Daniel", "barrmichael@example.org", "1961-06-27", "yfj#3gNyl9", "Pro", "Aruba"), 
(151, "Richardson", "Lisa", "nhernandez@example.com", "1975-06-30", "$JVI0wTanW", "Deluxe", "El Salvador"),(152, "Hamilton", "Kristy", "orogers@example.com", "1968-10-25", "R7BPqrsw#4", "Basic", "Kazakhstan"),(153, "Smith", "Linda", "harriskristine@example.net", "1995-02-03", "o34Maez2&", "Basic", "Cameroon"),(154, "Baker", "Christopher", "ohines@example.com", "1955-11-30", "4gJZNIcI^#", "Ultimate", "Kiribati"),(155, "Price", "John", "owensdanny@example.org", "1916-03-30", "(pypz6Aixi", "Ultimate", "Samoa"),(156, "Velasquez", "Jeffery", "ygates@example.org", "1937-10-12", "(4HqnUMF!y", "Deluxe", "Tajikistan"),(157, "Smith", "Shawn", "zachary75@example.net", "1952-10-01", "R1IQHbUZU", "Deluxe", "Rwanda"),(158, "Williams", "Wendy", "sallyford@example.org", "1946-09-23", "y$7lgWhxri", "Pro", "Benin"),(159, "Kelley", "Steven", "sanchezwalter@example.net", "1932-11-05", "!5Er1Uh3I", "Deluxe", "Sri Lanka"),(160, "Collins", "Benjamin", "jeremy54@example.com", "2000-05-28", ")zgb&1Oe!S", "Pro", "Bahrain"),(161, "Gonzalez", "Kevin", "paulcook@example.com", "1920-07-25", "1CCxIcOO(l", "Basic", "Belgium"),(162, "Edwards", "Jacqueline", "vsnyder@example.net", "1958-08-26", "@JuCWVow88", "Ultimate", "Nepal"),(163, "Baldwin", "Thomas", "christine96@example.org", "1939-10-26", "^$PybU+x)9", "Premium", "Faroe Islands"),(164, "Hill", "Amanda", "johndennis@example.com", "1969-09-19", "jNTw1nWd!8", "Pro", "Grenada"),(165, "Ferguson", "Stacey", "bmurphy@example.org", "1939-03-18", "*D#Xcfj@s4", "Premium", "Solomon Islands"),(166, "Garcia", "William", "ryanmata@example.org", "1962-04-02", "YX#F5rQbW9", "Pro", "Tajikistan"),(167, "Lee", "Eddie", "bradley08@example.org", "1972-03-06", "($@TSN8fi5", "Deluxe", "Solomon Islands"),(168, "Munoz", "Amy", "smolina@example.org", "1973-02-27", "W3IlYFc&^g", "Basic", "Barbados"),(169, "Reeves", "Jessica", "kathleencox@example.org", "1930-09-03", "QorO*Ivu%7", "Ultimate", "Micronesia"),(170, "Johnson", "Jeffrey", "victoriatucker@example.org", "1925-10-24", "x4l1uQdf^F", "Premium", "Belgium"),(171, "Mendoza", "Deborah", "nrowe@example.com", "1977-12-20", "P0$^1PGr#", "Basic", "New Zealand"),(172, "Green", "Samuel", "laura21@example.com", "1920-12-22", "U0fMoBp0@J", "Premium", "Dominica"),(173, "Michael", "Mr.", "evansanita@example.com", "1993-08-05", "*jWSxXk7D9", "Ultimate", "Netherlands Antilles"),(174, "Harris", "Deborah", "cantrellcynthia@example.org", "1971-02-21", "YMS1yACs@", "Ultimate", "Malaysia"),(175, "Martin", "Amy", "hayleymayo@example.com", "1988-07-28", "(dD!gHfZ%6", "Ultimate", "Maldives"),(176, "Baker", "Emily", "rebeccalozano@example.net", "2004-09-30", "LR9zrUYyS&", "Premium", "Yemen"),(177, "Tanner", "Erin", "jamie67@example.org", "1954-03-22", "b_G71#Waw2", "Ultimate", "Belgium"),(178, "Orr", "Andrew", "benjamincombs@example.net", "1961-12-19", "(nXuuhAqm7", "Deluxe", "Angola"),(179, "Miller", "Richard", "amanda87@example.com", "2005-10-12", ")RIv5MNgy3", "Pro", "El Salvador"),(180, "Garcia", "Tony", "copelandjason@example.com", "1967-04-28", "@@4OrQAm)G", "Premium", "Dominica"),(181, "Richardson", "Stephanie", "jennifer93@example.net", "1959-03-26", "&h%BHmWj)4", "Premium", "Micronesia"),(182, "Craig", "Jared", "yphillips@example.net", "1962-05-06", "1QK3XgzY$)", "Ultimate", "Latvia"),(183, "Thomas", "Allison", "cynthiahughes@example.net", "1992-10-08", "t8L^ANeT_2", "Deluxe", "Malaysia"),(184, "Schmitt", "Teresa", "maryperez@example.net", "1971-10-03", "i88e_6J!@n", "Pro", "Slovenia"),(185, "Meyer", "James", "melissawilliams@example.com", "1917-02-08", "e(D*7Iajb3", "Deluxe", "Congo"),(186, "Clarke", "Marie", "michael36@example.net", "1979-04-03", "J2XIJxt_$r", "Basic", "Gabon"),(187, "Mccormick", "Monica", "hillmatthew@example.com", "1973-03-29", "!(F4NuS0fo", "Ultimate", "Greece"),(188, "Griffith", "Cameron", "kristenmoreno@example.net", "1917-05-06", "a2UWhaX5^s", "Pro", "Israel"),(189, "Swanson", "Debra", "jackson39@example.org", "2000-04-11", "(lG6o&Cx9y", "Premium", "Tunisia"),(190, "Miller", "Jeremy", "garrettmichael@example.org", "1975-02-07", "^z1H&3Md4U", "Premium", "Brazil"),(191, "Watson", "Ryan", "websterjohnny@example.net", "1945-12-30", "X!b1Pfqx@B", "Basic", "Taiwan"),(192, "Tucker", "Craig", "tracey91@example.net", "1930-10-20", "LM7FJbKO_n", "Premium", "Malaysia"),(193, "Snyder", "Carlos", "mitchellsanders@example.com", "1958-07-06", "U6GUlbSv+q", "Deluxe", "Chile"),(194, "Johnson", "Ashley", "xconner@example.com", "1999-01-07", "()YyCpDj35", "Pro", "Barbados"),(195, "Simmons", "Sarah", "caitlynramos@example.com", "1972-07-09", "s)4We@3Zp", "Premium", "Taiwan"),(196, "Clark", "Tammy", "ramirezisaac@example.org", "1994-04-29", ")e9aiYz4by", "Deluxe", "Tunisia"),(197, "Rogers", "Jennifer", "adamcurtis@example.net", "2005-10-10", "iT7_J)da*N", "Basic", "Djibouti"),(198, "Bowers", "Christina", "millerjeremy@example.org", "1971-09-19", "@^z3Lv$Dhq", "Pro", "Tunisia"),(199, "Neal", "Eugene", "bwalsh@example.org", "1987-12-04", "ny#pIVAo*2", "Deluxe", "Cameroon"),(200, "Miller", "Susan", "julie83@example.com", "1965-05-06", "J99nU)p2_J", "Ultimate", "Austria"), 
(201, "Hernandez", "Andrew", "darlene33@example.com", "1938-08-11", "^shH4nSaDy", "Basic", "Nepal"),(202, "Simpson", "Charles", "morgankevin@example.com", "1992-03-21", "WV3!X7NkHq", "Premium", "South Africa"),(203, "Jennifer", "Miss", "jbartlett@example.org", "1989-08-14", ")2MA9yWXSk", "Ultimate", "Cayman Islands"),(204, "Castro", "Alicia", "croberts@example.com", "1994-06-29", "mu9ZMn^%J*", "Basic", "San Marino"),(205, "James", "Dr.", "joshuageorge@example.net", "1971-06-14", "J1aFRys(E", "Ultimate", "Afghanistan"),(206, "Martinez", "Anthony", "jeffrey52@example.net", "1993-09-15", "+kVdqwPh02", "Basic", "San Marino"),(207, "Johnston", "Mark", "amanda73@example.com", "1925-03-13", "&(H*NeKL6", "Pro", "Singapore"),(208, "Taylor", "Todd", "klucero@example.org", "1971-12-18", "^&tXzPe0O", "Basic", "Dominican Republic"),(209, "Johnson", "Kristin", "joseph98@example.com", "1968-08-12", "_c_bY39nN1", "Basic", "Germany"),(210, "Wallace", "John", "martinezsarah@example.com", "1939-01-17", "A@c70Jhwb+", "Pro", "Afghanistan"),(211, "Lewis", "Bradley", "mollybird@example.org", "2000-05-10", "Kxaz1UV6L+", "Deluxe", "Solomon Islands"),(212, "Conrad", "Marilyn", "stantonray@example.org", "1921-01-16", "2@CH2LkyI^", "Pro", "Dominican Republic"),(213, "Bean", "Sandra", "ronald36@example.net", "1951-10-24", ")Dt_P9ex8u", "Premium", "Grenada"),(214, "Cordova", "Steven", "youngjoshua@example.net", "1952-10-28", "$*Ni9KzLCM", "Basic", "Barbados"),(215, "Perez", "Christina", "matthewgilbert@example.com", "1959-04-17", "n0mkLrOe@6", "Pro", "San Marino"),(216, "Robinson", "Jade", "claytonpatrick@example.org", "1974-04-11", "@26pd7Dc)i", "Pro", "Austria"),(217, "Bolton", "David", "jeannejackson@example.net", "1980-01-30", "*AEV3KSnEl", "Deluxe", "Togo"),(218, "Webster", "Kristin", "stephanie18@example.org", "1985-04-28", "uW1&Yxl@(S", "Pro", "Dominican Republic"),(219, "Gomez", "Beverly", "michael91@example.org", "1954-01-05", "%JMGYXp5X8", "Pro", "Cuba"),(220, "Nguyen", "Michael", "walkercameron@example.net", "1931-09-10", "!Tm^43Lvh9", "Premium", "Afghanistan"),(221, "Barnes", "George", "mckenzie30@example.com", "1965-03-25", "IYQ2P_dF)5", "Deluxe", "Eritrea"),(222, "Obrien", "Brady", "uruiz@example.net", "1923-04-28", "+p3ANhyC1U", "Pro", "Liberia"),(223, "Rose", "Christopher", "wjackson@example.net", "1950-07-14", "iKZ^95RsH^", "Deluxe", "Comoros"),(224, "Miller", "Christopher", "allenrhonda@example.net", "1980-11-15", "^Pugs)pm9W", "Premium", "Samoa"),(225, "Farmer", "Justin", "cherylcross@example.com", "1992-04-01", "274hHtte%", "Deluxe", "Eritrea"),(226, "Freeman", "William", "gary45@example.com", "1991-08-20", "(6%C1m@Fy", "Pro", "Somalia"),(227, "Phillips", "Robert", "smithtyler@example.net", "1955-10-28", "2i7ZjCh!$X", "Pro", "Barbados"),(228, "Aguilar", "Gary", "david69@example.org", "1972-07-21", "_0J7oChlrL", "Premium", "Israel"),(229, "Wright", "Vanessa", "donald51@example.net", "1958-12-31", "%q9Twxw7Ei", "Premium", "Philippines"),(230, "Robinson", "Harry", "douglasmiller@example.org", "1938-10-27", "(aHBkAYae8", "Pro", "Swaziland"),(231, "Andrews", "Christina", "collinjohnson@example.com", "1992-01-07", "*cviZFjop5", "Pro", "Bolivia"),(232, "Patterson", "Alexandria", "shawthomas@example.org", "1977-01-16", "^9q$KIkeRs", "Pro", "Germany"),(233, "Randolph", "Brian", "rmorris@example.net", "1998-09-06", "i)6RLq*FzM", "Premium", "United Arab Emirates"),(234, "Mckay", "Dawn", "lisalee@example.org", "1970-07-21", "w0LRSYi%*v", "Basic", "Belgium"),(235, "Bishop", "Christopher", "johnsonkristin@example.net", "1926-02-24", "q@T9ZYg6e", "Ultimate", "Somalia"),(236, "Rodriguez", "Derek", "justin49@example.com", "1939-05-16", "qh616RvyS(", "Basic", "North Macedonia"),(237, "Alvarez", "Andrew", "mitchell10@example.org", "1926-03-21", "&&E499Lk($", "Basic", "Cameroon"),(238, "Grant", "Melanie", "xmartin@example.org", "1924-12-29", "V!a8cDvtA*", "Premium", "Micronesia"),(239, "Wheeler", "Jennifer", "yyoung@example.net", "1926-09-19", "b&7AHthU$M", "Deluxe", "Cameroon"),(240, "Coleman", "Melissa", "barbarafernandez@example.com", "1946-06-06", "#^v3A$kr7K", "Ultimate", "Belgium"),(241, "Hill", "Nicholas", "diaztara@example.com", "2005-10-15", "+Hpw5&Ae)q", "Basic", "Germany"),(242, "Huerta", "Keith", "xguerra@example.org", "1921-08-10", "31s)DguD&y", "Premium", "New Zealand"),(243, "Phillips", "Patrick", "robertspaul@example.net", "1920-05-27", "(UZ!)Umrx3", "Ultimate", "United Arab Emirates"),(244, "Norman", "Craig", "ybowen@example.com", "1959-08-06", "xuBO4iCmS$", "Deluxe", "El Salvador"),(245, "Goodwin", "Stephen", "samanthagarcia@example.net", "1966-06-07", "xKJ5HN^s*l", "Ultimate", "Puerto Rico"),(246, "Warren", "David", "theresawashington@example.com", "2002-06-22", "_fK&T8)KM6", "Pro", "Swaziland"),(247, "Ryan", "Michael", "garciatheresa@example.com", "1965-10-08", "!pC8Wx#RJ!", "Premium", "Algeria"),(248, "Randall", "Edwin", "pclark@example.org", "1989-07-12", "RP+9cDtvW(", "Ultimate", "Swaziland"),(249, "Freeman", "Evan", "uwest@example.net", "1922-10-20", "!pGDPqbbz4", "Deluxe", "Latvia"),(250, "Anderson", "Stephanie", "katherinehernandez@example.net", "1983-05-14", "^pEWxIzh0O", "Deluxe", "Netherlands"), 
(251, "Brewer", "Brian", "robert75@example.net", "1926-02-14", "ns2s(K_Pz&", "Ultimate", "Benin"),(252, "Craig", "Deanna", "gregoryrichardson@example.net", "1919-07-12", "Jlj0yCw@Q_", "Pro", "Comoros"),(253, "Lutz", "Matthew", "glee@example.org", "2001-05-02", "0vtXKSSf%4", "Deluxe", "Swaziland"),(254, "Robinson", "Sean", "romerobrian@example.com", "1997-12-29", "(%uVw3hz_4", "Premium", "Rwanda"),(255, "Robertson", "Jonathan", "jsnyder@example.com", "1936-08-13", "S8bkaTiv_O", "Premium", "Bolivia"),(256, "Roberts", "Margaret", "bonnie75@example.org", "1982-01-03", "vsWny83m!4", "Ultimate", "Mongolia"),(257, "Watkins", "Maria", "kenneth90@example.net", "1940-04-12", ")sO8Fv8^*!", "Premium", "Guam"),(258, "Vazquez", "Beverly", "yjones@example.org", "1985-05-02", "IGlA1Fxlt@", "Premium", "Somalia"),(259, "Keller", "Kimberly", "dobrien@example.org", "1933-07-09", "$)iHxyJnz3", "Basic", "Aruba"),(260, "Moore", "Kathryn", "elizabeth20@example.net", "1985-07-30", "kP6StsLN#&", "Basic", "Uruguay"),(261, "Rogers", "Stephanie", "idavis@example.com", "1992-01-07", "ua7WIr90(a", "Deluxe", "Cote d'Ivoire"),(262, "Spears", "Stacey", "sandovalchristine@example.org", "1980-05-24", ")$+qVH^x39", "Ultimate", "Congo"),(263, "Butler", "George", "timothywilliams@example.org", "1999-02-03", "YOBKfoxt%8", "Deluxe", "Christmas Island"),(264, "Allen", "Sarah", "zalvarez@example.com", "1932-10-15", "$1Lp*rrl1d", "Basic", "Greece"),(265, "Rodriguez", "Nathan", "selena21@example.org", "1996-02-12", "0qJhNa@5$4", "Ultimate", "Monaco"),(266, "Thomas", "Melanie", "jeffreygalvan@example.org", "1919-01-12", "*n6RAsphq1", "Basic", "Montenegro"),(267, "Castillo", "Alejandro", "douglas37@example.net", "1949-10-12", "$k1sDmi31^", "Pro", "Latvia"),(268, "Strickland", "Amanda", "madeline49@example.com", "1941-05-27", "aV6FcceX)K", "Deluxe", "Singapore"),(269, "Knapp", "Pamela", "lschaefer@example.com", "1945-11-09", "lICDOTDc#7", "Pro", "Micronesia"),(270, "Martinez", "Wendy", "phillipmorris@example.com", "1989-04-02", "Cu0wW)Hq)f", "Deluxe", "Djibouti"),(271, "Wells", "Cristian", "hillkristin@example.net", "1928-01-21", "BX96DhJe)w", "Ultimate", "Djibouti"),(272, "Andrews", "Kyle", "ryanramirez@example.org", "1986-03-27", "w%3Ks#XeLr", "Pro", "Comoros"),(273, "Clay", "Kimberly", "ylevy@example.org", "2003-10-03", "$69gA$YyT8", "Deluxe", "Jamaica"),(274, "Taylor", "Robert", "michaellucero@example.com", "1923-05-24", "@9cV$cNl^O", "Deluxe", "Brazil"),(275, "Miller", "Henry", "brittanywoodard@example.net", "2003-11-02", "VJJ0BFl7h@", "Basic", "Guam"),(276, "Duncan", "Christine", "rachel38@example.com", "1991-10-17", "#Pj4VI)pJo", "Deluxe", "Liechtenstein"),(277, "Jordan", "Dennis", "dweber@example.net", "1987-04-01", "&k0TQot4$j", "Pro", "Barbados"),(278, "Gregory", "Jacob", "jacqueline66@example.net", "2001-10-13", "^0hSUQ+k*K", "Basic", "Tajikistan"),(279, "Parker", "Nicholas", "jasminephillips@example.net", "1991-05-09", "2@y1Xv!@!Y", "Basic", "American Samoa"),(280, "Lawson", "Jerome", "mbuchanan@example.net", "1929-09-15", "c$6HjoTzr&", "Deluxe", "El Salvador"),(281, "Flores", "Adam", "canderson@example.org", "1962-06-06", "7ERVejGz$K", "Pro", "Chile"),(282, "Kelley", "Bailey", "kayla59@example.com", "1994-06-30", "_obgv3Ayo+", "Deluxe", "Malawi"),(283, "Jenkins", "Kevin", "samantha05@example.net", "1933-12-12", "Q83RxkDf_9", "Premium", "Guam"),(284, "Mcdonald", "Benjamin", "edwardjimenez@example.com", "1926-03-07", "@B(!9VNNs6", "Ultimate", "North Macedonia"),(285, "Vincent", "Cassie", "xconrad@example.org", "1988-02-13", "$k3BCcsrnN", "Ultimate", "Malaysia"),(286, "Jordan", "Patrick", "dparker@example.com", "1923-04-28", "!wcoHd7$W5", "Basic", "Tuvalu"),(287, "Hicks", "Timothy", "rlee@example.net", "1951-01-05", "jvH4rW(7r#", "Deluxe", "Tajikistan"),(288, "Bryan", "Tony", "rachelcannon@example.org", "1960-12-12", "yz+TSwB2f!", "Pro", "Belarus"),(289, "Lewis", "Tonya", "njoseph@example.net", "1938-08-10", "()5V%G$H!q", "Basic", "Bolivia"),(290, "Dunn", "Mary", "hatfieldlucas@example.net", "1953-09-19", ")Ne3Evof!K", "Pro", "Rwanda"),(291, "Harris", "Evan", "smallterri@example.org", "1941-06-10", "+W&ZDsnnm8", "Premium", "Dominican Republic"),(292, "Hurley", "Tiffany", "wellsbrandy@example.net", "2004-02-16", "%*34uOHyRp", "Basic", "Maldives"),(293, "Baker", "Jeffrey", "staffordstephanie@example.org", "2000-09-26", "W93X2NdG@8", "Pro", "Suriname"),(294, "Miller", "Angela", "john45@example.org", "1960-03-26", "^owIAIcv77", "Ultimate", "Cambodia"),(295, "Taylor", "Deborah", "angela17@example.org", "1970-08-09", "s73CnsGF%P", "Pro", "Nepal"),(296, "Costa", "Erin", "williamjohnston@example.com", "1967-10-23", "5*c8KvaDz^", "Ultimate", "Micronesia"),(297, "Martin", "Christopher", "marywright@example.com", "1981-08-10", "&#s7Mlch(p", "Pro", "Slovenia"),(298, "Simon", "Katie", "zcain@example.com", "1965-03-04", ")8nDNQMjQ3", "Ultimate", "Comoros"),(299, "Lopez", "Tyler", "fisherkimberly@example.org", "1931-09-07", "$9Z_3u^qfN", "Pro", "Mongolia"),(300, "Simon", "Erika", "kennethbarrett@example.net", "1986-08-05", "5+@cg_Lj@0", "Basic", "Philippines"), 
(301, "Franklin", "Lance", "ugould@example.org", "1988-12-22", "!5BUbxPk^+", "Pro", "North Macedonia"),(302, "Fuentes", "Barry", "angelastewart@example.org", "2005-10-29", "aS5aJ(Xcd%", "Pro", "Russian Federation"),(303, "Hudson", "Eric", "johnsonjohn@example.org", "1996-09-26", "!3LIo$S1YO", "Deluxe", "North Macedonia"),(304, "Garner", "Dawn", "baileyjamie@example.org", "1994-02-04", "!w6V^rBJ_1", "Premium", "Uruguay"),(305, "Welch", "Andrew", "fuentescourtney@example.com", "1997-04-05", "f@37TSWqLn", "Deluxe", "Suriname"),(306, "Lopez", "Joseph", "smithveronica@example.net", "1981-10-15", "V%7PgKyRZm", "Basic", "Germany"),(307, "Obrien", "Jessica", "alishahall@example.org", "1947-04-10", "(aQ&BfKy40", "Pro", "Grenada"),(308, "Figueroa", "Erin", "shelleylee@example.net", "1917-09-19", "5*Z4BTklZO", "Premium", "Suriname"),(309, "Tucker", "Monique", "jonesjames@example.org", "1920-06-09", ")C5bX_gR@0", "Ultimate", "New Zealand"),(310, "Reed", "David", "burkederek@example.com", "1977-06-21", "S+)^7Ahe&W", "Deluxe", "Belarus"),(311, "Thompson", "Todd", "janicesampson@example.com", "1956-06-11", "!7P5YV#aEv", "Premium", "Nicaragua"),(312, "Davis", "Gary", "cody91@example.com", "1975-06-20", "+6kg$3Jned", "Basic", "Indonesia"),(313, "Mendez", "Amber", "michellethomas@example.org", "1960-02-01", "Rt4SN!DbP&", "Premium", "Gabon"),(314, "Garcia", "Diana", "kbryan@example.org", "1977-06-29", "Us#a6CUM9!", "Premium", "Aruba"),(315, "Wilson", "Michael", "caldwelllauren@example.org", "1977-07-30", "^I1SXJ*p!@", "Deluxe", "Dominica"),(316, "Nash", "Mark", "omacias@example.com", "1939-07-23", "y%7wZAXtDN", "Basic", "Taiwan"),(317, "Brown", "Monique", "ambermcknight@example.net", "1978-11-03", "Hx7eFjl^0(", "Deluxe", "Micronesia"),(318, "Odonnell", "John", "okey@example.org", "1941-03-10", "M83uCP@c&p", "Premium", "Puerto Rico"),(319, "Cooper", "Christopher", "kurtfreeman@example.com", "2003-07-25", "@mPHLwz378", "Premium", "Croatia"),(320, "Meyer", "Carlos", "jennifermcdaniel@example.org", "1995-08-22", "*BsJbAmB(4", "Premium", "Dominica"),(321, "Carr", "Donald", "qstevens@example.org", "1973-05-08", "6QrAYmX#@M", "Pro", "Saint Barthelemy"),(322, "Shields", "Craig", "thomaskatherine@example.com", "1963-11-27", "VL434B_kK(", "Basic", "Israel"),(323, "Todd", "Kimberly", "matthewjones@example.com", "1954-04-15", "^RVXm^)pr1", "Premium", "Venezuela"),(324, "Small", "Tiffany", "joanna60@example.org", "1987-03-26", "TRQTcomO#6", "Basic", "Zambia"),(325, "Miller", "Danielle", "kevinschneider@example.org", "1996-05-30", "4n4gY3lw$o", "Pro", "Faroe Islands"),(326, "Beck", "Christine", "susandixon@example.org", "1933-05-29", "+Ah^fRAl(6", "Pro", "Algeria"),(327, "Brittany", "Miss", "nicholas64@example.net", "1993-02-10", "@2WRKoNUR!", "Ultimate", "Liberia"),(328, "Jones", "David", "ajames@example.net", "1960-02-29", "2)+WxP2g)P", "Basic", "Eritrea"),(329, "Jackson", "Crystal", "cantusean@example.com", "1920-02-04", "l@gs91Dys_", "Ultimate", "Dominican Republic"),(330, "Cruz", "Thomas", "suzannevasquez@example.org", "1941-12-26", "3t8auIpf#^", "Deluxe", "El Salvador"),(331, "Norris", "Roger", "tmyers@example.com", "1919-09-09", "^OY$SlTi9K", "Ultimate", "Montenegro"),(332, "Zimmerman", "Nicole", "wallsjeffrey@example.com", "1943-08-01", "!v2%hDmEtW", "Deluxe", "Mali"),(333, "Evans", "Blake", "rjimenez@example.com", "1951-05-10", "DTYw%2Oiu&", "Pro", "Belgium"),(334, "Harper", "Virginia", "melanielang@example.org", "1989-02-16", "C6c8L9hH&7", "Deluxe", "Saint Helena"),(335, "Woodward", "Cindy", "yriley@example.net", "1994-10-02", "ta4+6N5e75", "Basic", "Belarus"),(336, "Roach", "Jack", "donna15@example.net", "1984-12-03", "$+$8T&Sxf&", "Premium", "Greece"),(337, "Johnson", "Tara", "marcus65@example.com", "1963-06-30", "+&a6Rh*nTs", "Deluxe", "Argentina"),(338, "Davenport", "Isaiah", "carrillojames@example.net", "2004-10-04", "M92f_xAj_S", "Ultimate", "Bolivia"),(339, "Owens", "David", "brian30@example.com", "1965-04-08", "IlFn7SUi(I", "Ultimate", "Austria"),(340, "Gomez", "Jordan", "omaryoung@example.com", "1969-07-08", "Al@)42Xxky", "Premium", "Djibouti"),(341, "Travis", "David", "pamela46@example.net", "1982-08-04", "_%k6NNySw(", "Basic", "Nicaragua"),(342, "Huffman", "Andrea", "mistyhenson@example.com", "1917-02-24", ")oM&Q^Sg9%", "Premium", "Monaco"),(343, "Thomas", "Antonio", "carl18@example.com", "1940-06-16", ")6Yx5uIWL5", "Pro", "Cuba"),(344, "Palmer", "Billy", "john75@example.net", "1951-03-19", "rX!87JkTkY", "Pro", "Togo"),(345, "Villa", "David", "glasscourtney@example.com", "1935-07-15", ")!qR)fnp96", "Premium", "Australia"),(346, "Alvarado", "Amy", "hamiltonteresa@example.com", "1918-03-13", "97GTxk$G+b", "Basic", "Liechtenstein"),(347, "Ortega", "Craig", "johnwilliams@example.net", "1932-11-22", "h#59OCpbMs", "Deluxe", "Cote d'Ivoire"),(348, "White", "Sydney", "pcontreras@example.net", "1963-06-30", "67qN1OjH^2", "Basic", "Sri Lanka"),(349, "Harris", "Lindsay", "curtislin@example.com", "1989-10-30", "d7MD#qNS^Z", "Premium", "Egypt"),(350, "White", "James", "matthewbrown@example.net", "1940-01-01", "&t2TrsvaWj", "Basic", "Kiribati"), 
(351, "Hutchinson", "Victoria", "johnsondavid@example.com", "1986-01-28", "^7X#!3e+e", "Pro", "Barbados"),(352, "Jenkins", "Eric", "connerchristopher@example.com", "1990-03-15", "S1wTOweK#v", "Pro", "Croatia"),(353, "Davis", "Larry", "lunaleah@example.com", "1927-12-12", "Sy3ZA%Lz&S", "Ultimate", "Greece"),(354, "Maxwell", "Joshua", "justin03@example.com", "1991-05-13", "*2H4gGcul3", "Ultimate", "Suriname"),(355, "Acosta", "Jennifer", "lduke@example.com", "1917-08-18", "_gEUyqNl4&", "Basic", "Samoa"),(356, "Farley", "Chelsea", "mthomas@example.com", "1956-11-19", "TVoDc7Zyz&", "Deluxe", "Angola"),(357, "Brown", "Noah", "frowe@example.net", "1917-03-31", "q5ylhCVy%n", "Ultimate", "Micronesia"),(358, "Osborne", "Dawn", "flam@example.org", "1974-01-12", "y^0uCvwDnd", "Pro", "Comoros"),(359, "Perez", "Mark", "jonessteven@example.com", "1919-08-18", "C^4XaLop&D", "Premium", "El Salvador"),(360, "Crawford", "Penny", "joshuaeaton@example.net", "1980-05-13", "2H9JvXpE+3", "Basic", "Morocco"),(361, "Finley", "Rachel", "smithkristin@example.org", "1976-01-04", "Y$P&7wKyo0", "Deluxe", "Vietnam"),(362, "Smith", "Kaitlyn", "moralesmarcia@example.net", "1960-01-01", "NiC&2cWaAa", "Premium", "Bermuda"),(363, "Jones", "Ricardo", "mcknightjustin@example.com", "1936-06-06", "Ss$*E0FJt", "Ultimate", "Maldives"),(364, "Foster", "Samuel", "jennifer07@example.org", "1995-09-14", "&zAjVu*Yi8", "Ultimate", "Syrian Arab Republic"),(365, "Mitchell", "Amy", "ygentry@example.org", "1972-05-13", "8klUkLYa#3", "Pro", "Vietnam"),(366, "Stevens", "Debra", "tara65@example.org", "1991-05-23", "Mb6iSsbGC@", "Pro", "Micronesia"),(367, "Browning", "Breanna", "shermanamanda@example.org", "1984-09-17", "914oANfR(D", "Premium", "Togo"),(368, "Anderson", "Alyssa", "scastillo@example.net", "1978-07-26", "4dENkBqf)L", "Ultimate", "Dominican Republic"),(369, "York", "Anthony", "nblack@example.net", "1940-10-10", "$4BW1cE&I!", "Premium", "Benin"),(370, "Bentley", "Jillian", "williamharvey@example.net", "1972-05-02", "$Rfnv%Tq)6", "Deluxe", "Cayman Islands"),(371, "Davis", "Catherine", "jackmitchell@example.com", "1935-10-01", "Ht7dEG_w!R", "Ultimate", "Solomon Islands"),(372, "Thompson", "Leslie", "qgoodwin@example.net", "1988-01-17", "@1d1R+dnsU", "Deluxe", "Belgium"),(373, "Moore", "Caitlin", "hughesmiguel@example.net", "1990-02-10", "$A2b*DBmLM", "Basic", "Afghanistan"),(374, "Pineda", "Kyle", "elizabethyates@example.org", "1989-04-04", ")xopySut1w", "Basic", "Syrian Arab Republic"),(375, "Graves", "Richard", "rebecca44@example.org", "1991-04-03", "O)516Ulg)^", "Basic", "Dominican Republic"),(376, "Adams", "Steven", "matthewgreen@example.org", "1933-10-28", "y00KZjDs&z", "Pro", "Tajikistan"),(377, "Howell", "Daniel", "wcarlson@example.net", "1928-08-02", "&2yZmWRgOq", "Deluxe", "Cameroon"),(378, "Flores", "Anna", "carly24@example.org", "1940-01-21", "%CcQbF@y55", "Basic", "Malaysia"),(379, "Elliott", "Ryan", "gdudley@example.org", "1934-05-01", "Bc9DCDZq#@", "Ultimate", "Slovenia"),(380, "Summers", "Tonya", "omorris@example.com", "1959-04-25", "!M1BP@lM7a", "Deluxe", "Malawi"),(381, "Hahn", "Brian", "juliepeck@example.net", "1921-03-16", "!9(rDi5w1", "Basic", "Congo"),(382, "Johnson", "Kevin", "kneal@example.net", "1985-02-18", "RG4eCo0u!5", "Basic", "Venezuela"),(383, "White", "Andrew", "andersonjeffrey@example.net", "1980-09-07", "+^3LiNPrca", "Ultimate", "Eritrea"),(384, "Wright", "Amanda", "robert34@example.net", "1988-08-22", "I&74QfGl2t", "Pro", "Zambia"),(385, "Garcia", "Danielle", "hcosta@example.com", "1957-04-11", "t@Z0byYy7K", "Deluxe", "Guam"),(386, "Elliott", "John", "fortega@example.net", "1939-05-13", "_2XUs1as#m", "Deluxe", "Christmas Island"),(387, "Allen", "Briana", "sjohnson@example.net", "1984-02-03", "jm7wmYgw+%", "Ultimate", "Taiwan"),(388, "Valdez", "Amanda", "jordan27@example.net", "1997-02-04", "@h47Ekfh!R", "Deluxe", "Aruba"),(389, "Grant", "Jesse", "laurenbryant@example.com", "1967-05-07", "G+7ZRsOicb", "Ultimate", "Nepal"),(390, "Silva", "Kathryn", "davidlong@example.com", "1999-02-25", "K03H&OLs!+", "Deluxe", "Madagascar"),(391, "Rodriguez", "Bethany", "wtaylor@example.org", "2004-09-03", "#%&j4h0imV", "Premium", "Maldives"),(392, "Jarvis", "Kevin", "xblake@example.com", "1978-01-23", "rr#k)0Vq)N", "Deluxe", "Cambodia"),(393, "Bennett", "Jenny", "ohansen@example.org", "2005-12-23", "@16Vk)m$56", "Ultimate", "Latvia"),(394, "Walsh", "Charlene", "belllogan@example.org", "1920-06-22", "(Rw9+AtoMS", "Premium", "Eritrea"),(395, "Johnson", "Thomas", "frankstanley@example.org", "1949-01-20", "qNG8mUtc+6", "Deluxe", "Mongolia"),(396, "Lewis", "Sarah", "zimmermanjennifer@example.com", "1957-09-21", "!c3GE!Ths", "Basic", "Djibouti"),(397, "Wood", "Crystal", "gilesraymond@example.net", "2005-05-30", "$YdW^nYQ#2", "Ultimate", "Bermuda"),(398, "Walker", "William", "bmedina@example.net", "2000-01-14", "dE6F4J%nN&", "Deluxe", "Swaziland"),(399, "Simpson", "Jeremy", "hernandezmary@example.org", "1996-03-25", "8VkSgjeu&c", "Premium", "Maldives"),(400, "Quinn", "Samuel", "kevin43@example.org", "1993-12-27", "^uwAbqfb1U", "Deluxe", "Faroe Islands"), 
(401, "Wright", "Andres", "benjamin13@example.com", "1933-12-04", "l8abTDj^#2", "Basic", "New Zealand"),(402, "Johnson", "Mark", "frances72@example.net", "1950-09-03", "@X9QBeIn^F", "Pro", "Taiwan"),(403, "Daniel", "Mitchell", "jamesnorman@example.com", "1928-10-22", "N56JtorMq*", "Deluxe", "Samoa"),(404, "Wilkinson", "Natasha", "nicholas90@example.org", "1952-02-19", "8x3REeDcB+", "Pro", "Montenegro"),(405, "Hernandez", "Andrew", "barbara57@example.net", "1936-08-20", "&rk_HvQH6p", "Premium", "Bolivia"),(406, "Cooper", "Amber", "mhogan@example.net", "1978-06-08", "^4RLl!SC_H", "Pro", "Jamaica"),(407, "Gonzalez", "Martin", "jonathanmullen@example.com", "1943-05-30", "Gy&4LOx_!$", "Ultimate", "Saint Barthelemy"),(408, "King", "Sean", "christianzamora@example.com", "1929-06-10", "MV86$5Sqi@", "Ultimate", "Liechtenstein"),(409, "Avila", "Dustin", "guzmanbrandy@example.com", "1925-09-28", "+!F%fs1Oi1", "Premium", "Madagascar"),(410, "Chapman", "James", "brownraymond@example.org", "1989-07-19", "1!11NnwYF", "Deluxe", "Taiwan"),(411, "Parsons", "Keith", "mendezmichael@example.org", "1965-06-30", "9$Pvu89i&q", "Pro", "Angola"),(412, "Olson", "Meghan", "brian87@example.com", "1962-07-27", "7G0FU@d9i_", "Premium", "Micronesia"),(413, "Delacruz", "Blake", "dennisfoster@example.net", "1917-06-07", "#VUfIB!d_2", "Ultimate", "American Samoa"),(414, "Jordan", "Matthew", "dlyons@example.com", "1984-03-28", "zE%$A!2lB!", "Deluxe", "Cuba"),(415, "Thomas", "Kristen", "munozdanielle@example.org", "1979-06-12", "HIYDGJoF(1", "Basic", "Mali"),(416, "Woods", "Sean", "matthewsandrew@example.com", "1923-07-23", "+ip2D(AN^!", "Deluxe", "Benin"),(417, "Hunt", "April", "kchapman@example.com", "2003-05-28", "66NN#tw5#8", "Pro", "Swaziland"),(418, "Martin", "Matthew", "williamsbrandon@example.com", "1947-11-09", "a3B!&ESl*W", "Deluxe", "Eritrea"),(419, "Freeman", "Joseph", "gsaunders@example.org", "1960-06-05", "@THHCir&v3", "Basic", "Latvia"),(420, "Green", "Tiffany", "robertbray@example.com", "1948-03-22", "su#R0Wp1Ic", "Deluxe", "Liberia"),(421, "Brooks", "Michelle", "nicholas95@example.net", "1986-03-04", "psl3%OLg&9", "Premium", "Swaziland"),(422, "Johnson", "Jennifer", "jameshoover@example.net", "1944-09-16", "gZ5+U^jk*y", "Ultimate", "Faroe Islands"),(423, "Hendricks", "Kimberly", "olsonkevin@example.net", "1918-01-23", "mTMeB0iu3", "Premium", "Morocco"),(424, "Morris", "Mary", "melissajohnson@example.org", "1992-05-11", "lb5pUHcQW@", "Pro", "Greece"),(425, "Fernandez", "Christopher", "annehicks@example.net", "1972-04-05", "Y0hjbHPk$V", "Premium", "Saint Helena"),(426, "Hopkins", "Frank", "robertsthomas@example.com", "1971-01-10", "$N2rp3hqP@", "Premium", "Uruguay"),(427, "Bond", "Kimberly", "beckermichelle@example.com", "1992-10-22", "Z6aI2Oj0#k", "Premium", "Latvia"),(428, "Spencer", "James", "esmith@example.org", "1926-01-26", "J)5mOf3WSQ", "Ultimate", "Vietnam"),(429, "Wright", "Nicholas", "stephaniewilliamson@example.com", "1971-11-28", "d!p2sQNa7J", "Deluxe", "Samoa"),(430, "Mason", "Michael", "jamesparker@example.org", "1967-11-14", "#A1Zq(oe^e", "Ultimate", "Kyrgyz Republic"),(431, "Perez", "Emily", "joshua20@example.net", "1917-08-01", "#0SlYrDx(d", "Deluxe", "Bahrain"),(432, "Thomas", "Meghan", "harrisjasmine@example.net", "1999-01-09", "!Z^A@nD((4", "Basic", "Tajikistan"),(433, "Walker", "Lisa", "mark04@example.org", "1946-07-27", "6PVOS)nx!U", "Ultimate", "Egypt"),(434, "Wright", "Paul", "fperez@example.com", "1942-05-18", "%w9ICkx1#y", "Premium", "Swaziland"),(435, "Smith", "Erika", "john80@example.net", "1927-11-13", "+x2VogylH8", "Premium", "Singapore"),(436, "Juarez", "Tricia", "hillalicia@example.org", "1983-07-08", "rv6)ZCryv^", "Deluxe", "Latvia"),(437, "Lawson", "Vincent", "klester@example.com", "1943-06-30", "Jat6Uh#Ks(", "Ultimate", "Tunisia"),(438, "Franklin", "Joseph", "cgriffith@example.net", "1973-04-17", "o@M4IUjuHw", "Ultimate", "New Zealand"),(439, "Jones", "Tiffany", "rodriguezjames@example.net", "1940-11-26", "_P2JT0lAb%", "Pro", "Germany"),(440, "Martinez", "Julia", "david75@example.com", "1966-08-15", "oSa3LJJbe)", "Premium", "Comoros"),(441, "Robertson", "Alexandra", "jonesclaire@example.com", "1979-12-22", "lkVPgYOv^9", "Deluxe", "Australia"),(442, "Cruz", "Sean", "christianjared@example.com", "1962-09-21", "&6RvJGGLAc", "Basic", "Israel"),(443, "Mccarthy", "Elizabeth", "joseph94@example.com", "1947-01-11", ")9wnC%2wpo", "Deluxe", "Slovenia"),(444, "Rangel", "Christopher", "timothy46@example.com", "1988-05-01", ")08oVd^%+b", "Deluxe", "Netherlands Antilles"),(445, "Mcintyre", "Nicholas", "yromero@example.net", "1921-12-20", "3)SI8L5c&2", "Deluxe", "Malta"),(446, "Rodriguez", "Richard", "michaelfreeman@example.org", "1975-07-28", "1Dv7Y$r^%7", "Basic", "Nicaragua"),(447, "Lamb", "Amber", "garcianicholas@example.net", "1951-05-31", "O*!*3TSbJF", "Ultimate", "Maldives"),(448, "Lara", "Kristin", "richardnguyen@example.com", "1999-05-19", "@4#t!Ia)I0", "Basic", "Burundi"),(449, "Ortiz", "Christina", "woodscory@example.org", "1928-02-13", "(E0!nPx@9l", "Basic", "Guam"),(450, "Rangel", "Brandi", "steven99@example.com", "2000-07-14", "&T4#Ayrwiz", "Ultimate", "Malaysia"), 
(451, "Warren", "Joel", "courtney00@example.org", "1960-04-04", "V#7VEGeLTp", "Pro", "Yemen"),(452, "Stephens", "Jennifer", "laurenthomas@example.net", "1939-05-26", "^dwHQwXsG3", "Pro", "Yemen"),(453, "Smith", "Samantha", "sbell@example.net", "1978-07-10", "lBc46Bvh8(", "Premium", "Israel"),(454, "Rose", "Keith", "carly37@example.org", "1961-11-13", "KWaWj1vNB%", "Deluxe", "Greece"),(455, "Aguirre", "Patrick", "amandalopez@example.com", "1926-08-26", "$@Wi8At2o5", "Premium", "Congo"),(456, "Black", "Jacob", "ashleeturner@example.net", "1927-03-21", "H1N$0YsMCi", "Premium", "Zambia"),(457, "Zachary", "Mr.", "briana05@example.com", "1970-12-19", "+42AAkxo7J", "Premium", "Venezuela"),(458, "Melendez", "Catherine", "michelle86@example.com", "2005-08-10", "03M^kG&i+6", "Basic", "Tajikistan"),(459, "Ibarra", "Brian", "michellerodriguez@example.com", "1945-08-30", "$8BvDc0#9H", "Pro", "Angola"),(460, "Pacheco", "Michael", "petersonbrenda@example.com", "1956-12-04", "I)9Dw1x_TE", "Basic", "Martinique"),(461, "Hayes", "Richard", "angela29@example.com", "1945-11-04", "A(@0Sy(QXM", "Pro", "Barbados"),(462, "Thomas", "Chad", "fgonzales@example.com", "1920-09-21", "*qSqyHl9@3", "Deluxe", "Singapore"),(463, "Dunn", "Julie", "dan97@example.com", "1917-09-29", "+&B3Q_Kr9x", "Ultimate", "Germany"),(464, "Palmer", "Jessica", "blakemcfarland@example.org", "1985-06-03", "G%)27TByyw", "Ultimate", "Netherlands"),(465, "Parker", "Nicholas", "yhenderson@example.com", "2001-12-29", "^IP*pr_cX9", "Ultimate", "Netherlands"),(466, "Hull", "Ian", "evelyn85@example.org", "1939-09-21", "j))8TuWIi(", "Pro", "Cuba"),(467, "Mathews", "Christopher", "stephenmoore@example.net", "1916-12-03", "^I0AUgJ3Xq", "Premium", "Burundi"),(468, "Brown", "Anthony", "wisejessica@example.net", "1939-08-24", "(0BEu3KB&", "Pro", "Greece"),(469, "Key", "Lisa", "aharmon@example.net", "1983-12-27", "x5B7Bx2J(a", "Basic", "Afghanistan"),(470, "Smith", "Andrew", "gvelazquez@example.org", "1923-03-15", "%)I2MIcoXi", "Basic", "Tunisia"),(471, "Sanchez", "Jacob", "nallen@example.org", "1917-09-12", "D^@d2iIkdO", "Pro", "Samoa"),(472, "Sims", "Sarah", "michael18@example.com", "1988-08-27", "!1p2TtYjTb", "Deluxe", "Christmas Island"),(473, "Owens", "Diane", "morganevans@example.com", "1923-12-13", "F#Cv80hlDT", "Basic", "Malaysia"),(474, "Dixon", "David", "valeriewalker@example.net", "1964-04-23", "qxw1+nR4f^", "Basic", "Austria"),(475, "Navarro", "Elizabeth", "meganbrown@example.net", "1974-08-28", "9PVjTYUa+D", "Premium", "Germany"),(476, "Andrews", "Pamela", "millerjohn@example.org", "1932-02-10", ")3IUGiYUQp", "Basic", "Djibouti"),(477, "Porter", "Heather", "mburke@example.org", "1963-07-28", "!GPppge!H6", "Basic", "South Africa"),(478, "Le", "Derek", "jessica66@example.org", "1996-08-16", "%0c85QxAcO", "Pro", "Cuba"),(479, "Russell", "Gwendolyn", "stephanie50@example.org", "1985-08-15", "$BDHbYls2d", "Pro", "Puerto Rico"),(480, "Stewart", "Richard", "fbaker@example.com", "1953-09-26", "uERXYLxt_8", "Basic", "Christmas Island"),(481, "Rhodes", "Steven", "wallacebrandon@example.net", "1969-09-25", "%RJNCfgZR1", "Premium", "Brazil"),(482, "Lucas", "Daniel", "atkinsonmegan@example.net", "1968-05-12", "l$AacOo!$6", "Ultimate", "Zambia"),(483, "Bowman", "Gina", "skelley@example.com", "1972-03-17", "%8qbDYuSau", "Premium", "Liechtenstein"),(484, "Ortega", "Beth", "youngashley@example.org", "1924-06-25", "KRxA7Ep7)", "Pro", "Singapore"),(485, "Proctor", "Alexandra", "lindsay23@example.com", "1973-02-07", "+*53XxkaH1", "Basic", "Guam"),(486, "Gibson", "Charles", "xrogers@example.net", "2000-10-26", ")&3j&PckKH", "Basic", "Tuvalu"),(487, "Brown", "Heather", "franktaylor@example.org", "1969-03-02", "HF8dSDEj(8", "Premium", "Christmas Island"),(488, "Johnson", "Mary", "wandabass@example.org", "1973-08-21", "&XAvMwqtn6", "Basic", "Morocco"),(489, "Scott", "Douglas", "gardneranna@example.org", "1952-11-02", "%$0Xwv_qX1", "Premium", "Eritrea"),(490, "Allen", "David", "margaretholmes@example.net", "1964-05-10", "*5BP$5FvfP", "Pro", "Tunisia"),(491, "Jones", "Amanda", "rothrichard@example.com", "1977-11-15", "@6E2h5KFie", "Basic", "Mexico"),(492, "Trujillo", "Anthony", "wanda22@example.net", "1940-11-21", "&V$c9_Dq&M", "Deluxe", "Tuvalu"),(493, "Bell", "Jeremiah", "fsalazar@example.com", "1928-09-18", "y!Ma6OOh2y", "Pro", "United Arab Emirates"),(494, "Banks", "John", "matthewmccullough@example.org", "1964-07-22", "C(0DSsd8Qu", "Premium", "Christmas Island"),(495, "Torres", "Taylor", "austinjames@example.net", "1941-03-20", "(9LVGziNcF", "Ultimate", "Saint Helena"),(496, "Waters", "Jeanette", "timothy13@example.com", "1984-05-27", "KbA8HhrJc)", "Premium", "Vietnam"),(497, "Bell", "David", "clifford66@example.net", "2005-01-12", "*MjJ)jv2+7", "Deluxe", "Western Sahara"),(498, "Callahan", "Michael", "joannbarber@example.org", "1967-08-01", "@#NSxJkdi3", "Deluxe", "United Arab Emirates"),(499, "Mueller", "Andrew", "todd52@example.net", "1985-09-20", "4s1LSlrW+1", "Pro", "Malta"),(500, "Martin", "Ellen", "feliciajenkins@example.net", "1957-11-04", "F*vP!5vl)H", "Pro", "Guam");

-- Tabella CartaDiCredito -> 500
INSERT INTO CartaDiCredito(Numero, Cvv, Intestatario, AnnoScadenza, MeseScadenza, Attiva, Utente_Codice)
VALUES
("8366698630727468", 368, "Victoria Rodriguez", 2040, 9, TRUE, 1),("8983092812544686", 181, "Michelle Hughes", 2030, 12, TRUE, 2),("9002403595490268", 822, "Richard Ortega", 2032, 6, TRUE, 3),("9112392852813727", 634, "Eric Short", 2032, 7, TRUE, 4),("4452998070083594", 377, "Jeffrey Mclean", 2026, 12, TRUE, 5),("1418200666230843", 883, "Samantha Terry", 2036, 4, TRUE, 6),("4069456384757046", 262, "Alexander Berger", 2034, 3, TRUE, 7),("5068313565116973", 926, "Kayla Burke", 2037, 5, TRUE, 8),("2022515087930076", 462, "Ann Smith", 2032, 1, TRUE, 9),("2081105966569112", 722, "Susan Howell", 2027, 1, TRUE, 10),("3372729021566869", 217, "Gabriel Bass", 2036, 6, TRUE, 11),("7752495809655139", 526, "Eric Black", 2028, 1, TRUE, 12),("3833064450499544", 836, "Elaine English", 2038, 3, TRUE, 13),("9933222855728909", 991, "Brian Brown", 2038, 3, TRUE, 14),("8430528448926807", 079, "Kristi Johnson", 2040, 5, TRUE, 15),("1903667079923540", 886, "Daniel Maldonado", 2029, 8, TRUE, 16),("3821288898561958", 765, "Colleen Velasquez", 2027, 11, TRUE, 17),("2839199545099157", 468, "Daniel Byrd", 2031, 5, TRUE, 18),("3330306072692597", 397, "Connie Dennis", 2034, 2, TRUE, 19),("1526905357467582", 917, "Mr. Jeffrey Barnett Jr.", 2039, 2, TRUE, 20),("2128706390373452", 160, "Todd Wallace", 2033, 8, TRUE, 21),("8216252845614350", 204, "Taylor Frazier", 2040, 6, TRUE, 22),("9827942657930634", 962, "Philip Williams", 2033, 11, TRUE, 23),("1653923998756108", 782, "William Clark", 2034, 12, TRUE, 24),("4943882530421343", 268, "Tony Cunningham", 2034, 6, TRUE, 25),("4543524936944224", 844, "Alison Johnson", 2026, 7, TRUE, 26),("9587122522616706", 958, "Philip Maldonado", 2037, 3, TRUE, 27),("2846516572123097", 712, "Amy Griffin", 2036, 7, TRUE, 28),("8632675246675883", 036, "Ellen Wilson", 2032, 3, TRUE, 29),("8826549299520281", 210, "Julie Duffy", 2032, 5, TRUE, 30),("0333303040783955", 625, "Jacob Burch", 2040, 5, TRUE, 31),("1748017198155280", 844, "Allen Reid", 2037, 7, TRUE, 32),("8704583402346849", 642, "Alexandra Duncan", 2035, 10, TRUE, 33),("4883517513602487", 503, "Jeffrey James", 2028, 3, TRUE, 34),("9891060603321270", 268, "Eric White", 2027, 5, TRUE, 35),("2174642843778526", 365, "Matthew Charles", 2030, 5, TRUE, 36),("3473350757134626", 463, "Matthew Barnes", 2037, 8, TRUE, 37),("7685152923917848", 960, "Barbara Huff", 2029, 11, TRUE, 38),("3798441036433020", 203, "Jennifer Smith", 2037, 1, TRUE, 39),("6059152090345989", 332, "Chelsey Jones", 2031, 1, TRUE, 40),("9879481795166584", 546, "Hannah Taylor", 2028, 9, TRUE, 41),("2906478899959955", 353, "Nicole Kennedy", 2033, 4, TRUE, 42),("6720504826110118", 244, "Brian Zhang", 2029, 7, TRUE, 43),("5725683910413162", 217, "Theresa Mccormick", 2034, 1, TRUE, 44),("4083469318994501", 218, "Whitney Rodriguez", 2035, 5, TRUE, 45),("4992378739616838", 620, "Donna Cardenas", 2031, 7, TRUE, 46),("2403520713720898", 578, "Marc Nguyen", 2030, 8, TRUE, 47),("9406050006572360", 963, "Patricia Travis", 2038, 11, TRUE, 48),("7345065151098988", 425, "Frank Reese", 2029, 9, TRUE, 49),("0263362856854347", 612, "Kara Ferrell", 2030, 10, TRUE, 50), 
("9989973946054518", 375, "Eric Russell", 2032, 11, TRUE, 51),("8541370994817872", 256, "Haley Ramirez", 2037, 11, TRUE, 52),("6078108646265325", 026, "Bradley Adams", 2030, 4, TRUE, 53),("1313528782352737", 426, "Tom Jones", 2037, 9, TRUE, 54),("9405922752901882", 480, "Veronica Thornton", 2031, 6, TRUE, 55),("8082250461275039", 914, "Alan Fischer", 2031, 5, TRUE, 56),("8528893214179957", 827, "Amy Lin", 2036, 2, TRUE, 57),("6191493069112658", 378, "Anna Shelton", 2030, 2, TRUE, 58),("4617764689860314", 292, "Antonio Warren", 2032, 1, TRUE, 59),("3161702817774416", 257, "Angela David", 2034, 3, TRUE, 60),("2174117305506926", 661, "Gregory Cisneros", 2034, 9, TRUE, 61),("4446744316215669", 231, "Charles Salazar", 2025, 11, TRUE, 62),("1506330035527686", 460, "Ashley Brady", 2040, 8, TRUE, 63),("2666673779904641", 941, "Marie Phillips", 2032, 7, TRUE, 64),("2926215801234108", 963, "Clayton Walker", 2026, 8, TRUE, 65),("7902131099288567", 606, "Herbert Flores", 2031, 10, TRUE, 66),("2994300892244840", 614, "Sabrina Figueroa", 2040, 9, TRUE, 67),("9892883212503906", 145, "Christina Perez", 2028, 12, TRUE, 68),("4468840260147818", 906, "Brittany Galvan", 2032, 2, TRUE, 69),("4576365719232718", 544, "Jo Harris", 2036, 5, TRUE, 70),("5399316513634118", 618, "Matthew Love", 2026, 9, TRUE, 71),("6504802301652290", 952, "Catherine Nguyen", 2040, 2, TRUE, 72),("5152373443486531", 599, "Amy Nixon", 2028, 10, TRUE, 73),("1838435546074594", 728, "Crystal Peck", 2035, 4, TRUE, 74),("3243264820386413", 274, "Marilyn Harvey", 2036, 5, TRUE, 75),("4350852985491755", 194, "Timothy Jones", 2028, 9, TRUE, 76),("8341090494230869", 634, "Timothy Smith", 2032, 1, TRUE, 77),("9698799490864290", 127, "Matthew Johnson", 2027, 2, TRUE, 78),("1979008110133035", 313, "Sonya Jensen", 2033, 2, TRUE, 79),("4399616300208036", 623, "Dr. Cindy Wright", 2034, 8, TRUE, 80),("1922845163921004", 401, "Andrew Mack", 2031, 2, TRUE, 81),("1298109373399304", 176, "Samuel Rodriguez", 2029, 1, TRUE, 82),("7873018582587958", 453, "Lori Rowe", 2035, 6, TRUE, 83),("7233008600491606", 758, "Kyle Rodriguez", 2035, 7, TRUE, 84),("5469169451006152", 340, "Christopher Decker", 2040, 12, TRUE, 85),("2471484696739978", 359, "Lauren Allen", 2026, 9, TRUE, 86),("1430749538417798", 921, "Chad Warren", 2039, 5, TRUE, 87),("4161231221193122", 865, "Scott Walsh", 2030, 12, TRUE, 88),("4843470453433246", 032, "Sara Middleton", 2032, 12, TRUE, 89),("7097668176745427", 997, "James Wells", 2036, 11, TRUE, 90),("7581050688260325", 000, "Christopher Shaw", 2031, 2, TRUE, 91),("1311660788263502", 153, "Mr. Mario Meza", 2040, 1, TRUE, 92),("3712133684610928", 224, "Kenneth Powers", 2029, 11, TRUE, 93),("3062076554376476", 698, "Ryan Simmons", 2034, 4, TRUE, 94),("0366664280431596", 322, "Regina Stout", 2033, 2, TRUE, 95),("9963661471657216", 587, "Rachel Smith", 2032, 12, TRUE, 96),("8190086853326733", 003, "Michael Mills", 2034, 6, TRUE, 97),("3945705852566268", 398, "Mary Reed", 2028, 10, TRUE, 98),("2011742302979776", 870, "Carolyn Hernandez", 2030, 7, TRUE, 99),("0929694890305975", 763, "Timothy Williamson", 2026, 4, TRUE, 100), 
("1190118613260934", 906, "Zachary Walsh", 2028, 7, TRUE, 101),("6483615618793859", 828, "Robert Wong", 2027, 6, TRUE, 102),("4383963645009596", 594, "Michael Blair", 2040, 8, TRUE, 103),("9524758583784914", 911, "Angela Arroyo", 2030, 5, TRUE, 104),("0622514326617865", 626, "Misty Williams", 2025, 12, TRUE, 105),("2401418624568217", 477, "Gregory Wilson", 2033, 3, TRUE, 106),("7108353794933446", 126, "Kayla Lopez", 2032, 5, TRUE, 107),("0976636948686956", 555, "Megan Clark", 2031, 1, TRUE, 108),("9373821654987573", 849, "Robert Dunn", 2039, 11, TRUE, 109),("0886460987985112", 923, "Alice Mitchell", 2033, 3, TRUE, 110),("5815055622972988", 792, "Jill Pierce", 2040, 8, TRUE, 111),("7169889681275958", 382, "Jacqueline Bradley", 2033, 12, TRUE, 112),("8436674354830083", 770, "Sharon Curtis", 2034, 5, TRUE, 113),("3715082213887119", 147, "Susan Jenkins", 2038, 8, TRUE, 114),("0958304197538355", 931, "George Johnson", 2028, 7, TRUE, 115),("9578860406476644", 716, "Michael Roberts", 2032, 10, TRUE, 116),("7682399477785062", 713, "Jeremy Beard", 2030, 3, TRUE, 117),("1790151375222660", 006, "Jason Sanders", 2027, 9, TRUE, 118),("2349633249352384", 325, "Rachel Robbins", 2031, 12, TRUE, 119),("1972957897849480", 522, "Janet Cervantes", 2034, 12, TRUE, 120),("2471502713310382", 175, "Kenneth Hobbs", 2038, 9, TRUE, 121),("2818191380645781", 839, "Jessica Garcia", 2026, 12, TRUE, 122),("4521472552126463", 510, "Donald Scott", 2027, 1, TRUE, 123),("5972264745462424", 357, "Denise Stephens", 2035, 10, TRUE, 124),("7903513825187908", 987, "Melvin Cook", 2028, 9, TRUE, 125),("7132589119307716", 431, "Danielle Moreno", 2036, 8, TRUE, 126),("6266158394421170", 202, "Larry Bray", 2027, 6, TRUE, 127),("9882397315769104", 339, "Renee Morales", 2030, 12, TRUE, 128),("8352851807607141", 055, "Marcus Reed", 2035, 7, TRUE, 129),("2737377626538001", 301, "Shawn Johnston", 2039, 9, TRUE, 130),("2267743655300222", 113, "Veronica Black", 2031, 3, TRUE, 131),("4063352392493068", 159, "Craig Jacobson", 2038, 1, TRUE, 132),("2064815810248902", 347, "Matthew Meadows", 2026, 12, TRUE, 133),("4542236672945147", 437, "Casey Burke", 2034, 1, TRUE, 134),("6206463281935561", 740, "William Baker", 2030, 9, TRUE, 135),("0247945731723439", 437, "Shannon Khan", 2031, 1, TRUE, 136),("2015346462354619", 983, "Nicole Cross", 2034, 2, TRUE, 137),("1500371326308547", 079, "Patrick Miller", 2040, 9, TRUE, 138),("9916916608413272", 580, "Anthony Wright", 2032, 7, TRUE, 139),("6547970987719165", 157, "Jaclyn Hall", 2031, 4, TRUE, 140),("3211590416879570", 504, "Chad Nichols", 2028, 12, TRUE, 141),("1846732013002689", 064, "Kevin Walker", 2035, 7, TRUE, 142),("0596174834725622", 085, "Wesley Mayo", 2025, 9, TRUE, 143),("9110005923199932", 603, "Jeffrey Morgan", 2031, 5, TRUE, 144),("1755393061110976", 192, "Benjamin Allen", 2030, 12, TRUE, 145),("4241989247419110", 644, "Amber Dennis", 2038, 9, TRUE, 146),("8253172981444625", 282, "Claire Terrell", 2028, 12, TRUE, 147),("2617257615721518", 399, "Nancy Howell", 2039, 9, TRUE, 148),("9907554448168289", 130, "Theresa Rodriguez", 2036, 3, TRUE, 149),("1238569922230550", 494, "Daniel Allison", 2040, 7, TRUE, 150), 
("5503117315433973", 935, "Lisa Richardson", 2034, 4, TRUE, 151),("9852831173383743", 275, "Kristy Hamilton", 2032, 12, TRUE, 152),("1903743717059972", 271, "Linda Smith", 2032, 7, TRUE, 153),("6806272242013437", 380, "Christopher Baker", 2034, 9, TRUE, 154),("0301383381125528", 215, "John Price", 2033, 2, TRUE, 155),("6911903260122161", 777, "Jeffery Velasquez", 2031, 10, TRUE, 156),("0509678553638336", 343, "Shawn Smith", 2034, 11, TRUE, 157),("8889019133918026", 416, "Wendy Williams", 2038, 12, TRUE, 158),("2463763319073757", 220, "Steven Kelley", 2027, 11, TRUE, 159),("0294295757608558", 824, "Benjamin Collins MD", 2026, 3, TRUE, 160),("4172039826359584", 378, "Kevin Gonzalez", 2037, 6, TRUE, 161),("9734165040243575", 733, "Jacqueline Edwards", 2033, 10, TRUE, 162),("0642205630259881", 472, "Thomas Baldwin", 2030, 7, TRUE, 163),("6229599164979096", 734, "Amanda Hill", 2026, 6, TRUE, 164),("1673002676984834", 155, "Stacey Ferguson", 2030, 5, TRUE, 165),("5993042007616692", 184, "William Garcia", 2040, 6, TRUE, 166),("2148135485410700", 757, "Eddie Lee", 2029, 5, TRUE, 167),("7834028139857160", 263, "Amy Munoz", 2033, 4, TRUE, 168),("9947114043797450", 236, "Jessica Reeves", 2028, 7, TRUE, 169),("6338206693840994", 894, "Jeffrey Johnson", 2033, 2, TRUE, 170),("6488860979139355", 042, "Deborah Mendoza", 2033, 4, TRUE, 171),("6724636286618158", 236, "Samuel Green", 2034, 7, TRUE, 172),("1579631853896235", 101, "Mr. Michael Holden MD", 2030, 11, TRUE, 173),("9160964383111282", 294, "Deborah Harris", 2027, 6, TRUE, 174),("8887256041482142", 184, "Amy Martin", 2031, 1, TRUE, 175),("0479161803151287", 949, "Emily Baker", 2034, 1, TRUE, 176),("6477830759240501", 541, "Erin Tanner", 2029, 8, TRUE, 177),("3234940414594202", 311, "Andrew Orr", 2036, 1, TRUE, 178),("9608458554852125", 686, "Richard Miller", 2025, 9, TRUE, 179),("9593944405361278", 295, "Tony Garcia", 2036, 3, TRUE, 180),("9082460239667418", 592, "Stephanie Richardson MD", 2032, 3, TRUE, 181),("0124590359784353", 414, "Jared Craig", 2033, 8, TRUE, 182),("5253370727880261", 222, "Allison Thomas", 2036, 5, TRUE, 183),("8581995226624608", 117, "Teresa Schmitt", 2030, 4, TRUE, 184),("3472081699534510", 225, "James Meyer", 2027, 1, TRUE, 185),("5461190842884419", 128, "Marie Clarke", 2033, 12, TRUE, 186),("6571244596885625", 304, "Monica Mccormick", 2027, 6, TRUE, 187),("0309188378544428", 057, "Cameron Griffith", 2040, 9, TRUE, 188),("0618817028042411", 249, "Debra Swanson", 2034, 5, TRUE, 189),("5518289561934360", 805, "Jeremy Miller", 2033, 8, TRUE, 190),("6453435303178531", 001, "Ryan Watson", 2031, 6, TRUE, 191),("0986397089938922", 612, "Craig Tucker", 2037, 9, TRUE, 192),("9309577704189488", 976, "Carlos Snyder", 2037, 7, TRUE, 193),("4743628125956253", 650, "Ashley Johnson", 2038, 9, TRUE, 194),("6455330658263721", 382, "Sarah Simmons", 2025, 3, TRUE, 195),("6513480958640557", 071, "Tammy Clark", 2037, 11, TRUE, 196),("9692950304021273", 471, "Jennifer Rogers", 2038, 12, TRUE, 197),("8964473433379153", 188, "Christina Bowers", 2036, 6, TRUE, 198),("7211465377184309", 222, "Eugene Neal", 2025, 2, TRUE, 199),("9157082006950882", 147, "Susan Miller", 2027, 2, TRUE, 200), 
("0610239441843982", 307, "Andrew Hernandez", 2033, 5, TRUE, 201),("2969451576740773", 931, "Charles Simpson", 2037, 7, TRUE, 202),("6951257144900056", 099, "Miss Jennifer Cain", 2026, 6, TRUE, 203),("6903693609127394", 210, "Alicia Castro", 2037, 9, TRUE, 204),("7037312402688637", 450, "Dr. James Johnson", 2035, 1, TRUE, 205),("3802828491320598", 735, "Anthony Martinez PhD", 2025, 5, TRUE, 206),("4788289216666530", 061, "Mark Johnston", 2037, 12, TRUE, 207),("2815114466183702", 392, "Todd Taylor", 2029, 5, TRUE, 208),("8641473285443800", 955, "Kristin Johnson", 2026, 12, TRUE, 209),("0734377650054267", 275, "John Wallace", 2036, 2, TRUE, 210),("6479092770472393", 944, "Bradley Lewis", 2037, 2, TRUE, 211),("7231710349344524", 721, "Marilyn Conrad", 2037, 11, TRUE, 212),("7822556569558945", 152, "Sandra Bean", 2025, 10, TRUE, 213),("5220563128791359", 383, "Steven Cordova", 2029, 7, TRUE, 214),("2375338499104700", 266, "Christina Perez", 2033, 7, TRUE, 215),("7035562841882435", 228, "Jade Robinson", 2025, 11, TRUE, 216),("7234391688677035", 165, "David Bolton", 2034, 2, TRUE, 217),("3784992924492076", 809, "Kristin Webster", 2028, 6, TRUE, 218),("6956520896760032", 561, "Beverly Gomez", 2037, 3, TRUE, 219),("6186369542379955", 426, "Michael Nguyen", 2039, 11, TRUE, 220),("7991650818041719", 364, "George Barnes", 2035, 12, TRUE, 221),("7455163407973942", 431, "Brady Obrien", 2025, 9, TRUE, 222),("5661332634196833", 417, "Christopher Rose", 2029, 8, TRUE, 223),("1658444145411549", 423, "Christopher Miller", 2029, 10, TRUE, 224),("5631313037660470", 394, "Justin Farmer", 2038, 4, TRUE, 225),("7696393907460844", 095, "William Freeman", 2026, 1, TRUE, 226),("4469807358217909", 290, "Robert Phillips", 2035, 6, TRUE, 227),("5164551665505554", 331, "Gary Aguilar", 2030, 4, TRUE, 228),("7965084138797457", 364, "Vanessa Wright", 2033, 10, TRUE, 229),("9683347120907372", 890, "Harry Robinson", 2033, 9, TRUE, 230),("7825998899102584", 055, "Christina Andrews", 2026, 7, TRUE, 231),("7893008744333693", 448, "Alexandria Patterson", 2030, 7, TRUE, 232),("5528340565464791", 127, "Brian Randolph", 2031, 3, TRUE, 233),("5364297226123152", 630, "Dawn Mckay", 2025, 8, TRUE, 234),("1249991992550401", 687, "Christopher Bishop", 2037, 12, TRUE, 235),("4470388363125588", 286, "Derek Rodriguez", 2036, 6, TRUE, 236),("7835933771120049", 238, "Andrew Alvarez", 2036, 8, TRUE, 237),("0311916454590117", 649, "Melanie Grant", 2028, 1, TRUE, 238),("6885443277961520", 955, "Jennifer Wheeler", 2031, 4, TRUE, 239),("0568254479977742", 174, "Melissa Coleman", 2037, 5, TRUE, 240),("7241721311902499", 882, "Nicholas Hill", 2032, 6, TRUE, 241),("8953552731383225", 714, "Keith Huerta", 2038, 11, TRUE, 242),("7184551320501883", 909, "Patrick Phillips", 2028, 6, TRUE, 243),("6817664853849470", 226, "Craig Norman", 2032, 1, TRUE, 244),("9136149987609044", 605, "Stephen Goodwin", 2029, 10, TRUE, 245),("0670591958679377", 135, "David Warren", 2032, 8, TRUE, 246),("8191030667184565", 015, "Michael Ryan", 2026, 10, TRUE, 247),("3212347988403828", 834, "Edwin Randall", 2037, 12, TRUE, 248),("6716533493939088", 999, "Evan Freeman", 2031, 9, TRUE, 249),("4913058038387694", 639, "Stephanie Anderson MD", 2038, 1, TRUE, 250), 
("3381743717748947", 388, "Brian Brewer", 2040, 6, TRUE, 251),("9911817472172224", 766, "Deanna Craig", 2030, 3, TRUE, 252),("7565249121515430", 949, "Matthew Lutz", 2033, 11, TRUE, 253),("0463873825834774", 216, "Sean Robinson", 2034, 6, TRUE, 254),("9819641635509378", 329, "Jonathan Robertson", 2040, 6, TRUE, 255),("2907364625912570", 312, "Margaret Roberts", 2027, 8, TRUE, 256),("3796466035417961", 663, "Maria Watkins", 2033, 1, TRUE, 257),("9259574151911879", 416, "Beverly Vazquez", 2028, 2, TRUE, 258),("2406307431318458", 496, "Kimberly Keller", 2034, 9, TRUE, 259),("0030045524934172", 792, "Kathryn Moore DDS", 2025, 1, TRUE, 260),("0718932383183015", 324, "Stephanie Rogers", 2025, 8, TRUE, 261),("1110266663802945", 863, "Stacey Spears", 2039, 7, TRUE, 262),("5603985136951166", 128, "George Butler", 2027, 3, TRUE, 263),("8083550863401205", 996, "Sarah Allen", 2038, 10, TRUE, 264),("9268338844874015", 836, "Nathan Rodriguez", 2035, 9, TRUE, 265),("1323916491771273", 584, "Melanie Thomas", 2028, 5, TRUE, 266),("2960233686172905", 521, "Alejandro Castillo", 2034, 3, TRUE, 267),("8676570279274555", 318, "Amanda Strickland", 2029, 8, TRUE, 268),("7471510032934629", 788, "Pamela Knapp", 2025, 9, TRUE, 269),("0504099286956067", 917, "Wendy Martinez", 2035, 11, TRUE, 270),("3514140733997197", 996, "Cristian Wells", 2032, 7, TRUE, 271),("5724230985757085", 578, "Kyle Andrews", 2029, 4, TRUE, 272),("1212609445351701", 034, "Kimberly Clay", 2039, 1, TRUE, 273),("7112950608520863", 088, "Robert Taylor", 2032, 1, TRUE, 274),("1998874757312783", 807, "Henry Miller", 2032, 7, TRUE, 275),("4641446710739759", 724, "Christine Duncan", 2038, 1, TRUE, 276),("5991277667549497", 509, "Dennis Jordan", 2033, 12, TRUE, 277),("1410165589083573", 198, "Jacob Gregory", 2036, 5, TRUE, 278),("1110178952878772", 033, "Nicholas Parker", 2029, 8, TRUE, 279),("8096955885658939", 986, "Jerome Lawson", 2025, 11, TRUE, 280),("3645724561938120", 136, "Adam Flores", 2033, 9, TRUE, 281),("0081551213338617", 159, "Bailey Kelley", 2031, 2, TRUE, 282),("5276893818375922", 008, "Kevin Jenkins", 2029, 5, TRUE, 283),("3519335388543144", 632, "Benjamin Mcdonald", 2026, 9, TRUE, 284),("2765244626554684", 557, "Cassie Vincent", 2035, 4, TRUE, 285),("3730333141528062", 853, "Patrick Jordan", 2038, 9, TRUE, 286),("6124680583049001", 587, "Timothy Hicks", 2040, 11, TRUE, 287),("5388658964738139", 025, "Tony Bryan", 2026, 1, TRUE, 288),("1692516746387226", 349, "Tonya Lewis", 2037, 12, TRUE, 289),("8275192630011975", 874, "Mary Dunn", 2040, 5, TRUE, 290),("2437726139117544", 206, "Evan Harris", 2038, 6, TRUE, 291),("9867582410588362", 446, "Tiffany Hurley", 2038, 2, TRUE, 292),("2198043646154689", 316, "Jeffrey Baker", 2025, 10, TRUE, 293),("2012953673999872", 922, "Angela Miller", 2037, 3, TRUE, 294),("7962332538565077", 448, "Deborah Taylor", 2040, 7, TRUE, 295),("8142726871509570", 770, "Erin Costa", 2030, 2, TRUE, 296),("0654928337887582", 164, "Christopher Martin", 2039, 2, TRUE, 297),("3040190895516479", 278, "Katie Simon", 2037, 12, TRUE, 298),("1929606909155437", 799, "Tyler Lopez", 2029, 8, TRUE, 299),("5365612305624961", 980, "Erika Simon", 2030, 7, TRUE, 300), 
("2921879765447053", 684, "Lance Franklin", 2030, 4, TRUE, 301),("0583783948162613", 487, "Barry Fuentes", 2034, 4, TRUE, 302),("1131410406116612", 438, "Eric Hudson", 2027, 9, TRUE, 303),("7257295681098099", 021, "Dawn Garner", 2031, 6, TRUE, 304),("0083927238479391", 173, "Andrew Welch", 2036, 10, TRUE, 305),("6394790005016663", 641, "Joseph Lopez", 2038, 10, TRUE, 306),("0955692439202408", 511, "Jessica Obrien", 2025, 5, TRUE, 307),("5380456754592445", 698, "Erin Figueroa", 2039, 3, TRUE, 308),("0386563618822669", 390, "Monique Tucker DDS", 2025, 10, TRUE, 309),("2060020664762894", 240, "David Reed", 2029, 1, TRUE, 310),("9723311575565474", 444, "Todd Thompson", 2038, 5, TRUE, 311),("6473396373412161", 869, "Gary Davis", 2030, 5, TRUE, 312),("8227574640392960", 921, "Amber Mendez", 2040, 11, TRUE, 313),("9413138242865599", 057, "Diana Garcia", 2037, 9, TRUE, 314),("9604352291370823", 843, "Michael Wilson", 2035, 5, TRUE, 315),("4508317745464380", 956, "Mark Nash", 2034, 10, TRUE, 316),("2405644838481374", 671, "Monique Brown", 2033, 6, TRUE, 317),("9316981034244326", 705, "John Odonnell", 2034, 11, TRUE, 318),("3416776030652486", 676, "Christopher Cooper", 2029, 6, TRUE, 319),("2311643245138417", 118, "Carlos Meyer", 2029, 11, TRUE, 320),("6606931256556098", 551, "Donald Carr", 2027, 12, TRUE, 321),("6590834883065749", 934, "Craig Shields", 2025, 2, TRUE, 322),("6689417115411693", 176, "Kimberly Todd", 2039, 7, TRUE, 323),("7018782958593189", 078, "Tiffany Small", 2035, 3, TRUE, 324),("4682875613457184", 132, "Danielle Miller", 2038, 11, TRUE, 325),("5775354133759668", 710, "Christine Beck", 2032, 4, TRUE, 326),("8759459958040480", 429, "Miss Brittany Briggs MD", 2039, 8, TRUE, 327),("6498371781601365", 024, "David Jones", 2037, 2, TRUE, 328),("4201236175080571", 348, "Crystal Jackson", 2028, 8, TRUE, 329),("0449294576921795", 908, "Thomas Cruz", 2026, 3, TRUE, 330),("0141080938018795", 848, "Roger Norris", 2037, 4, TRUE, 331),("7845514304965483", 077, "Nicole Zimmerman", 2029, 3, TRUE, 332),("9124090061485040", 270, "Blake Evans", 2038, 8, TRUE, 333),("0014566894632393", 512, "Virginia Harper", 2030, 6, TRUE, 334),("8003955312735705", 553, "Cindy Woodward", 2027, 9, TRUE, 335),("4827970172289886", 837, "Jack Roach", 2037, 6, TRUE, 336),("5653353710341026", 072, "Tara Johnson", 2032, 12, TRUE, 337),("1629042653940168", 197, "Isaiah Davenport", 2030, 11, TRUE, 338),("8349067502235506", 885, "David Owens", 2033, 12, TRUE, 339),("6568927984036723", 799, "Jordan Gomez", 2027, 5, TRUE, 340),("0658932507700807", 874, "David Travis", 2025, 7, TRUE, 341),("1097758985290815", 053, "Andrea Huffman", 2029, 11, TRUE, 342),("7973709321882759", 047, "Antonio Thomas", 2028, 4, TRUE, 343),("1031614405630217", 159, "Billy Palmer", 2026, 8, TRUE, 344),("5523922564121210", 307, "David Villa", 2028, 1, TRUE, 345),("4771335137905121", 674, "Amy Alvarado", 2033, 2, TRUE, 346),("7493809334022479", 501, "Craig Ortega", 2025, 10, TRUE, 347),("4607429269345022", 642, "Sydney White", 2026, 5, TRUE, 348),("3977220026705682", 432, "Lindsay Harris", 2027, 8, TRUE, 349),("0395110423691267", 223, "James White", 2033, 2, TRUE, 350), 
("3867594685130903", 210, "Victoria Hutchinson", 2033, 1, TRUE, 351),("0759638589943342", 701, "Eric Jenkins", 2040, 5, TRUE, 352),("2139000180029370", 406, "Larry Davis", 2037, 8, TRUE, 353),("9743846950856840", 590, "Joshua Maxwell", 2028, 1, TRUE, 354),("7559655268658103", 985, "Jennifer Acosta", 2040, 6, TRUE, 355),("7674617320016142", 407, "Chelsea Farley", 2029, 9, TRUE, 356),("2350126112168267", 195, "Noah Brown", 2038, 11, TRUE, 357),("2871888254443379", 601, "Dawn Osborne", 2036, 4, TRUE, 358),("9421593152569518", 056, "Mark Perez", 2034, 6, TRUE, 359),("6405200696996961", 187, "Penny Crawford", 2025, 10, TRUE, 360),("7432535325044747", 336, "Rachel Finley", 2036, 11, TRUE, 361),("4410653499479900", 237, "Kaitlyn Smith", 2034, 6, TRUE, 362),("1315661875973212", 697, "Ricardo Jones", 2031, 3, TRUE, 363),("1718399527103224", 694, "Samuel Foster", 2036, 4, TRUE, 364),("7808564635457992", 373, "Amy Mitchell", 2031, 6, TRUE, 365),("2657058964816378", 479, "Debra Stevens", 2036, 10, TRUE, 366),("9646331240059269", 699, "Breanna Browning", 2026, 10, TRUE, 367),("5222623703352672", 951, "Alyssa Anderson", 2032, 2, TRUE, 368),("1236206906870031", 153, "Anthony York", 2025, 5, TRUE, 369),("6313405670980204", 631, "Jillian Bentley", 2040, 9, TRUE, 370),("3269677384161560", 793, "Catherine Davis", 2029, 8, TRUE, 371),("9482041233960881", 988, "Leslie Thompson", 2027, 5, TRUE, 372),("6907032065728289", 784, "Caitlin Moore", 2026, 6, TRUE, 373),("9405422047735051", 401, "Kyle Pineda", 2040, 2, TRUE, 374),("8919802332587687", 831, "Richard Graves", 2031, 10, TRUE, 375),("5963523852274047", 498, "Steven Adams", 2036, 1, TRUE, 376),("5483077243013095", 714, "Daniel Howell", 2032, 6, TRUE, 377),("2545363506109002", 907, "Anna Flores", 2034, 11, TRUE, 378),("3121355645535334", 479, "Ryan Elliott", 2034, 5, TRUE, 379),("4084496707828441", 298, "Tonya Summers", 2030, 6, TRUE, 380),("8437891487567704", 224, "Brian Hahn", 2029, 2, TRUE, 381),("5028228485534594", 028, "Kevin Johnson", 2031, 1, TRUE, 382),("3992143643032974", 372, "Andrew White", 2040, 8, TRUE, 383),("4355939987005653", 764, "Amanda Wright", 2034, 3, TRUE, 384),("8915450540902234", 749, "Danielle Garcia", 2031, 11, TRUE, 385),("1388413188451684", 127, "John Elliott", 2028, 10, TRUE, 386),("6315649046261390", 174, "Briana Allen", 2038, 1, TRUE, 387),("2287541575839494", 049, "Amanda Valdez", 2028, 1, TRUE, 388),("7569824560524431", 447, "Jesse Grant", 2034, 4, TRUE, 389),("2436646899834915", 866, "Kathryn Silva", 2038, 1, TRUE, 390),("3248083765128655", 778, "Bethany Rodriguez", 2040, 4, TRUE, 391),("0506561123999567", 346, "Kevin Jarvis", 2030, 7, TRUE, 392),("7673701386654853", 873, "Jenny Bennett", 2036, 12, TRUE, 393),("0436883008617837", 001, "Charlene Walsh", 2025, 6, TRUE, 394),("1410047947149658", 136, "Thomas Johnson", 2039, 8, TRUE, 395),("1086367461862705", 481, "Sarah Lewis", 2029, 5, TRUE, 396),("6017114432970535", 734, "Crystal Wood", 2040, 2, TRUE, 397),("0685229283582510", 346, "William Walker", 2040, 2, TRUE, 398),("4336023265091943", 149, "Jeremy Simpson", 2026, 5, TRUE, 399),("1630987752003802", 994, "Samuel Quinn", 2030, 12, TRUE, 400), 
("4768289906047116", 259, "Andres Wright", 2028, 5, TRUE, 401),("3927301871361540", 483, "Mark Johnson", 2033, 4, TRUE, 402),("5768545295168065", 178, "Mitchell Daniel", 2034, 3, TRUE, 403),("3441194818356432", 238, "Natasha Wilkinson", 2037, 9, TRUE, 404),("5937457484204323", 989, "Andrew Hernandez", 2030, 12, TRUE, 405),("7145524773983466", 500, "Amber Cooper", 2025, 5, TRUE, 406),("2382956357344641", 969, "Martin Gonzalez", 2030, 4, TRUE, 407),("1988139920784593", 456, "Sean King", 2032, 7, TRUE, 408),("4105792093989950", 059, "Dustin Avila", 2027, 5, TRUE, 409),("1367640362242420", 187, "James Chapman", 2034, 6, TRUE, 410),("7592139747554889", 984, "Keith Parsons", 2030, 8, TRUE, 411),("2522858042380917", 622, "Meghan Olson", 2026, 10, TRUE, 412),("6810443994310389", 214, "Blake Delacruz", 2038, 7, TRUE, 413),("3574006843859531", 053, "Matthew Jordan", 2030, 7, TRUE, 414),("2320576086226300", 496, "Kristen Thomas DDS", 2029, 5, TRUE, 415),("8438361091339683", 293, "Sean Woods", 2038, 8, TRUE, 416),("5001840221620076", 969, "April Hunt", 2032, 5, TRUE, 417),("0634323820236582", 378, "Matthew Martin", 2029, 12, TRUE, 418),("6198877575283124", 742, "Joseph Freeman", 2032, 1, TRUE, 419),("9169861868162327", 791, "Tiffany Green", 2035, 11, TRUE, 420),("9931447640298291", 246, "Michelle Brooks", 2030, 10, TRUE, 421),("1142046707408395", 376, "Jennifer Johnson", 2038, 9, TRUE, 422),("2905866653328194", 398, "Kimberly Hendricks", 2030, 1, TRUE, 423),("7118547764974232", 081, "Mary Morris", 2027, 8, TRUE, 424),("0836044126768659", 978, "Christopher Fernandez", 2037, 3, TRUE, 425),("3905763941592152", 660, "Frank Hopkins", 2030, 9, TRUE, 426),("7606815800953169", 678, "Kimberly Bond", 2036, 1, TRUE, 427),("3571097002823160", 248, "James Spencer", 2031, 9, TRUE, 428),("5208017827887109", 447, "Nicholas Wright", 2034, 3, TRUE, 429),("8923781666691323", 956, "Michael Mason", 2036, 6, TRUE, 430),("8667038526080024", 522, "Emily Perez", 2026, 1, TRUE, 431),("2538665395086518", 898, "Meghan Thomas", 2027, 8, TRUE, 432),("0399735345707041", 273, "Lisa Walker", 2032, 9, TRUE, 433),("8307928514470529", 864, "Paul Wright", 2027, 9, TRUE, 434),("4870923527137378", 199, "Erika Smith", 2038, 11, TRUE, 435),("7941920335888640", 682, "Tricia Juarez", 2027, 11, TRUE, 436),("2965079994847345", 054, "Vincent Lawson", 2034, 6, TRUE, 437),("5641181003689273", 025, "Joseph Franklin", 2029, 8, TRUE, 438),("1092331411995619", 315, "Tiffany Jones", 2028, 7, TRUE, 439),("9289397937265246", 166, "Julia Martinez", 2034, 12, TRUE, 440),("0215089550145558", 229, "Alexandra Robertson", 2029, 12, TRUE, 441),("1540401293081168", 545, "Sean Cruz", 2040, 8, TRUE, 442),("6941553697331589", 579, "Elizabeth Mccarthy", 2034, 12, TRUE, 443),("7213061925115246", 142, "Christopher Rangel", 2035, 4, TRUE, 444),("3345401226222662", 363, "Nicholas Mcintyre", 2029, 12, TRUE, 445),("0393022417782783", 544, "Richard Rodriguez", 2029, 9, TRUE, 446),("5695212487719939", 601, "Amber Lamb", 2037, 12, TRUE, 447),("2885229229155034", 435, "Kristin Lara", 2037, 12, TRUE, 448),("5309953739593899", 827, "Christina Ortiz", 2040, 8, TRUE, 449),("3161142083161719", 913, "Brandi Rangel", 2030, 9, TRUE, 450), 
("1051935013373692", 247, "Joel Warren", 2030, 5, TRUE, 451),("6377253750883981", 637, "Jennifer Stephens", 2028, 5, TRUE, 452),("1232166089763832", 843, "Samantha Smith", 2025, 6, TRUE, 453),("5018865299239282", 003, "Keith Rose", 2038, 11, TRUE, 454),("1625909408432860", 932, "Patrick Aguirre", 2036, 8, TRUE, 455),("9537802081884589", 819, "Jacob Black", 2037, 8, TRUE, 456),("7248261562427891", 588, "Mr. Zachary Mata", 2030, 2, TRUE, 457),("6723609929728199", 708, "Catherine Melendez DVM", 2030, 11, TRUE, 458),("3299581622621767", 381, "Brian Ibarra", 2030, 7, TRUE, 459),("5968373718106675", 564, "Michael Pacheco", 2033, 7, TRUE, 460),("3005202742037377", 414, "Richard Hayes", 2034, 12, TRUE, 461),("4578170177614770", 093, "Chad Thomas", 2040, 7, TRUE, 462),("0552707626698628", 318, "Julie Dunn", 2035, 5, TRUE, 463),("0273331504024324", 893, "Jessica Palmer DDS", 2033, 8, TRUE, 464),("9464005541226230", 850, "Nicholas Parker", 2031, 1, TRUE, 465),("4815792302102372", 084, "Ian Hull", 2025, 7, TRUE, 466),("8285353909788589", 701, "Christopher Mathews", 2027, 11, TRUE, 467),("2346125230323947", 464, "Anthony Brown", 2025, 7, TRUE, 468),("5312095285993901", 078, "Lisa Key", 2032, 2, TRUE, 469),("5740486381658453", 962, "Andrew Smith", 2032, 6, TRUE, 470),("3942554215836006", 547, "Jacob Sanchez", 2034, 11, TRUE, 471),("7491534234911006", 007, "Sarah Sims", 2029, 11, TRUE, 472),("1965334098410534", 510, "Diane Owens", 2031, 9, TRUE, 473),("2449935312177477", 024, "David Dixon", 2026, 5, TRUE, 474),("3521832167154420", 015, "Elizabeth Navarro", 2039, 10, TRUE, 475),("1732805446778999", 525, "Pamela Andrews", 2025, 6, TRUE, 476),("3842824655244720", 333, "Heather Porter", 2030, 5, TRUE, 477),("7805524727843267", 197, "Derek Le", 2026, 9, TRUE, 478),("0740114784345490", 694, "Gwendolyn Russell", 2030, 2, TRUE, 479),("3106341480461703", 116, "Richard Stewart", 2038, 9, TRUE, 480),("4477968101631310", 503, "Steven Rhodes", 2033, 7, TRUE, 481),("3446685729088386", 350, "Daniel Lucas", 2037, 3, TRUE, 482),("0691758371497528", 574, "Gina Bowman", 2040, 6, TRUE, 483),("0131302994932642", 506, "Beth Ortega", 2033, 9, TRUE, 484),("2619486151015325", 736, "Alexandra Proctor", 2029, 8, TRUE, 485),("7275326149447866", 342, "Charles Gibson", 2027, 4, TRUE, 486),("7156040732117874", 181, "Heather Brown", 2031, 2, TRUE, 487),("9839001749416423", 862, "Mary Johnson", 2032, 7, TRUE, 488),("3009960113833873", 374, "Douglas Scott", 2030, 11, TRUE, 489),("0629492932968175", 436, "David Allen", 2025, 4, TRUE, 490),("7169057482502160", 369, "Amanda Jones", 2029, 8, TRUE, 491),("1746094607202231", 703, "Anthony Trujillo", 2034, 2, TRUE, 492),("2366617220868575", 312, "Jeremiah Bell", 2037, 10, TRUE, 493),("5483380549642970", 494, "John Banks", 2027, 3, TRUE, 494),("7787441084791272", 285, "Taylor Torres", 2031, 4, TRUE, 495),("3869431671344528", 619, "Jeanette Waters", 2038, 3, TRUE, 496),("7935450680585539", 253, "David Bell", 2034, 2, TRUE, 497),("8673421907082160", 263, "Michael Callahan", 2027, 10, TRUE, 498),("5585023376887959", 174, "Andrew Mueller", 2039, 1, TRUE, 499),("5076210066908790", 223, "Ellen Martin", 2025, 1, TRUE, 500);

-- Tabella Fattura -> 500
INSERT INTO Fattura(IdFattura, Saldo, Emissione, Scadenza, Utente_Codice, CartaDiCredito_Numero)
VALUES

(1, 15, "2023-04-17", "2023-05-17", 1, "8366698630727468"),(2, 5, "2024-02-12", "2024-03-13", 2, "8983092812544686"),(3, 10, "2023-04-16", "2023-05-16", 3, "9002403595490268"),(4, 5, "2023-10-14", "2023-11-13", 4, "9112392852813727"),(5, 10, "2023-04-11", "2023-05-11", 5, "4452998070083594"),(6, 10, "2023-09-02", "2023-10-02", 6, "1418200666230843"),(7, 9, "2023-02-22", "2023-03-24", 7, "4069456384757046"),(8, 15, "2023-10-10", "2023-11-09", 8, "5068313565116973"),(9, 5, "2024-01-09", "2024-02-08", 9, "2022515087930076"),(10, 10, "2023-05-22", "2023-06-21", 10, "2081105966569112"),(11, 10, "2024-01-14", "2024-02-13", 11, "3372729021566869"),(12, 10, "2023-05-28", "2023-06-27", 12, "7752495809655139"),(13, 9, "2023-12-04", "2024-01-03", 13, "3833064450499544"),(14, 9, "2024-02-04", "2024-03-05", 14, "9933222855728909"),(15, 7, "2023-05-07", "2023-06-06", 15, "8430528448926807"),(16, 7, "2023-02-27", "2023-03-29", 16, "1903667079923540"),(17, 7, "2023-07-06", "2023-08-05", 17, "3821288898561958"),(18, 10, "2023-11-11", "2023-12-11", 18, "2839199545099157"),(19, 9, "2024-02-18", "2024-03-19", 19, "3330306072692597"),(20, 15, "2023-12-26", "2024-01-25", 20, "1526905357467582"),(21, 9, "2023-07-28", "2023-08-27", 21, "2128706390373452"),(22, 7, "2023-05-06", "2023-06-05", 22, "8216252845614350"),(23, 7, "2023-11-18", "2023-12-18", 23, "9827942657930634"),(24, 15, "2023-06-26", "2023-07-26", 24, "1653923998756108"),(25, 9, "2023-07-27", "2023-08-26", 25, "4943882530421343"),(26, 10, "2023-06-20", "2023-07-20", 26, "4543524936944224"),(27, 15, "2023-12-07", "2024-01-06", 27, "9587122522616706"),(28, 15, "2023-10-02", "2023-11-01", 28, "2846516572123097"),(29, 15, "2023-10-11", "2023-11-10", 29, "8632675246675883"),(30, 15, "2023-03-22", "2023-04-21", 30, "8826549299520281"),(31, 5, "2024-01-28", "2024-02-27", 31, "0333303040783955"),(32, 9, "2024-02-12", "2024-03-13", 32, "1748017198155280"),(33, 15, "2023-09-02", "2023-10-02", 33, "8704583402346849"),(34, 5, "2023-12-07", "2024-01-06", 34, "4883517513602487"),(35, 9, "2023-11-01", "2023-12-01", 35, "9891060603321270"),(36, 5, "2023-12-11", "2024-01-10", 36, "2174642843778526"),(37, 5, "2023-07-04", "2023-08-03", 37, "3473350757134626"),(38, 15, "2023-04-10", "2023-05-10", 38, "7685152923917848"),(39, 15, "2023-10-02", "2023-11-01", 39, "3798441036433020"),(40, 10, "2023-09-25", "2023-10-25", 40, "6059152090345989"),(41, 5, "2024-01-18", "2024-02-17", 41, "9879481795166584"),(42, 5, "2023-09-16", "2023-10-16", 42, "2906478899959955"),(43, 10, "2024-02-18", "2024-03-19", 43, "6720504826110118"),(44, 7, "2024-01-03", "2024-02-02", 44, "5725683910413162"),(45, 15, "2023-06-08", "2023-07-08", 45, "4083469318994501"),(46, 9, "2023-03-01", "2023-03-31", 46, "4992378739616838"),(47, 5, "2023-11-23", "2023-12-23", 47, "2403520713720898"),(48, 5, "2023-05-17", "2023-06-16", 48, "9406050006572360"),(49, 7, "2024-02-10", "2024-03-11", 49, "7345065151098988"),(50, 9, "2024-01-04", "2024-02-03", 50, "0263362856854347"), 
(51, 5, "2023-09-07", "2023-10-07", 51, "9989973946054518"),(52, 10, "2023-07-21", "2023-08-20", 52, "8541370994817872"),(53, 10, "2024-01-26", "2024-02-25", 53, "6078108646265325"),(54, 7, "2024-01-27", "2024-02-26", 54, "1313528782352737"),(55, 7, "2023-12-18", "2024-01-17", 55, "9405922752901882"),(56, 5, "2023-12-30", "2024-01-29", 56, "8082250461275039"),(57, 7, "2024-01-21", "2024-02-20", 57, "8528893214179957"),(58, 9, "2023-04-05", "2023-05-05", 58, "6191493069112658"),(59, 9, "2023-08-31", "2023-09-30", 59, "4617764689860314"),(60, 9, "2023-07-21", "2023-08-20", 60, "3161702817774416"),(61, 9, "2023-12-31", "2024-01-30", 61, "2174117305506926"),(62, 15, "2024-02-16", "2024-03-17", 62, "4446744316215669"),(63, 7, "2024-01-12", "2024-02-11", 63, "1506330035527686"),(64, 15, "2023-10-27", "2023-11-26", 64, "2666673779904641"),(65, 5, "2023-02-22", "2023-03-24", 65, "2926215801234108"),(66, 9, "2023-04-21", "2023-05-21", 66, "7902131099288567"),(67, 5, "2023-06-06", "2023-07-06", 67, "2994300892244840"),(68, 10, "2023-03-05", "2023-04-04", 68, "9892883212503906"),(69, 15, "2023-10-01", "2023-10-31", 69, "4468840260147818"),(70, 5, "2023-05-09", "2023-06-08", 70, "4576365719232718"),(71, 10, "2023-05-29", "2023-06-28", 71, "5399316513634118"),(72, 9, "2023-10-26", "2023-11-25", 72, "6504802301652290"),(73, 9, "2023-03-15", "2023-04-14", 73, "5152373443486531"),(74, 15, "2023-02-28", "2023-03-30", 74, "1838435546074594"),(75, 5, "2023-10-24", "2023-11-23", 75, "3243264820386413"),(76, 10, "2023-10-13", "2023-11-12", 76, "4350852985491755"),(77, 10, "2023-04-21", "2023-05-21", 77, "8341090494230869"),(78, 5, "2023-04-11", "2023-05-11", 78, "9698799490864290"),(79, 10, "2023-08-05", "2023-09-04", 79, "1979008110133035"),(80, 7, "2023-12-07", "2024-01-06", 80, "4399616300208036"),(81, 10, "2023-04-04", "2023-05-04", 81, "1922845163921004"),(82, 9, "2023-06-03", "2023-07-03", 82, "1298109373399304"),(83, 7, "2023-08-07", "2023-09-06", 83, "7873018582587958"),(84, 7, "2023-10-04", "2023-11-03", 84, "7233008600491606"),(85, 10, "2023-08-07", "2023-09-06", 85, "5469169451006152"),(86, 15, "2023-11-26", "2023-12-26", 86, "2471484696739978"),(87, 7, "2023-04-25", "2023-05-25", 87, "1430749538417798"),(88, 9, "2023-09-29", "2023-10-29", 88, "4161231221193122"),(89, 7, "2023-05-28", "2023-06-27", 89, "4843470453433246"),(90, 10, "2023-06-22", "2023-07-22", 90, "7097668176745427"),(91, 7, "2023-07-23", "2023-08-22", 91, "7581050688260325"),(92, 10, "2023-06-05", "2023-07-05", 92, "1311660788263502"),(93, 15, "2024-01-10", "2024-02-09", 93, "3712133684610928"),(94, 9, "2023-06-12", "2023-07-12", 94, "3062076554376476"),(95, 9, "2023-05-15", "2023-06-14", 95, "0366664280431596"),(96, 15, "2023-04-14", "2023-05-14", 96, "9963661471657216"),(97, 10, "2023-11-14", "2023-12-14", 97, "8190086853326733"),(98, 9, "2023-10-11", "2023-11-10", 98, "3945705852566268"),(99, 5, "2023-11-17", "2023-12-17", 99, "2011742302979776"),(100, 15, "2023-03-14", "2023-04-13", 100, "0929694890305975"), 
(101, 10, "2023-07-18", "2023-08-17", 101, "1190118613260934"),(102, 7, "2023-06-04", "2023-07-04", 102, "6483615618793859"),(103, 10, "2024-02-07", "2024-03-08", 103, "4383963645009596"),(104, 10, "2023-02-19", "2023-03-21", 104, "9524758583784914"),(105, 7, "2023-09-16", "2023-10-16", 105, "0622514326617865"),(106, 7, "2023-12-07", "2024-01-06", 106, "2401418624568217"),(107, 15, "2023-12-10", "2024-01-09", 107, "7108353794933446"),(108, 9, "2023-04-08", "2023-05-08", 108, "0976636948686956"),(109, 10, "2023-06-10", "2023-07-10", 109, "9373821654987573"),(110, 5, "2023-03-26", "2023-04-25", 110, "0886460987985112"),(111, 10, "2023-03-28", "2023-04-27", 111, "5815055622972988"),(112, 15, "2023-08-08", "2023-09-07", 112, "7169889681275958"),(113, 9, "2023-12-19", "2024-01-18", 113, "8436674354830083"),(114, 9, "2023-06-28", "2023-07-28", 114, "3715082213887119"),(115, 15, "2023-12-03", "2024-01-02", 115, "0958304197538355"),(116, 9, "2023-11-03", "2023-12-03", 116, "9578860406476644"),(117, 7, "2023-11-24", "2023-12-24", 117, "7682399477785062"),(118, 10, "2024-01-04", "2024-02-03", 118, "1790151375222660"),(119, 7, "2023-06-13", "2023-07-13", 119, "2349633249352384"),(120, 7, "2023-03-23", "2023-04-22", 120, "1972957897849480"),(121, 5, "2023-07-01", "2023-07-31", 121, "2471502713310382"),(122, 7, "2023-09-09", "2023-10-09", 122, "2818191380645781"),(123, 10, "2024-02-08", "2024-03-09", 123, "4521472552126463"),(124, 10, "2023-04-23", "2023-05-23", 124, "5972264745462424"),(125, 5, "2023-02-27", "2023-03-29", 125, "7903513825187908"),(126, 9, "2023-05-13", "2023-06-12", 126, "7132589119307716"),(127, 15, "2023-05-18", "2023-06-17", 127, "6266158394421170"),(128, 7, "2023-06-17", "2023-07-17", 128, "9882397315769104"),(129, 5, "2023-10-06", "2023-11-05", 129, "8352851807607141"),(130, 10, "2023-12-29", "2024-01-28", 130, "2737377626538001"),(131, 9, "2023-08-17", "2023-09-16", 131, "2267743655300222"),(132, 7, "2024-01-19", "2024-02-18", 132, "4063352392493068"),(133, 5, "2024-02-14", "2024-03-15", 133, "2064815810248902"),(134, 7, "2023-11-19", "2023-12-19", 134, "4542236672945147"),(135, 15, "2023-10-24", "2023-11-23", 135, "6206463281935561"),(136, 15, "2023-09-29", "2023-10-29", 136, "0247945731723439"),(137, 9, "2023-03-11", "2023-04-10", 137, "2015346462354619"),(138, 15, "2023-07-12", "2023-08-11", 138, "1500371326308547"),(139, 5, "2023-06-27", "2023-07-27", 139, "9916916608413272"),(140, 5, "2023-04-08", "2023-05-08", 140, "6547970987719165"),(141, 15, "2023-10-19", "2023-11-18", 141, "3211590416879570"),(142, 15, "2023-08-28", "2023-09-27", 142, "1846732013002689"),(143, 5, "2023-12-09", "2024-01-08", 143, "0596174834725622"),(144, 7, "2023-07-06", "2023-08-05", 144, "9110005923199932"),(145, 9, "2023-09-24", "2023-10-24", 145, "1755393061110976"),(146, 5, "2023-05-06", "2023-06-05", 146, "4241989247419110"),(147, 9, "2023-04-19", "2023-05-19", 147, "8253172981444625"),(148, 15, "2023-05-02", "2023-06-01", 148, "2617257615721518"),(149, 10, "2023-12-18", "2024-01-17", 149, "9907554448168289"),(150, 10, "2023-06-22", "2023-07-22", 150, "1238569922230550"), 
(151, 9, "2023-10-30", "2023-11-29", 151, "5503117315433973"),(152, 5, "2023-07-29", "2023-08-28", 152, "9852831173383743"),(153, 5, "2023-02-20", "2023-03-22", 153, "1903743717059972"),(154, 15, "2023-05-12", "2023-06-11", 154, "6806272242013437"),(155, 15, "2023-12-06", "2024-01-05", 155, "0301383381125528"),(156, 9, "2023-11-02", "2023-12-02", 156, "6911903260122161"),(157, 9, "2023-04-30", "2023-05-30", 157, "0509678553638336"),(158, 10, "2023-02-19", "2023-03-21", 158, "8889019133918026"),(159, 9, "2023-09-26", "2023-10-26", 159, "2463763319073757"),(160, 10, "2023-04-28", "2023-05-28", 160, "0294295757608558"),(161, 5, "2023-10-04", "2023-11-03", 161, "4172039826359584"),(162, 15, "2023-05-18", "2023-06-17", 162, "9734165040243575"),(163, 7, "2023-12-25", "2024-01-24", 163, "0642205630259881"),(164, 10, "2023-05-27", "2023-06-26", 164, "6229599164979096"),(165, 7, "2023-04-09", "2023-05-09", 165, "1673002676984834"),(166, 10, "2023-12-28", "2024-01-27", 166, "5993042007616692"),(167, 9, "2023-09-03", "2023-10-03", 167, "2148135485410700"),(168, 5, "2023-03-28", "2023-04-27", 168, "7834028139857160"),(169, 15, "2023-11-24", "2023-12-24", 169, "9947114043797450"),(170, 7, "2023-07-28", "2023-08-27", 170, "6338206693840994"),(171, 5, "2023-03-28", "2023-04-27", 171, "6488860979139355"),(172, 7, "2023-05-03", "2023-06-02", 172, "6724636286618158"),(173, 15, "2024-01-10", "2024-02-09", 173, "1579631853896235"),(174, 15, "2023-06-09", "2023-07-09", 174, "9160964383111282"),(175, 15, "2023-06-28", "2023-07-28", 175, "8887256041482142"),(176, 7, "2023-09-01", "2023-10-01", 176, "0479161803151287"),(177, 15, "2023-10-01", "2023-10-31", 177, "6477830759240501"),(178, 9, "2024-02-07", "2024-03-08", 178, "3234940414594202"),(179, 10, "2024-01-30", "2024-02-29", 179, "9608458554852125"),(180, 7, "2023-04-29", "2023-05-29", 180, "9593944405361278"),(181, 7, "2023-04-15", "2023-05-15", 181, "9082460239667418"),(182, 15, "2023-12-09", "2024-01-08", 182, "0124590359784353"),(183, 9, "2023-11-21", "2023-12-21", 183, "5253370727880261"),(184, 10, "2024-01-05", "2024-02-04", 184, "8581995226624608"),(185, 9, "2023-08-18", "2023-09-17", 185, "3472081699534510"),(186, 5, "2023-06-20", "2023-07-20", 186, "5461190842884419"),(187, 15, "2023-12-30", "2024-01-29", 187, "6571244596885625"),(188, 10, "2023-02-19", "2023-03-21", 188, "0309188378544428"),(189, 7, "2023-03-17", "2023-04-16", 189, "0618817028042411"),(190, 7, "2023-05-06", "2023-06-05", 190, "5518289561934360"),(191, 5, "2023-08-23", "2023-09-22", 191, "6453435303178531"),(192, 7, "2023-10-17", "2023-11-16", 192, "0986397089938922"),(193, 9, "2023-09-01", "2023-10-01", 193, "9309577704189488"),(194, 10, "2023-05-01", "2023-05-31", 194, "4743628125956253"),(195, 7, "2023-08-16", "2023-09-15", 195, "6455330658263721"),(196, 9, "2023-10-22", "2023-11-21", 196, "6513480958640557"),(197, 5, "2023-05-30", "2023-06-29", 197, "9692950304021273"),(198, 10, "2023-11-10", "2023-12-10", 198, "8964473433379153"),(199, 9, "2023-08-10", "2023-09-09", 199, "7211465377184309"),(200, 15, "2023-10-13", "2023-11-12", 200, "9157082006950882"), 
(201, 5, "2024-01-11", "2024-02-10", 201, "0610239441843982"),(202, 7, "2023-04-27", "2023-05-27", 202, "2969451576740773"),(203, 15, "2023-05-03", "2023-06-02", 203, "6951257144900056"),(204, 5, "2023-05-07", "2023-06-06", 204, "6903693609127394"),(205, 15, "2023-05-31", "2023-06-30", 205, "7037312402688637"),(206, 5, "2023-07-03", "2023-08-02", 206, "3802828491320598"),(207, 10, "2023-12-07", "2024-01-06", 207, "4788289216666530"),(208, 5, "2024-01-13", "2024-02-12", 208, "2815114466183702"),(209, 5, "2023-09-01", "2023-10-01", 209, "8641473285443800"),(210, 10, "2023-05-17", "2023-06-16", 210, "0734377650054267"),(211, 9, "2023-03-21", "2023-04-20", 211, "6479092770472393"),(212, 10, "2023-07-28", "2023-08-27", 212, "7231710349344524"),(213, 7, "2024-02-13", "2024-03-14", 213, "7822556569558945"),(214, 5, "2023-12-26", "2024-01-25", 214, "5220563128791359"),(215, 10, "2023-11-27", "2023-12-27", 215, "2375338499104700"),(216, 10, "2023-12-16", "2024-01-15", 216, "7035562841882435"),(217, 9, "2023-09-11", "2023-10-11", 217, "7234391688677035"),(218, 10, "2023-06-11", "2023-07-11", 218, "3784992924492076"),(219, 10, "2023-04-27", "2023-05-27", 219, "6956520896760032"),(220, 7, "2023-07-23", "2023-08-22", 220, "6186369542379955"),(221, 9, "2023-10-19", "2023-11-18", 221, "7991650818041719"),(222, 10, "2023-03-28", "2023-04-27", 222, "7455163407973942"),(223, 9, "2024-02-07", "2024-03-08", 223, "5661332634196833"),(224, 7, "2023-07-21", "2023-08-20", 224, "1658444145411549"),(225, 9, "2023-04-15", "2023-05-15", 225, "5631313037660470"),(226, 10, "2023-05-12", "2023-06-11", 226, "7696393907460844"),(227, 10, "2023-08-20", "2023-09-19", 227, "4469807358217909"),(228, 7, "2023-05-06", "2023-06-05", 228, "5164551665505554"),(229, 7, "2023-12-24", "2024-01-23", 229, "7965084138797457"),(230, 10, "2023-03-13", "2023-04-12", 230, "9683347120907372"),(231, 10, "2023-09-09", "2023-10-09", 231, "7825998899102584"),(232, 10, "2023-12-25", "2024-01-24", 232, "7893008744333693"),(233, 7, "2023-03-20", "2023-04-19", 233, "5528340565464791"),(234, 5, "2023-08-20", "2023-09-19", 234, "5364297226123152"),(235, 15, "2023-06-15", "2023-07-15", 235, "1249991992550401"),(236, 5, "2023-11-28", "2023-12-28", 236, "4470388363125588"),(237, 5, "2023-10-10", "2023-11-09", 237, "7835933771120049"),(238, 7, "2024-01-17", "2024-02-16", 238, "0311916454590117"),(239, 9, "2024-01-25", "2024-02-24", 239, "6885443277961520"),(240, 15, "2023-05-09", "2023-06-08", 240, "0568254479977742"),(241, 5, "2023-03-15", "2023-04-14", 241, "7241721311902499"),(242, 7, "2023-07-31", "2023-08-30", 242, "8953552731383225"),(243, 15, "2023-08-21", "2023-09-20", 243, "7184551320501883"),(244, 9, "2023-09-19", "2023-10-19", 244, "6817664853849470"),(245, 15, "2023-09-27", "2023-10-27", 245, "9136149987609044"),(246, 10, "2023-08-31", "2023-09-30", 246, "0670591958679377"),(247, 7, "2024-01-04", "2024-02-03", 247, "8191030667184565"),(248, 15, "2023-07-04", "2023-08-03", 248, "3212347988403828"),(249, 9, "2023-09-28", "2023-10-28", 249, "6716533493939088"),(250, 9, "2024-02-03", "2024-03-04", 250, "4913058038387694"), 
(251, 15, "2023-12-12", "2024-01-11", 251, "3381743717748947"),(252, 10, "2023-06-20", "2023-07-20", 252, "9911817472172224"),(253, 9, "2023-06-24", "2023-07-24", 253, "7565249121515430"),(254, 7, "2023-12-24", "2024-01-23", 254, "0463873825834774"),(255, 7, "2023-10-28", "2023-11-27", 255, "9819641635509378"),(256, 15, "2023-02-19", "2023-03-21", 256, "2907364625912570"),(257, 7, "2023-03-05", "2023-04-04", 257, "3796466035417961"),(258, 7, "2023-07-24", "2023-08-23", 258, "9259574151911879"),(259, 5, "2023-10-07", "2023-11-06", 259, "2406307431318458"),(260, 5, "2023-07-01", "2023-07-31", 260, "0030045524934172"),(261, 9, "2023-09-04", "2023-10-04", 261, "0718932383183015"),(262, 15, "2024-01-13", "2024-02-12", 262, "1110266663802945"),(263, 9, "2023-05-10", "2023-06-09", 263, "5603985136951166"),(264, 5, "2023-10-01", "2023-10-31", 264, "8083550863401205"),(265, 15, "2023-08-16", "2023-09-15", 265, "9268338844874015"),(266, 5, "2023-10-25", "2023-11-24", 266, "1323916491771273"),(267, 10, "2023-07-25", "2023-08-24", 267, "2960233686172905"),(268, 9, "2023-05-13", "2023-06-12", 268, "8676570279274555"),(269, 10, "2023-12-22", "2024-01-21", 269, "7471510032934629"),(270, 9, "2023-06-23", "2023-07-23", 270, "0504099286956067"),(271, 15, "2023-05-18", "2023-06-17", 271, "3514140733997197"),(272, 10, "2023-07-05", "2023-08-04", 272, "5724230985757085"),(273, 9, "2023-05-12", "2023-06-11", 273, "1212609445351701"),(274, 9, "2023-03-23", "2023-04-22", 274, "7112950608520863"),(275, 5, "2023-03-04", "2023-04-03", 275, "1998874757312783"),(276, 9, "2024-01-12", "2024-02-11", 276, "4641446710739759"),(277, 10, "2023-12-14", "2024-01-13", 277, "5991277667549497"),(278, 5, "2023-09-22", "2023-10-22", 278, "1410165589083573"),(279, 5, "2023-08-07", "2023-09-06", 279, "1110178952878772"),(280, 9, "2024-02-11", "2024-03-12", 280, "8096955885658939"),(281, 10, "2023-05-01", "2023-05-31", 281, "3645724561938120"),(282, 9, "2023-09-27", "2023-10-27", 282, "0081551213338617"),(283, 7, "2023-06-18", "2023-07-18", 283, "5276893818375922"),(284, 15, "2023-03-31", "2023-04-30", 284, "3519335388543144"),(285, 15, "2023-04-26", "2023-05-26", 285, "2765244626554684"),(286, 5, "2024-02-02", "2024-03-03", 286, "3730333141528062"),(287, 9, "2023-09-13", "2023-10-13", 287, "6124680583049001"),(288, 10, "2023-08-08", "2023-09-07", 288, "5388658964738139"),(289, 5, "2023-08-04", "2023-09-03", 289, "1692516746387226"),(290, 10, "2023-08-31", "2023-09-30", 290, "8275192630011975"),(291, 7, "2024-01-03", "2024-02-02", 291, "2437726139117544"),(292, 5, "2023-06-19", "2023-07-19", 292, "9867582410588362"),(293, 10, "2023-03-20", "2023-04-19", 293, "2198043646154689"),(294, 15, "2023-08-02", "2023-09-01", 294, "2012953673999872"),(295, 10, "2023-09-04", "2023-10-04", 295, "7962332538565077"),(296, 15, "2023-03-22", "2023-04-21", 296, "8142726871509570"),(297, 10, "2024-01-04", "2024-02-03", 297, "0654928337887582"),(298, 15, "2023-02-23", "2023-03-25", 298, "3040190895516479"),(299, 10, "2023-06-01", "2023-07-01", 299, "1929606909155437"),(300, 5, "2023-03-09", "2023-04-08", 300, "5365612305624961"), 
(301, 10, "2023-08-27", "2023-09-26", 301, "2921879765447053"),(302, 10, "2023-07-30", "2023-08-29", 302, "0583783948162613"),(303, 9, "2023-09-09", "2023-10-09", 303, "1131410406116612"),(304, 7, "2023-03-07", "2023-04-06", 304, "7257295681098099"),(305, 9, "2023-08-15", "2023-09-14", 305, "0083927238479391"),(306, 5, "2023-07-02", "2023-08-01", 306, "6394790005016663"),(307, 10, "2023-11-17", "2023-12-17", 307, "0955692439202408"),(308, 7, "2023-05-23", "2023-06-22", 308, "5380456754592445"),(309, 15, "2023-02-20", "2023-03-22", 309, "0386563618822669"),(310, 9, "2023-08-09", "2023-09-08", 310, "2060020664762894"),(311, 7, "2023-12-09", "2024-01-08", 311, "9723311575565474"),(312, 5, "2024-01-29", "2024-02-28", 312, "6473396373412161"),(313, 7, "2023-08-02", "2023-09-01", 313, "8227574640392960"),(314, 7, "2023-12-05", "2024-01-04", 314, "9413138242865599"),(315, 9, "2023-11-29", "2023-12-29", 315, "9604352291370823"),(316, 5, "2023-10-10", "2023-11-09", 316, "4508317745464380"),(317, 9, "2023-09-20", "2023-10-20", 317, "2405644838481374"),(318, 7, "2023-05-02", "2023-06-01", 318, "9316981034244326"),(319, 7, "2023-07-03", "2023-08-02", 319, "3416776030652486"),(320, 7, "2023-08-18", "2023-09-17", 320, "2311643245138417"),(321, 10, "2023-07-31", "2023-08-30", 321, "6606931256556098"),(322, 5, "2024-01-24", "2024-02-23", 322, "6590834883065749"),(323, 7, "2023-03-16", "2023-04-15", 323, "6689417115411693"),(324, 5, "2023-11-24", "2023-12-24", 324, "7018782958593189"),(325, 10, "2023-02-20", "2023-03-22", 325, "4682875613457184"),(326, 10, "2023-12-08", "2024-01-07", 326, "5775354133759668"),(327, 15, "2023-04-05", "2023-05-05", 327, "8759459958040480"),(328, 5, "2023-12-19", "2024-01-18", 328, "6498371781601365"),(329, 15, "2023-04-24", "2023-05-24", 329, "4201236175080571"),(330, 9, "2023-05-08", "2023-06-07", 330, "0449294576921795"),(331, 15, "2023-10-21", "2023-11-20", 331, "0141080938018795"),(332, 9, "2023-12-22", "2024-01-21", 332, "7845514304965483"),(333, 10, "2023-08-06", "2023-09-05", 333, "9124090061485040"),(334, 9, "2024-01-12", "2024-02-11", 334, "0014566894632393"),(335, 5, "2023-12-03", "2024-01-02", 335, "8003955312735705"),(336, 7, "2023-03-23", "2023-04-22", 336, "4827970172289886"),(337, 9, "2023-12-01", "2023-12-31", 337, "5653353710341026"),(338, 15, "2023-12-11", "2024-01-10", 338, "1629042653940168"),(339, 15, "2023-09-17", "2023-10-17", 339, "8349067502235506"),(340, 7, "2023-02-28", "2023-03-30", 340, "6568927984036723"),(341, 5, "2023-04-07", "2023-05-07", 341, "0658932507700807"),(342, 7, "2023-04-08", "2023-05-08", 342, "1097758985290815"),(343, 10, "2023-08-17", "2023-09-16", 343, "7973709321882759"),(344, 10, "2023-08-03", "2023-09-02", 344, "1031614405630217"),(345, 7, "2023-02-21", "2023-03-23", 345, "5523922564121210"),(346, 5, "2023-03-25", "2023-04-24", 346, "4771335137905121"),(347, 9, "2023-11-06", "2023-12-06", 347, "7493809334022479"),(348, 5, "2023-05-19", "2023-06-18", 348, "4607429269345022"),(349, 7, "2023-07-23", "2023-08-22", 349, "3977220026705682"),(350, 5, "2023-10-13", "2023-11-12", 350, "0395110423691267"), 
(351, 10, "2024-01-29", "2024-02-28", 351, "3867594685130903"),(352, 10, "2023-04-07", "2023-05-07", 352, "0759638589943342"),(353, 15, "2023-04-19", "2023-05-19", 353, "2139000180029370"),(354, 15, "2023-06-13", "2023-07-13", 354, "9743846950856840"),(355, 5, "2023-04-17", "2023-05-17", 355, "7559655268658103"),(356, 9, "2023-12-29", "2024-01-28", 356, "7674617320016142"),(357, 15, "2023-10-17", "2023-11-16", 357, "2350126112168267"),(358, 10, "2023-09-01", "2023-10-01", 358, "2871888254443379"),(359, 7, "2023-04-03", "2023-05-03", 359, "9421593152569518"),(360, 5, "2023-08-01", "2023-08-31", 360, "6405200696996961"),(361, 9, "2023-12-15", "2024-01-14", 361, "7432535325044747"),(362, 7, "2023-10-10", "2023-11-09", 362, "4410653499479900"),(363, 15, "2023-02-28", "2023-03-30", 363, "1315661875973212"),(364, 15, "2023-10-10", "2023-11-09", 364, "1718399527103224"),(365, 10, "2023-05-09", "2023-06-08", 365, "7808564635457992"),(366, 10, "2023-12-29", "2024-01-28", 366, "2657058964816378"),(367, 7, "2023-10-07", "2023-11-06", 367, "9646331240059269"),(368, 15, "2023-11-14", "2023-12-14", 368, "5222623703352672"),(369, 7, "2023-05-25", "2023-06-24", 369, "1236206906870031"),(370, 9, "2023-12-05", "2024-01-04", 370, "6313405670980204"),(371, 15, "2024-02-14", "2024-03-15", 371, "3269677384161560"),(372, 9, "2023-07-19", "2023-08-18", 372, "9482041233960881"),(373, 5, "2024-02-07", "2024-03-08", 373, "6907032065728289"),(374, 5, "2023-07-16", "2023-08-15", 374, "9405422047735051"),(375, 5, "2023-04-24", "2023-05-24", 375, "8919802332587687"),(376, 10, "2024-02-06", "2024-03-07", 376, "5963523852274047"),(377, 9, "2023-11-28", "2023-12-28", 377, "5483077243013095"),(378, 5, "2023-06-10", "2023-07-10", 378, "2545363506109002"),(379, 15, "2023-09-03", "2023-10-03", 379, "3121355645535334"),(380, 9, "2023-09-04", "2023-10-04", 380, "4084496707828441"),(381, 5, "2023-09-01", "2023-10-01", 381, "8437891487567704"),(382, 5, "2024-01-29", "2024-02-28", 382, "5028228485534594"),(383, 15, "2023-10-28", "2023-11-27", 383, "3992143643032974"),(384, 10, "2023-02-21", "2023-03-23", 384, "4355939987005653"),(385, 9, "2023-12-16", "2024-01-15", 385, "8915450540902234"),(386, 9, "2023-08-11", "2023-09-10", 386, "1388413188451684"),(387, 15, "2024-02-18", "2024-03-19", 387, "6315649046261390"),(388, 9, "2023-09-01", "2023-10-01", 388, "2287541575839494"),(389, 15, "2023-07-18", "2023-08-17", 389, "7569824560524431"),(390, 9, "2023-08-22", "2023-09-21", 390, "2436646899834915"),(391, 7, "2023-03-28", "2023-04-27", 391, "3248083765128655"),(392, 9, "2023-05-17", "2023-06-16", 392, "0506561123999567"),(393, 15, "2023-09-27", "2023-10-27", 393, "7673701386654853"),(394, 7, "2023-02-19", "2023-03-21", 394, "0436883008617837"),(395, 9, "2023-05-07", "2023-06-06", 395, "1410047947149658"),(396, 5, "2023-10-01", "2023-10-31", 396, "1086367461862705"),(397, 15, "2023-09-26", "2023-10-26", 397, "6017114432970535"),(398, 9, "2023-12-14", "2024-01-13", 398, "0685229283582510"),(399, 7, "2023-03-11", "2023-04-10", 399, "4336023265091943"),(400, 9, "2024-01-30", "2024-02-29", 400, "1630987752003802"), 
(401, 5, "2023-05-06", "2023-06-05", 401, "4768289906047116"),(402, 10, "2023-12-29", "2024-01-28", 402, "3927301871361540"),(403, 9, "2024-01-24", "2024-02-23", 403, "5768545295168065"),(404, 10, "2023-05-29", "2023-06-28", 404, "3441194818356432"),(405, 7, "2023-05-16", "2023-06-15", 405, "5937457484204323"),(406, 10, "2023-11-09", "2023-12-09", 406, "7145524773983466"),(407, 15, "2023-08-29", "2023-09-28", 407, "2382956357344641"),(408, 15, "2023-05-05", "2023-06-04", 408, "1988139920784593"),(409, 7, "2023-02-20", "2023-03-22", 409, "4105792093989950"),(410, 9, "2023-05-17", "2023-06-16", 410, "1367640362242420"),(411, 10, "2023-07-22", "2023-08-21", 411, "7592139747554889"),(412, 7, "2023-11-01", "2023-12-01", 412, "2522858042380917"),(413, 15, "2023-04-03", "2023-05-03", 413, "6810443994310389"),(414, 9, "2023-12-06", "2024-01-05", 414, "3574006843859531"),(415, 5, "2023-03-21", "2023-04-20", 415, "2320576086226300"),(416, 9, "2023-06-11", "2023-07-11", 416, "8438361091339683"),(417, 10, "2023-03-03", "2023-04-02", 417, "5001840221620076"),(418, 9, "2023-10-02", "2023-11-01", 418, "0634323820236582"),(419, 5, "2023-09-26", "2023-10-26", 419, "6198877575283124"),(420, 9, "2023-11-15", "2023-12-15", 420, "9169861868162327"),(421, 7, "2023-04-28", "2023-05-28", 421, "9931447640298291"),(422, 15, "2023-07-18", "2023-08-17", 422, "1142046707408395"),(423, 7, "2023-09-04", "2023-10-04", 423, "2905866653328194"),(424, 10, "2023-03-06", "2023-04-05", 424, "7118547764974232"),(425, 7, "2023-05-31", "2023-06-30", 425, "0836044126768659"),(426, 7, "2023-08-17", "2023-09-16", 426, "3905763941592152"),(427, 7, "2023-02-28", "2023-03-30", 427, "7606815800953169"),(428, 15, "2023-09-21", "2023-10-21", 428, "3571097002823160"),(429, 9, "2023-05-26", "2023-06-25", 429, "5208017827887109"),(430, 15, "2023-12-16", "2024-01-15", 430, "8923781666691323"),(431, 9, "2024-02-17", "2024-03-18", 431, "8667038526080024"),(432, 5, "2023-07-29", "2023-08-28", 432, "2538665395086518"),(433, 15, "2023-08-13", "2023-09-12", 433, "0399735345707041"),(434, 7, "2023-05-19", "2023-06-18", 434, "8307928514470529"),(435, 7, "2023-11-02", "2023-12-02", 435, "4870923527137378"),(436, 9, "2023-04-09", "2023-05-09", 436, "7941920335888640"),(437, 15, "2023-10-11", "2023-11-10", 437, "2965079994847345"),(438, 15, "2023-07-22", "2023-08-21", 438, "5641181003689273"),(439, 10, "2023-05-21", "2023-06-20", 439, "1092331411995619"),(440, 7, "2023-09-15", "2023-10-15", 440, "9289397937265246"),(441, 9, "2023-06-11", "2023-07-11", 441, "0215089550145558"),(442, 5, "2023-08-27", "2023-09-26", 442, "1540401293081168"),(443, 9, "2023-10-05", "2023-11-04", 443, "6941553697331589"),(444, 9, "2023-04-01", "2023-05-01", 444, "7213061925115246"),(445, 9, "2024-01-29", "2024-02-28", 445, "3345401226222662"),(446, 5, "2023-09-09", "2023-10-09", 446, "0393022417782783"),(447, 15, "2023-07-05", "2023-08-04", 447, "5695212487719939"),(448, 5, "2023-02-26", "2023-03-28", 448, "2885229229155034"),(449, 5, "2023-12-07", "2024-01-06", 449, "5309953739593899"),(450, 15, "2023-05-14", "2023-06-13", 450, "3161142083161719"), 
(451, 10, "2023-11-21", "2023-12-21", 451, "1051935013373692"),(452, 10, "2024-02-12", "2024-03-13", 452, "6377253750883981"),(453, 7, "2023-05-13", "2023-06-12", 453, "1232166089763832"),(454, 9, "2023-11-23", "2023-12-23", 454, "5018865299239282"),(455, 7, "2023-07-12", "2023-08-11", 455, "1625909408432860"),(456, 7, "2023-07-29", "2023-08-28", 456, "9537802081884589"),(457, 7, "2023-12-25", "2024-01-24", 457, "7248261562427891"),(458, 5, "2024-01-03", "2024-02-02", 458, "6723609929728199"),(459, 10, "2023-02-18", "2023-03-20", 459, "3299581622621767"),(460, 5, "2023-12-19", "2024-01-18", 460, "5968373718106675"),(461, 10, "2023-03-23", "2023-04-22", 461, "3005202742037377"),(462, 9, "2023-07-18", "2023-08-17", 462, "4578170177614770"),(463, 15, "2023-06-28", "2023-07-28", 463, "0552707626698628"),(464, 15, "2023-11-14", "2023-12-14", 464, "0273331504024324"),(465, 15, "2023-08-31", "2023-09-30", 465, "9464005541226230"),(466, 10, "2023-11-18", "2023-12-18", 466, "4815792302102372"),(467, 7, "2023-09-29", "2023-10-29", 467, "8285353909788589"),(468, 10, "2023-04-29", "2023-05-29", 468, "2346125230323947"),(469, 5, "2023-07-05", "2023-08-04", 469, "5312095285993901"),(470, 5, "2023-06-10", "2023-07-10", 470, "5740486381658453"),(471, 10, "2023-08-11", "2023-09-10", 471, "3942554215836006"),(472, 9, "2023-10-06", "2023-11-05", 472, "7491534234911006"),(473, 5, "2023-07-13", "2023-08-12", 473, "1965334098410534"),(474, 5, "2023-08-17", "2023-09-16", 474, "2449935312177477"),(475, 7, "2023-09-02", "2023-10-02", 475, "3521832167154420"),(476, 5, "2023-04-07", "2023-05-07", 476, "1732805446778999"),(477, 5, "2024-01-30", "2024-02-29", 477, "3842824655244720"),(478, 10, "2023-11-19", "2023-12-19", 478, "7805524727843267"),(479, 10, "2023-09-29", "2023-10-29", 479, "0740114784345490"),(480, 5, "2023-11-09", "2023-12-09", 480, "3106341480461703"),(481, 7, "2023-03-19", "2023-04-18", 481, "4477968101631310"),(482, 15, "2023-12-25", "2024-01-24", 482, "3446685729088386"),(483, 7, "2023-12-20", "2024-01-19", 483, "0691758371497528"),(484, 10, "2023-07-01", "2023-07-31", 484, "0131302994932642"),(485, 5, "2023-11-19", "2023-12-19", 485, "2619486151015325"),(486, 5, "2023-12-21", "2024-01-20", 486, "7275326149447866"),(487, 7, "2024-02-04", "2024-03-05", 487, "7156040732117874"),(488, 5, "2023-09-04", "2023-10-04", 488, "9839001749416423"),(489, 7, "2023-11-15", "2023-12-15", 489, "3009960113833873"),(490, 10, "2023-12-17", "2024-01-16", 490, "0629492932968175"),(491, 5, "2023-07-05", "2023-08-04", 491, "7169057482502160"),(492, 9, "2023-03-23", "2023-04-22", 492, "1746094607202231"),(493, 10, "2023-05-16", "2023-06-15", 493, "2366617220868575"),(494, 7, "2023-07-13", "2023-08-12", 494, "5483380549642970"),(495, 15, "2024-02-01", "2024-03-02", 495, "7787441084791272"),(496, 7, "2023-04-16", "2023-05-16", 496, "3869431671344528"),(497, 9, "2023-02-28", "2023-03-30", 497, "7935450680585539"),(498, 9, "2023-07-10", "2023-08-09", 498, "8673421907082160"),(499, 10, "2023-05-22", "2023-06-21", 499, "5585023376887959"),(500, 10, "2023-06-10", "2023-07-10", 500, "5076210066908790");

-- Tabella Recensione Utente -> 500
INSERT INTO RecensioneUtente(Utente_Codice, Film_IdFilm, Voto, Data)
VALUES
(1, 29, 4, '2024-01-23'),(2, 53, 3, '2023-08-02'),(3, 69, 2, '2023-03-28'),(4, 34, 4, '2023-12-24'),(5, 80, 3, '2023-02-14'),(6, 36, 5, '2023-09-25'),(7, 71, 3, '2023-04-23'),(8, 16, 2, '2023-08-31'),(9, 5, 5, '2023-10-20'),(10, 36, 2, '2023-07-05'),(11, 49, 5, '2023-10-25'),(12, 73, 2, '2023-07-15'),(13, 96, 5, '2023-11-19'),(14, 28, 3, '2023-06-05'),(15, 48, 4, '2023-09-23'),(16, 74, 1, '2023-07-11'),(17, 27, 3, '2023-12-06'),(18, 61, 3, '2023-10-07'),(19, 63, 3, '2023-07-13'),(20, 69, 5, '2023-10-21'),(21, 89, 3, '2023-05-18'),(22, 84, 4, '2023-08-16'),
(23, 32, 5, '2023-08-27'),(24, 9, 1, '2023-04-26'),(25, 44, 1, '2023-10-05'),(26, 44, 4, '2024-01-10'),(27, 68, 3, '2023-06-10'),(28, 63, 5, '2024-01-06'),(29, 28, 5, '2023-12-29'),(30, 17, 5, '2023-09-16'),(31, 15, 2, '2023-10-01'),(32, 29, 3, '2023-03-16'),(33, 20, 5, '2023-07-31'),(34, 88, 2, '2024-01-13'),(35, 59, 1, '2023-08-05'),(36, 8, 1, '2023-12-16'),(37, 65, 5, '2023-07-01'),(38, 53, 5, '2023-06-19'),(39, 30, 1, '2023-05-01'),(40, 8, 4, '2023-07-04'),(41, 59, 1, '2023-05-29'),(42, 43, 1, '2023-03-04'),(43, 78, 4, '2023-08-14'),(44, 79, 4, '2024-01-23'),
(45, 52, 1, '2023-04-15'),(46, 10, 5, '2023-12-19'),(47, 57, 2, '2023-10-19'),(48, 37, 2, '2023-09-14'),(49, 53, 4, '2023-06-15'),(50, 27, 4, '2023-06-16'),(51, 39, 1, '2023-10-20'),(52, 97, 2, '2023-08-27'),(53, 37, 4, '2023-02-19'),(54, 95, 1, '2023-03-24'),(55, 90, 2, '2023-03-13'),(56, 22, 2, '2023-04-25'),(57, 44, 5, '2023-11-25'),(58, 78, 5, '2023-09-09'),(59, 77, 1, '2024-01-25'),(60, 67, 2, '2023-09-30'),(61, 96, 1, '2024-01-23'),(62, 55, 2, '2023-07-05'),(63, 53, 4, '2023-03-08'),(64, 92, 4, '2023-04-20'),(65, 46, 3, '2023-12-10'),(66, 67, 1, '2023-09-05'),
(67, 28, 4, '2023-03-26'),(68, 38, 1, '2023-11-15'),(69, 17, 2, '2023-03-19'),(70, 58, 5, '2023-05-12'),(71, 54, 2, '2023-07-16'),(72, 68, 3, '2023-09-21'),(73, 27, 4, '2023-12-30'),(74, 63, 1, '2023-11-22'),(75, 22, 5, '2023-05-11'),(76, 10, 2, '2023-02-15'),(77, 82, 3, '2023-03-21'),(78, 95, 1, '2023-07-08'),(79, 75, 1, '2023-05-18'),(80, 47, 1, '2024-02-09'),(81, 32, 4, '2024-02-02'),(82, 33, 2, '2023-10-31'),(83, 31, 5, '2023-09-20'),(84, 25, 1, '2023-03-15'),(85, 66, 5, '2023-06-29'),(86, 67, 2, '2023-03-28'),(87, 96, 4, '2023-02-24'),(88, 39, 2, '2024-01-23'),
(89, 6, 5, '2023-07-21'),(90, 75, 2, '2023-08-01'),(91, 73, 2, '2024-01-19'),(92, 46, 1, '2024-02-06'),(93, 60, 4, '2023-05-02'),(94, 14, 3, '2023-10-22'),(95, 66, 3, '2023-12-16'),(96, 24, 5, '2023-03-04'),(97, 23, 4, '2024-01-05'),(98, 98, 5, '2023-12-02'),(99, 66, 2, '2023-08-09'),(100, 15, 3, '2024-01-03'),(101, 65, 5, '2024-01-02'),(102, 97, 4, '2023-03-12'),(103, 71, 2, '2024-01-12'),(104, 92, 5, '2023-04-20'),(105, 47, 3, '2023-09-17'),(106, 63, 2, '2024-02-08'),(107, 63, 3, '2023-10-31'),(108, 89, 1, '2023-10-27'),(109, 81, 1, '2023-08-20'),(110, 50, 3, '2023-09-16'),
(111, 38, 5, '2023-10-31'),(112, 55, 4, '2023-08-31'),(113, 76, 3, '2023-12-29'),(114, 85, 3, '2023-09-17'),(115, 36, 5, '2023-03-31'),(116, 70, 2, '2024-01-22'),(117, 40, 1, '2023-05-22'),(118, 15, 5, '2023-04-08'),(119, 52, 4, '2023-12-05'),(120, 21, 1, '2023-06-03'),(121, 50, 4, '2023-09-29'),(122, 45, 5, '2024-01-26'),(123, 28, 5, '2023-03-15'),(124, 91, 5, '2023-06-12'),(125, 6, 4, '2023-03-27'),(126, 16, 2, '2023-12-06'),(127, 54, 1, '2023-02-24'),(128, 4, 3, '2023-11-21'),(129, 98, 3, '2023-11-15'),(130, 30, 5, '2023-07-22'),(131, 85, 3, '2023-05-28'),(132, 22, 4, '2023-12-08'),
(133, 20, 3, '2023-12-30'),(134, 100, 5, '2023-05-02'),(135, 55, 3, '2023-11-27'),(136, 40, 1, '2023-02-28'),(137, 73, 5, '2023-04-03'),(138, 48, 1, '2023-03-29'),(139, 1, 2, '2023-05-25'),(140, 41, 2, '2023-02-15'),(141, 10, 2, '2023-08-22'),(142, 40, 4, '2023-05-23'),(143, 86, 5, '2023-06-30'),(144, 81, 2, '2023-06-18'),(145, 68, 5, '2023-05-25'),(146, 4, 1, '2023-06-25'),(147, 30, 5, '2023-05-01'),(148, 27, 4, '2023-04-16'),(149, 56, 4, '2023-11-28'),(150, 77, 2, '2024-02-06'),(151, 19, 4, '2023-08-18'),(152, 95, 2, '2023-05-01'),(153, 62, 4, '2023-12-21'),(154, 59, 2, '2024-01-20'),
(155, 78, 2, '2023-08-16'),(156, 91, 5, '2023-05-23'),(157, 88, 1, '2023-12-20'),(158, 7, 3, '2023-06-16'),(159, 59, 3, '2023-07-03'),(160, 15, 3, '2023-12-21'),(161, 28, 5, '2023-07-04'),(162, 29, 2, '2023-05-12'),(163, 89, 2, '2023-02-21'),(164, 17, 3, '2023-04-02'),(165, 45, 2, '2023-07-22'),(166, 97, 2, '2023-07-19'),(167, 37, 3, '2023-03-29'),(168, 72, 3, '2023-07-24'),(169, 70, 3, '2024-01-05'),(170, 88, 2, '2023-06-16'),(171, 97, 3, '2023-03-23'),(172, 10, 5, '2023-06-01'),(173, 58, 2, '2023-07-11'),(174, 14, 5, '2023-05-24'),(175, 77, 1, '2024-01-28'),(176, 70, 5, '2023-11-13'),
(177, 13, 5, '2023-05-02'),(178, 67, 2, '2023-03-16'),(179, 52, 3, '2024-02-02'),(180, 76, 3, '2023-05-08'),(181, 91, 4, '2023-06-24'),(182, 39, 4, '2023-04-06'),(183, 36, 2, '2023-11-02'),(184, 18, 3, '2023-10-30'),(185, 90, 5, '2024-01-02'),(186, 95, 4, '2023-11-06'),(187, 5, 1, '2023-04-07'),(188, 55, 3, '2023-12-07'),(189, 94, 3, '2023-12-04'),(190, 55, 5, '2023-06-10'),(191, 4, 2, '2023-12-17'),(192, 34, 4, '2023-09-29'),(193, 45, 1, '2024-01-16'),(194, 28, 5, '2023-09-02'),(195, 27, 5, '2023-09-13'),(196, 58, 5, '2023-12-26'),(197, 78, 2, '2023-12-21'),(198, 70, 3, '2023-10-17'),
(199, 48, 1, '2023-07-30'),(200, 27, 3, '2023-09-20'),(201, 86, 2, '2023-03-31'),(202, 96, 2, '2023-07-09'),(203, 89, 2, '2023-10-07'),(204, 57, 2, '2023-06-04'),(205, 78, 1, '2023-03-17'),(206, 91, 1, '2023-05-29'),(207, 52, 3, '2023-12-14'),(208, 91, 2, '2023-11-21'),(209, 54, 3, '2023-07-27'),(210, 70, 2, '2023-03-30'),(211, 92, 5, '2023-07-02'),(212, 21, 2, '2023-06-01'),(213, 48, 1, '2024-02-13'),(214, 8, 5, '2023-05-28'),(215, 22, 1, '2023-07-03'),(216, 100, 5, '2024-01-25'),(217, 48, 4, '2023-04-01'),(218, 75, 1, '2023-10-26'),(219, 39, 2, '2024-01-28'),(220, 18, 1, '2023-11-17'),
(221, 4, 5, '2023-08-26'),(222, 7, 2, '2023-05-18'),(223, 29, 2, '2024-01-05'),(224, 99, 3, '2023-05-04'),(225, 73, 2, '2023-11-28'),(226, 4, 2, '2023-03-19'),(227, 17, 2, '2023-05-23'),(228, 13, 1, '2023-11-05'),(229, 40, 2, '2023-11-17'),(230, 92, 5, '2023-11-19'),(231, 43, 5, '2023-04-09'),(232, 99, 3, '2023-10-31'),(233, 94, 5, '2023-11-20'),(234, 26, 4, '2023-12-12'),(235, 55, 3, '2023-04-07'),(236, 55, 2, '2023-07-09'),(237, 90, 5, '2023-05-15'),(238, 22, 5, '2023-04-13'),(239, 4, 1, '2023-05-22'),(240, 67, 5, '2023-10-24'),(241, 56, 2, '2023-06-04'),(242, 49, 2, '2023-03-27'),
(243, 67, 3, '2023-05-03'),(244, 83, 4, '2023-03-01'),(245, 82, 4, '2024-01-28'),(246, 33, 2, '2024-01-12'),(247, 46, 4, '2023-11-26'),(248, 45, 2, '2023-12-11'),(249, 33, 2, '2023-12-10'),(250, 75, 4, '2023-11-19'),(251, 4, 5, '2023-09-15'),(252, 67, 1, '2023-03-16'),(253, 61, 2, '2023-12-29'),(254, 88, 1, '2023-05-23'),(255, 93, 2, '2023-12-11'),(256, 51, 2, '2023-10-09'),(257, 46, 2, '2023-10-27'),(258, 75, 1, '2023-06-08'),(259, 44, 4, '2023-11-15'),(260, 56, 1, '2023-06-07'),(261, 22, 1, '2023-12-26'),(262, 11, 5, '2023-06-07'),(263, 37, 2, '2023-10-26'),(264, 43, 2, '2023-06-07'),
(265, 67, 2, '2023-10-08'),(266, 100, 1, '2023-12-06'),(267, 1, 5, '2023-06-30'),(268, 51, 4, '2023-08-11'),(269, 71, 5, '2023-06-22'),(270, 26, 1, '2023-06-01'),(271, 4, 5, '2023-10-19'),(272, 68, 4, '2023-08-09'),(273, 30, 5, '2023-12-29'),(274, 96, 4, '2023-12-15'),(275, 7, 3, '2023-06-06'),(276, 30, 4, '2023-10-18'),(277, 55, 1, '2023-07-07'),(278, 65, 2, '2023-11-14'),(279, 83, 4, '2023-11-13'),(280, 68, 1, '2023-07-05'),(281, 80, 2, '2023-12-06'),(282, 8, 5, '2023-12-14'),(283, 5, 4, '2023-08-14'),(284, 17, 5, '2023-12-05'),(285, 23, 2, '2023-07-03'),(286, 3, 1, '2023-09-26'),(287, 2, 4, '2023-08-28'),
(288, 32, 4, '2023-10-28'),(289, 18, 4, '2023-04-14'),(290, 10, 2, '2023-10-19'),(291, 38, 3, '2023-07-17'),(292, 18, 2, '2023-03-01'),(293, 67, 3, '2023-06-28'),(294, 70, 5, '2023-08-03'),(295, 58, 4, '2023-03-21'),(296, 87, 1, '2023-09-08'),(297, 67, 3, '2023-11-13'),(298, 39, 2, '2023-10-25'),(299, 29, 3, '2024-01-30'),(300, 71, 3, '2023-05-17'),(301, 91, 3, '2024-01-31'),(302, 98, 1, '2023-11-02'),(303, 53, 3, '2024-01-25'),(304, 24, 2, '2023-11-11'),(305, 76, 4, '2023-04-14'),(306, 13, 3, '2023-06-06'),(307, 10, 4, '2023-08-14'),(308, 50, 1, '2023-04-29'),(309, 16, 5, '2023-03-07'),(310, 44, 2, '2023-06-24'),
(311, 29, 3, '2023-11-26'),(312, 38, 5, '2023-04-04'),(313, 11, 3, '2023-09-20'),(314, 7, 1, '2024-02-08'),(315, 80, 3, '2024-02-03'),(316, 66, 5, '2023-10-12'),(317, 48, 5, '2023-11-09'),(318, 1, 5, '2023-04-02'),(319, 92, 2, '2023-05-29'),(320, 42, 2, '2023-07-25'),(321, 71, 2, '2023-08-04'),(322, 4, 4, '2023-03-14'),(323, 25, 1, '2023-06-13'),(324, 30, 1, '2024-01-01'),(325, 76, 4, '2023-07-22'),(326, 16, 2, '2023-05-09'),(327, 52, 1, '2023-12-23'),(328, 10, 2, '2023-11-24'),(329, 97, 3, '2023-12-12'),(330, 95, 5, '2024-01-27'),(331, 22, 1, '2023-04-05'),(332, 39, 4, '2023-10-04'),(333, 72, 5, '2023-08-15'),
(334, 24, 4, '2023-10-05'),(335, 39, 2, '2023-11-23'),(336, 57, 3, '2023-03-28'),(337, 7, 5, '2023-11-22'),(338, 4, 4, '2023-08-09'),(339, 56, 2, '2023-08-17'),(340, 19, 4, '2023-05-16'),(341, 2, 3, '2023-05-30'),(342, 24, 1, '2023-09-26'),(343, 29, 5, '2023-06-23'),(344, 25, 2, '2023-04-29'),(345, 19, 3, '2023-04-05'),(346, 82, 1, '2023-05-07'),(347, 48, 4, '2023-05-22'),(348, 53, 2, '2023-05-25'),(349, 23, 5, '2023-07-28'),(350, 4, 2, '2024-01-27'),(351, 77, 5, '2024-01-19'),(352, 75, 3, '2023-10-06'),(353, 25, 2, '2023-08-11'),(354, 76, 3, '2023-03-03'),(355, 30, 5, '2023-05-09'),(356, 68, 3, '2023-09-19'),
(357, 5, 5, '2023-03-18'),(358, 72, 2, '2023-06-24'),(359, 88, 2, '2024-01-26'),(360, 28, 1, '2023-04-11'),(361, 33, 5, '2023-11-20'),(362, 64, 3, '2023-04-10'),(363, 42, 5, '2024-01-13'),(364, 79, 5, '2023-04-13'),(365, 97, 1, '2024-01-06'),(366, 70, 5, '2023-08-20'),(367, 24, 5, '2023-06-19'),(368, 63, 2, '2023-10-04'),(369, 10, 5, '2024-01-19'),(370, 69, 1, '2023-06-14'),(371, 24, 4, '2023-02-15'),(372, 77, 3, '2023-04-26'),(373, 16, 1, '2024-01-25'),(374, 18, 5, '2023-03-10'),(375, 49, 3, '2023-10-21'),(376, 18, 3, '2024-01-24'),(377, 44, 1, '2023-02-20'),(378, 59, 2, '2023-08-08'),(379, 37, 1, '2023-12-05'),
(380, 25, 1, '2023-03-27'),(381, 29, 2, '2023-04-04'),(382, 10, 2, '2023-12-15'),(383, 47, 5, '2023-02-23'),(384, 28, 1, '2023-04-02'),(385, 67, 4, '2023-07-24'),(386, 54, 5, '2024-01-17'),(387, 10, 1, '2023-09-28'),(388, 55, 1, '2023-05-21'),(389, 48, 1, '2024-01-13'),(390, 83, 2, '2023-03-18'),(391, 42, 5, '2024-01-22'),(392, 45, 3, '2023-11-02'),(393, 23, 2, '2023-08-10'),(394, 41, 5, '2023-04-07'),(395, 65, 3, '2023-07-18'),(396, 24, 3, '2023-10-29'),(397, 39, 1, '2024-01-12'),(398, 2, 2, '2023-09-20'),(399, 82, 4, '2023-12-28'),(400, 67, 1, '2024-01-30'),(401, 64, 4, '2023-04-24'),(402, 10, 1, '2023-10-02'),
(403, 39, 1, '2023-04-23'),(404, 89, 5, '2024-02-10'),(405, 50, 1, '2023-08-17'),(406, 22, 5, '2023-11-30'),(407, 3, 1, '2024-02-01'),(408, 96, 4, '2023-06-10'),(409, 80, 2, '2023-11-09'),(410, 61, 1, '2023-09-08'),(411, 89, 4, '2023-12-20'),(412, 21, 2, '2023-05-05'),(413, 98, 1, '2023-09-24'),(414, 28, 5, '2023-07-11'),(415, 7, 2, '2023-06-20'),(416, 2, 5, '2023-03-08'),(417, 31, 3, '2023-12-30'),(418, 5, 2, '2023-05-22'),(419, 62, 1, '2023-06-07'),(420, 17, 4, '2023-05-24'),(421, 70, 1, '2023-03-18'),(422, 28, 3, '2024-01-27'),(423, 58, 1, '2023-05-17'),(424, 69, 1, '2023-08-12'),(425, 15, 4, '2023-06-28'),
(426, 91, 5, '2023-09-02'),(427, 33, 2, '2023-09-23'),(428, 97, 5, '2023-06-20'),(429, 71, 3, '2024-01-01'),(430, 61, 5, '2023-03-04'),(431, 25, 2, '2024-01-17'),(432, 69, 1, '2023-10-25'),(433, 49, 2, '2023-10-14'),(434, 55, 5, '2023-04-15'),(435, 80, 3, '2023-05-27'),(436, 100, 4, '2023-10-12'),(437, 28, 1, '2024-01-13'),(438, 92, 2, '2024-01-07'),(439, 79, 1, '2023-12-23'),(440, 95, 2, '2023-12-19'),(441, 26, 4, '2023-08-14'),(442, 44, 3, '2023-12-11'),(443, 32, 1, '2023-10-14'),(444, 94, 1, '2023-09-20'),(445, 46, 2, '2023-09-06'),(446, 61, 3, '2023-09-14'),(447, 99, 3, '2023-12-22'),(448, 53, 4, '2023-05-04'),
(449, 99, 2, '2023-09-13'),(450, 28, 5, '2023-07-18'),(451, 27, 3, '2023-05-26'),(452, 70, 3, '2023-06-22'),(453, 58, 4, '2023-10-03'),(454, 7, 1, '2023-07-17'),(455, 29, 5, '2023-07-05'),(456, 26, 2, '2023-05-25'),(457, 31, 5, '2024-01-23'),(458, 73, 1, '2023-09-16'),(459, 79, 4, '2023-12-03'),(460, 95, 3, '2023-09-28'),(461, 13, 1, '2023-03-19'),(462, 21, 2, '2023-11-27'),(463, 44, 1, '2023-08-19'),(464, 6, 4, '2023-09-22'),(465, 31, 2, '2023-08-23'),(466, 99, 5, '2024-01-10'),(467, 95, 3, '2023-07-29'),(468, 17, 3, '2023-12-13'),(469, 5, 4, '2023-10-02'),(470, 67, 1, '2023-10-28'),(471, 52, 4, '2023-07-02'),(472, 52, 2, '2023-04-10'),
(473, 25, 1, '2023-10-29'),(474, 14, 4, '2023-11-12'),(475, 80, 1, '2023-10-12'),(476, 1, 2, '2024-02-06'),(477, 62, 2, '2023-03-03'),(478, 1, 1, '2023-12-09'),(479, 88, 4, '2023-02-26'),(480, 73, 4, '2023-09-11'),(481, 31, 4, '2023-09-29'),(482, 24, 5, '2023-05-14'),(483, 38, 1, '2023-07-31'),(484, 83, 4, '2023-11-23'),(485, 59, 1, '2023-06-24'),(486, 9, 2, '2023-09-15'),(487, 34, 1, '2023-06-27'),(488, 3, 2, '2023-03-23'),(489, 19, 3, '2023-06-08'),(490, 84, 4, '2023-02-18'),(491, 76, 1, '2023-12-02'),(492, 6, 4, '2023-06-12'),(493, 58, 4, '2023-08-14'),(494, 16, 5, '2024-01-10'),(495, 30, 1, '2023-10-21'),(496, 20, 4, '2023-05-07'),
(497, 97, 3, '2023-10-31'),(498, 68, 3, '2023-08-07'),(499, 70, 5, '2023-07-16'),(500, 88, 2, '2024-01-11');

-- Tabella RestrizioneAbbonamento --> 25
INSERT INTO RestrizioneAbbonamento(Paese_Nome, Abbonamento_nome)
VALUES
("Grenada", "Deluxe"),("Afghanistan", "Premium"),("Taiwan", "Ultimate"),("Solomon Islands", "Ultimate"),("Bermuda", "Pro"),("Togo", "Premium"),
("Micronesia", "Premium"),("Argentina", "Premium"),("Saint Helena", "Ultimate"),("Liberia", "Deluxe"),("Latvia", "Deluxe"),("Germany", "Ultimate"),("Russian Federation", "Basic"),("Swaziland", "Premium"),("Uruguay", "Premium"),("Belarus", "Basic"),("Somalia", "Premium"),("Vietnam", "Basic"),("Netherlands Antilles", "Ultimate"),
("Monaco", "Pro"),("Western Sahara", "Deluxe"),("Swaziland", "Pro"),("Angola", "Ultimate"),("Mexico", "Ultimate"),("Macao", "Premium");

-- Tabella Distanza --> 5 server * 100 Paesi = 500
INSERT INTO Distanza(Paese_nome, Server_IdServer, Valore)
VALUES
("Sierra Leone", 1, 419),("Yemen", 1, 7617),("Sri Lanka", 1, 11348),("Cambodia", 1, 3021),("Guam", 1, 2234),("Slovenia", 1, 14939),("Brazil", 1, 3109),("Vietnam", 1, 8956),("Montenegro", 1, 3597),("Belarus", 1, 7146),("American Samoa", 1, 2244),("Burundi", 1, 1182),("Liberia", 1, 34),("Comoros", 1, 1598),("Croatia", 1, 963),("Bermuda", 1, 14326),("Dominica", 1, 676),("Netherlands", 1, 985),("Morocco", 1, 7194),("Venezuela", 1, 256),("Maldives", 1, 3726),("Eritrea", 1, 107),("Nicaragua", 1, 488),("Malaysia", 1, 592),("Saint Barthelemy", 1, 6853),("Bahrain", 1, 14049),("Rwanda", 1, 3346),("Argentina", 1, 407),("Chile", 1, 1520),("Jersey", 1, 4244),("Mongolia", 1, 1147),("Malawi", 1, 11142),("Egypt", 1, 441),("Netherlands Antilles", 1, 10651),("Puerto Rico", 1, 595),("Western Sahara", 1, 4688),("Afghanistan", 1, 599),("Tajikistan", 1, 2818),("Bolivia", 1, 7145),("Cameroon", 1, 571),("Faroe Islands", 1, 2593),("Christmas Island", 1, 3882),("Gabon", 1, 693),("Indonesia", 1, 11521),("Saint Helena", 1, 4047),("North Macedonia", 1, 111),("Mali", 1, 2072),("Zambia", 1, 1226),("Dominican Republic", 1, 12840),("Kyrgyz Republic", 1, 520), 
("Benin", 1, 2689),("Greece", 1, 7382),("Jamaica", 1, 600),("Uruguay", 1, 255),("Barbados", 1, 981),("Tunisia", 1, 598),("El Salvador", 1, 688),("Cuba", 1, 3340),("Belgium", 1, 3434),("Germany", 1, 2169),("Congo", 1, 4869),("South Africa", 1, 3640),("Australia", 1, 8515),("Kiribati", 1, 692),("Samoa", 1, 11464),("Solomon Islands", 1, 19),("Suriname", 1, 7705),("Taiwan", 1, 774),("United Arab Emirates", 1, 542),("Cote d'Ivoire", 1, 927),("Swaziland", 1, 227),("Macao", 1, 9231),("Somalia", 1, 11448),("Monaco", 1, 1142),("Mexico", 1, 798),("Singapore", 1, 4351),("Syrian Arab Republic", 1, 3117),("Djibouti", 1, 7421),("Togo", 1, 725),("Martinique", 1, 1380),("Nepal", 1, 14857),("Madagascar", 1, 4880),("Latvia", 1, 3518),("Liechtenstein", 1, 7346),("Cayman Islands", 1, 39),("Russian Federation", 1, 8488),("Angola", 1, 4495),("Micronesia", 1, 3160),("Gambia", 1, 572),("Kazakhstan", 1, 2631),("Algeria", 1, 499),("Aruba", 1, 1017),("Philippines", 1, 14010),("Tuvalu", 1, 1024),("New Zealand", 1, 6815),("Grenada", 1, 926),("Malta", 1, 8779),("Israel", 1, 3167),("San Marino", 1, 958),("Austria", 1, 3667), 
("Sierra Leone", 2, 4187),("Yemen", 2, 9166),("Sri Lanka", 2, 2853),("Cambodia", 2, 7869),("Guam", 2, 546),("Slovenia", 2, 4661),("Brazil", 2, 6713),("Vietnam", 2, 9912),("Montenegro", 2, 4516),("Belarus", 2, 4596),("American Samoa", 2, 11400),("Burundi", 2, 7257),("Liberia", 2, 2479),("Comoros", 2, 2285),("Croatia", 2, 2701),("Bermuda", 2, 372),("Dominica", 2, 1327),("Netherlands", 2, 1378),("Morocco", 2, 4693),("Venezuela", 2, 0),("Maldives", 2, 163),("Eritrea", 2, 2158),("Nicaragua", 2, 11000),("Malaysia", 2, 1258),("Saint Barthelemy", 2, 29),("Bahrain", 2, 10327),("Rwanda", 2, 8284),("Argentina", 2, 8737),("Chile", 2, 3966),("Jersey", 2, 397),("Mongolia", 2, 495),("Malawi", 2, 9849),("Egypt", 2, 2897),("Netherlands Antilles", 2, 644),("Puerto Rico", 2, 10016),("Western Sahara", 2, 3731),("Afghanistan", 2, 4061),("Tajikistan", 2, 640),("Bolivia", 2, 366),("Cameroon", 2, 5879),("Faroe Islands", 2, 5245),("Christmas Island", 2, 2691),("Gabon", 2, 4092),("Indonesia", 2, 876),("Saint Helena", 2, 4528),("North Macedonia", 2, 3617),("Mali", 2, 3010),("Zambia", 2, 12515),("Dominican Republic", 2, 14871),("Kyrgyz Republic", 2, 13327), 
("Benin", 2, 142),("Greece", 2, 11237),("Jamaica", 2, 1915),("Uruguay", 2, 666),("Barbados", 2, 9621),("Tunisia", 2, 10049),("El Salvador", 2, 2920),("Cuba", 2, 2488),("Belgium", 2, 952),("Germany", 2, 4521),("Congo", 2, 4028),("South Africa", 2, 14020),("Australia", 2, 3160),("Kiribati", 2, 11462),("Samoa", 2, 10652),("Solomon Islands", 2, 551),("Suriname", 2, 3231),("Taiwan", 2, 4341),("United Arab Emirates", 2, 1443),("Cote d'Ivoire", 2, 12382),("Swaziland", 2, 12523),("Macao", 2, 3113),("Somalia", 2, 957),("Monaco", 2, 11023),("Mexico", 2, 11338),("Singapore", 2, 6353),("Syrian Arab Republic", 2, 594),("Djibouti", 2, 1784),("Togo", 2, 10775),("Martinique", 2, 423),("Nepal", 2, 1396),("Madagascar", 2, 2051),("Latvia", 2, 2835),("Liechtenstein", 2, 677),("Cayman Islands", 2, 6417),("Russian Federation", 2, 2014),("Angola", 2, 13092),("Micronesia", 2, 560),("Gambia", 2, 545),("Kazakhstan", 2, 3852),("Algeria", 2, 73),("Aruba", 2, 328),("Philippines", 2, 1174),("Tuvalu", 2, 3640),("New Zealand", 2, 12560),("Grenada", 2, 8419),("Malta", 2, 5130),("Israel", 2, 11980),("San Marino", 2, 879),("Austria", 2, 2003), 
("Sierra Leone", 3, 3959),("Yemen", 3, 133),("Sri Lanka", 3, 5502),("Cambodia", 3, 463),("Guam", 3, 555),("Slovenia", 3, 5510),("Brazil", 3, 4064),("Vietnam", 3, 940),("Montenegro", 3, 9924),("Belarus", 3, 493),("American Samoa", 3, 881),("Burundi", 3, 169),("Liberia", 3, 163),("Comoros", 3, 6001),("Croatia", 3, 12547),("Bermuda", 3, 142),("Dominica", 3, 14829),("Netherlands", 3, 4537),("Morocco", 3, 4868),("Venezuela", 3, 8767),("Maldives", 3, 11858),("Eritrea", 3, 10164),("Nicaragua", 3, 3161),("Malaysia", 3, 439),("Saint Barthelemy", 3, 474),("Bahrain", 3, 2583),("Rwanda", 3, 12756),("Argentina", 3, 984),("Chile", 3, 985),("Jersey", 3, 4476),("Mongolia", 3, 6639),("Malawi", 3, 545),("Egypt", 3, 3242),("Netherlands Antilles", 3, 1406),("Puerto Rico", 3, 4883),("Western Sahara", 3, 2337),("Afghanistan", 3, 358),("Tajikistan", 3, 14848),("Bolivia", 3, 2510),("Cameroon", 3, 530),("Faroe Islands", 3, 5686),("Christmas Island", 3, 14338),("Gabon", 3, 2046),("Indonesia", 3, 13542),("Saint Helena", 3, 522),("North Macedonia", 3, 4433),("Mali", 3, 13394),("Zambia", 3, 93),("Dominican Republic", 3, 12543),("Kyrgyz Republic", 3, 1001), 
("Benin", 3, 3479),("Greece", 3, 1351),("Jamaica", 3, 10897),("Uruguay", 3, 263),("Barbados", 3, 640),("Tunisia", 3, 512),("El Salvador", 3, 2134),("Cuba", 3, 13520),("Belgium", 3, 1791),("Germany", 3, 7813),("Congo", 3, 2505),("South Africa", 3, 4833),("Australia", 3, 4949),("Kiribati", 3, 4514),("Samoa", 3, 862),("Solomon Islands", 3, 1516),("Suriname", 3, 6436),("Taiwan", 3, 377),("United Arab Emirates", 3, 6596),("Cote d'Ivoire", 3, 13277),("Swaziland", 3, 158),("Macao", 3, 3409),("Somalia", 3, 1343),("Monaco", 3, 14960),("Mexico", 3, 5365),("Singapore", 3, 2849),("Syrian Arab Republic", 3, 3720),("Djibouti", 3, 4022),("Togo", 3, 2078),("Martinique", 3, 457),("Nepal", 3, 505),("Madagascar", 3, 416),("Latvia", 3, 653),("Liechtenstein", 3, 710),("Cayman Islands", 3, 3978),("Russian Federation", 3, 3232),("Angola", 3, 1005),("Micronesia", 3, 4716),("Gambia", 3, 8687),("Kazakhstan", 3, 6644),("Algeria", 3, 885),("Aruba", 3, 1519),("Philippines", 3, 3583),("Tuvalu", 3, 529),("New Zealand", 3, 6188),("Grenada", 3, 814),("Malta", 3, 6913),("Israel", 3, 11211),("San Marino", 3, 14089),("Austria", 3, 701), 
("Sierra Leone", 4, 1340),("Yemen", 4, 3211),("Sri Lanka", 4, 3708),("Cambodia", 4, 824),("Guam", 4, 7776),("Slovenia", 4, 101),("Brazil", 4, 3364),("Vietnam", 4, 3978),("Montenegro", 4, 3654),("Belarus", 4, 875),("American Samoa", 4, 521),("Burundi", 4, 4662),("Liberia", 4, 1617),("Comoros", 4, 4177),("Croatia", 4, 12538),("Bermuda", 4, 273),("Dominica", 4, 7577),("Netherlands", 4, 883),("Morocco", 4, 2985),("Venezuela", 4, 4841),("Maldives", 4, 10748),("Eritrea", 4, 1942),("Nicaragua", 4, 10787),("Malaysia", 4, 6519),("Saint Barthelemy", 4, 11490),("Bahrain", 4, 11809),("Rwanda", 4, 185),("Argentina", 4, 374),("Chile", 4, 14809),("Jersey", 4, 3920),("Mongolia", 4, 272),("Malawi", 4, 619),("Egypt", 4, 906),("Netherlands Antilles", 4, 438),("Puerto Rico", 4, 4929),("Western Sahara", 4, 3250),("Afghanistan", 4, 3068),("Tajikistan", 4, 8989),("Bolivia", 4, 646),("Cameroon", 4, 3114),("Faroe Islands", 4, 2412),("Christmas Island", 4, 778),("Gabon", 4, 312),("Indonesia", 4, 4276),("Saint Helena", 4, 1885),("North Macedonia", 4, 679),("Mali", 4, 3896),("Zambia", 4, 178),("Dominican Republic", 4, 936),("Kyrgyz Republic", 4, 4984), 
("Benin", 4, 12316),("Greece", 4, 2948),("Jamaica", 4, 1003),("Uruguay", 4, 764),("Barbados", 4, 9238),("Tunisia", 4, 2960),("El Salvador", 4, 480),("Cuba", 4, 353),("Belgium", 4, 681),("Germany", 4, 675),("Congo", 4, 965),("South Africa", 4, 4921),("Australia", 4, 9652),("Kiribati", 4, 3514),("Samoa", 4, 471),("Solomon Islands", 4, 1594),("Suriname", 4, 6803),("Taiwan", 4, 453),("United Arab Emirates", 4, 7836),("Cote d'Ivoire", 4, 2389),("Swaziland", 4, 14408),("Macao", 4, 586),("Somalia", 4, 762),("Monaco", 4, 625),("Mexico", 4, 263),("Singapore", 4, 33),("Syrian Arab Republic", 4, 13411),("Djibouti", 4, 322),("Togo", 4, 4986),("Martinique", 4, 2293),("Nepal", 4, 2730),("Madagascar", 4, 11245),("Latvia", 4, 202),("Liechtenstein", 4, 3666),("Cayman Islands", 4, 420),("Russian Federation", 4, 10141),("Angola", 4, 8399),("Micronesia", 4, 661),("Gambia", 4, 1615),("Kazakhstan", 4, 442),("Algeria", 4, 10730),("Aruba", 4, 9243),("Philippines", 4, 1775),("Tuvalu", 4, 13911),("New Zealand", 4, 2449),("Grenada", 4, 77),("Malta", 4, 6676),("Israel", 4, 725),("San Marino", 4, 11435),("Austria", 4, 9576), 
("Sierra Leone", 5, 181),("Yemen", 5, 541),("Sri Lanka", 5, 461),("Cambodia", 5, 667),("Guam", 5, 3038),("Slovenia", 5, 284),("Brazil", 5, 14161),("Vietnam", 5, 33),("Montenegro", 5, 3517),("Belarus", 5, 1295),("American Samoa", 5, 775),("Burundi", 5, 177),("Liberia", 5, 709),("Comoros", 5, 2099),("Croatia", 5, 4382),("Bermuda", 5, 52),("Dominica", 5, 2002),("Netherlands", 5, 8221),("Morocco", 5, 14915),("Venezuela", 5, 788),("Maldives", 5, 4584),("Eritrea", 5, 892),("Nicaragua", 5, 3774),("Malaysia", 5, 2827),("Saint Barthelemy", 5, 6449),("Bahrain", 5, 456),("Rwanda", 5, 997),("Argentina", 5, 380),("Chile", 5, 3307),("Jersey", 5, 1774),("Mongolia", 5, 1469),("Malawi", 5, 11188),("Egypt", 5, 7270),("Netherlands Antilles", 5, 4284),("Puerto Rico", 5, 8254),("Western Sahara", 5, 1925),("Afghanistan", 5, 869),("Tajikistan", 5, 3879),("Bolivia", 5, 3731),("Cameroon", 5, 8),("Faroe Islands", 5, 10920),("Christmas Island", 5, 714),("Gabon", 5, 1084),("Indonesia", 5, 4855),("Saint Helena", 5, 234),("North Macedonia", 5, 1033),("Mali", 5, 852),("Zambia", 5, 286),("Dominican Republic", 5, 14739),("Kyrgyz Republic", 5, 412), 
("Benin", 5, 8655),("Greece", 5, 4886),("Jamaica", 5, 637),("Uruguay", 5, 14422),("Barbados", 5, 4860),("Tunisia", 5, 1218),("El Salvador", 5, 12151),("Cuba", 5, 77),("Belgium", 5, 12057),("Germany", 5, 6208),("Congo", 5, 7882),("South Africa", 5, 4756),("Australia", 5, 2201),("Kiribati", 5, 3094),("Samoa", 5, 1831),("Solomon Islands", 5, 308),("Suriname", 5, 4485),("Taiwan", 5, 7874),("United Arab Emirates", 5, 14215),("Cote d'Ivoire", 5, 9459),("Swaziland", 5, 820),("Macao", 5, 317),("Somalia", 5, 12182),("Monaco", 5, 3949),("Mexico", 5, 497),("Singapore", 5, 13877),("Syrian Arab Republic", 5, 2406),("Djibouti", 5, 7081),("Togo", 5, 12599),("Martinique", 5, 5766),("Nepal", 5, 527),("Madagascar", 5, 841),("Latvia", 5, 1582),("Liechtenstein", 5, 3596),("Cayman Islands", 5, 11406),("Russian Federation", 5, 3902),("Angola", 5, 1107),("Micronesia", 5, 4323),("Gambia", 5, 1674),("Kazakhstan", 5, 623),("Algeria", 5, 132),("Aruba", 5, 661),("Philippines", 5, 14517),("Tuvalu", 5, 192),("New Zealand", 5, 400),("Grenada", 5, 493),("Malta", 5, 11851),("Israel", 5, 830),("San Marino", 5, 11015),("Austria", 5, 3608);

-- Tabella Servizio --> 1000
INSERT INTO Servizio(IdServizio, Inizio, Fine, Versione_CodiceVersione, Server_IdServer)
VALUES
(1, "2022-12-15 22:48:21", "2022-12-16 00:37:21", 328, 1),(2, "2022-08-20 12:12:58", "2022-08-20 13:52:58", 210, 2),(3, "2024-01-08 21:52:25", "2024-01-08 23:43:25", 344, 1),(4, "2023-04-04 08:37:57", "2023-04-04 12:26:57", 36, 4),(5, "2022-02-21 04:16:26", "2022-02-21 06:15:26", 457, 1),(6, "2023-02-06 10:49:34", "2023-02-06 12:29:34", 206, 3),(7, "2022-06-09 22:45:48", "2022-06-10 01:06:48", 230, 2),(8, "2023-05-25 02:24:06", "2023-05-25 04:28:06", 217, 1),(9, "2023-05-04 00:28:22", "2023-05-04 03:50:22", 164, 2),(10, "2023-11-16 07:12:14", "2023-11-16 08:50:14", 265, 5),(11, "2023-07-16 19:50:09", "2023-07-16 21:52:09", 233, 4),(12, "2022-10-14 08:12:05", "2022-10-14 10:11:05", 443, 2),(13, "2022-07-08 14:15:47", "2022-07-08 16:57:47", 203, 5),(14, "2022-09-26 14:41:41", "2022-09-26 16:17:41", 367, 3),(15, "2023-05-30 11:42:47", "2023-05-30 15:04:47", 164, 5),(16, "2024-01-29 23:37:30", "2024-01-30 01:59:30", 149, 4),(17, "2022-08-09 09:36:48", "2022-08-09 11:12:48", 367, 1),(18, "2023-01-07 23:55:23", "2023-01-08 01:52:23", 185, 2),(19, "2022-02-23 13:22:04", "2022-02-23 15:27:04", 173, 4),(20, "2023-08-20 02:57:53", "2023-08-20 05:15:53", 100, 4),(21, "2022-10-11 00:40:27", "2022-10-11 03:02:27", 320, 1),(22, "2023-02-19 19:37:50", "2023-02-19 21:17:50", 365, 3),(23, "2023-02-23 16:53:02", "2023-02-23 18:23:02", 408, 1),(24, "2022-07-30 03:10:21", "2022-07-30 04:42:21", 393, 1),(25, "2022-07-28 04:08:42", "2022-07-28 12:56:42", 200, 5),(26, "2023-03-14 23:21:36", "2023-03-15 02:15:36", 325, 1),(27, "2022-09-25 04:32:29", "2022-09-25 06:19:29", 428, 1),(28, "2022-08-04 03:49:24", "2022-08-04 05:45:24", 195, 5),(29, "2023-07-30 00:32:16", "2023-07-30 02:14:16", 337, 4),(30, "2023-12-19 17:25:18", "2023-12-19 19:27:18", 92, 4),(31, "2023-08-01 18:37:17", "2023-08-02 03:25:17", 197, 2),(32, "2022-07-22 15:32:22", "2022-07-22 17:29:22", 184, 2),(33, "2022-01-31 07:49:14", "2022-01-31 09:10:14", 241, 5),(34, "2023-05-05 04:38:23", "2023-05-05 06:35:23", 181, 4),(35, "2023-05-26 12:22:00", "2023-05-26 15:37:00", 214, 1),(36, "2022-06-25 19:50:40", "2022-06-25 21:18:40", 121, 2),(37, "2023-12-25 14:22:25", "2023-12-25 17:37:25", 67, 1),(38, "2023-01-28 07:10:22", "2023-01-28 08:50:22", 209, 5),(39, "2023-01-10 21:30:33", "2023-01-10 23:28:33", 117, 3),(40, "2022-07-30 01:04:50", "2022-07-30 03:58:50", 127, 1),(41, "2024-01-26 14:35:15", "2024-01-26 18:24:15", 36, 4),(42, "2023-12-07 09:23:17", "2023-12-07 11:57:17", 11, 5),(43, "2022-06-16 02:54:29", "2022-06-16 04:30:29", 370, 3),(44, "2022-03-02 00:08:43", "2022-03-02 01:50:43", 338, 3),(45, "2023-06-07 23:00:09", "2023-06-08 00:56:09", 195, 5),(46, "2023-06-05 16:59:36", "2023-06-05 19:54:36", 4, 1),(47, "2023-10-07 09:41:09", "2023-10-07 12:35:09", 128, 5),(48, "2022-04-27 15:50:45", "2022-04-27 17:55:45", 472, 4),(49, "2023-02-04 21:51:17", "2023-02-04 23:31:17", 362, 3),(50, "2023-02-13 16:18:04", "2023-02-13 18:39:04", 226, 1), 
(51, "2022-01-03 05:38:10", "2022-01-03 08:32:10", 129, 3),(52, "2022-11-01 02:26:18", "2022-11-01 04:18:18", 115, 2),(53, "2022-10-11 01:49:50", "2022-10-11 03:29:50", 361, 3),(54, "2022-01-09 02:39:57", "2022-01-09 05:13:57", 15, 2),(55, "2023-04-23 16:37:47", "2023-04-23 19:35:47", 256, 2),(56, "2023-11-25 18:46:41", "2023-11-25 19:10:41", 450, 1),(57, "2022-11-21 15:15:19", "2022-11-21 15:26:19", 186, 5),(58, "2022-07-19 10:10:37", "2022-07-19 12:12:37", 233, 3),(59, "2022-01-06 21:46:22", "2022-01-06 23:14:22", 123, 3),(60, "2023-06-14 08:48:32", "2023-06-14 10:44:32", 289, 5),(61, "2022-07-04 09:56:14", "2022-07-04 12:17:14", 226, 5),(62, "2023-02-12 17:48:12", "2023-02-12 19:53:12", 136, 3),(63, "2023-01-15 03:56:50", "2023-01-15 06:02:50", 151, 1),(64, "2023-04-08 12:59:04", "2023-04-08 14:55:04", 55, 3),(65, "2023-06-16 18:23:52", "2023-06-16 19:59:52", 367, 1),(66, "2024-01-19 16:11:56", "2024-01-19 17:51:56", 363, 5),(67, "2023-09-16 02:51:30", "2023-09-16 05:40:30", 107, 3),(68, "2022-07-30 09:32:44", "2022-07-30 11:06:44", 465, 2),(69, "2023-04-16 04:23:26", "2023-04-16 06:18:26", 269, 5),(70, "2022-01-20 07:13:00", "2022-01-20 10:21:00", 131, 1),(71, "2022-04-26 12:38:56", "2022-04-26 14:43:56", 171, 1),(72, "2023-09-25 13:43:51", "2023-09-25 16:09:51", 77, 1),(73, "2022-11-30 21:54:29", "2022-12-01 00:08:29", 492, 4),(74, "2022-09-11 08:22:38", "2022-09-11 09:55:38", 418, 1),(75, "2022-07-08 09:41:46", "2022-07-08 11:48:46", 82, 3),(76, "2023-01-01 13:00:43", "2023-01-01 15:54:43", 308, 5),(77, "2024-01-22 18:26:30", "2024-01-22 19:47:30", 414, 1),(78, "2023-06-10 14:57:50", "2023-06-10 17:19:50", 148, 2),(79, "2023-02-28 10:12:08", "2023-02-28 12:40:08", 34, 3),(80, "2022-07-02 06:18:30", "2022-07-02 06:42:30", 449, 3),(81, "2023-07-20 05:59:59", "2023-07-20 07:20:59", 415, 4),(82, "2023-03-29 06:28:03", "2023-03-29 08:27:03", 457, 2),(83, "2023-02-06 12:47:00", "2023-02-06 13:11:00", 448, 2),(84, "2022-04-16 23:58:31", "2022-04-17 02:03:31", 474, 1),(85, "2022-03-06 21:19:05", "2022-03-06 23:00:05", 455, 3),(86, "2023-10-28 10:23:19", "2023-10-28 13:17:19", 310, 1),(87, "2023-12-16 15:42:55", "2023-12-16 17:12:55", 409, 2),(88, "2022-01-01 17:01:06", "2022-01-01 18:57:06", 192, 5),(89, "2022-06-30 14:25:41", "2022-06-30 16:59:41", 13, 4),(90, "2022-12-14 22:10:50", "2022-12-15 01:05:50", 3, 4),(91, "2022-05-07 16:20:11", "2022-05-07 18:12:11", 115, 2),(92, "2023-03-14 16:05:49", "2023-03-14 18:04:49", 459, 4),(93, "2022-12-25 21:11:06", "2022-12-25 22:51:06", 365, 3),(94, "2022-12-22 21:29:37", "2022-12-22 23:52:37", 356, 1),(95, "2022-05-01 18:13:25", "2022-05-01 21:08:25", 2, 1),(96, "2022-09-10 16:57:00", "2022-09-10 19:19:00", 486, 3),(97, "2022-11-20 20:15:53", "2022-11-20 21:56:53", 455, 4),(98, "2023-05-18 23:20:03", "2023-05-19 00:41:03", 385, 3),(99, "2023-10-29 06:21:06", "2023-10-29 09:03:06", 202, 3),(100, "2023-07-31 06:11:00", "2023-07-31 08:31:00", 304, 3), 
(101, "2022-05-01 21:57:19", "2022-05-01 23:55:19", 118, 5),(102, "2022-10-23 00:36:54", "2022-10-23 03:57:54", 75, 1),(103, "2023-02-26 07:06:50", "2023-02-26 09:00:50", 279, 2),(104, "2022-01-26 02:52:58", "2022-01-26 04:25:58", 420, 1),(105, "2024-01-12 17:46:34", "2024-01-12 19:16:34", 406, 5),(106, "2023-05-12 13:03:26", "2023-05-12 15:57:26", 130, 2),(107, "2023-01-15 18:50:31", "2023-01-15 21:44:31", 127, 5),(108, "2022-06-23 11:09:43", "2022-06-23 13:01:43", 250, 3),(109, "2022-08-27 04:02:10", "2022-08-27 04:13:10", 187, 2),(110, "2023-03-02 18:45:19", "2023-03-02 20:47:19", 235, 4),(111, "2022-05-22 12:49:05", "2022-05-22 15:43:05", 309, 1),(112, "2022-08-03 11:20:43", "2022-08-03 13:40:43", 305, 5),(113, "2022-12-25 02:34:43", "2022-12-25 04:57:43", 359, 3),(114, "2022-05-21 21:53:50", "2022-05-22 00:42:50", 109, 2),(115, "2023-11-16 06:10:33", "2023-11-16 07:42:33", 387, 3),(116, "2022-03-06 06:18:20", "2022-03-06 09:16:20", 25, 1),(117, "2022-03-12 04:26:20", "2022-03-12 07:25:20", 160, 4),(118, "2023-02-21 20:06:05", "2023-02-21 22:29:05", 357, 3),(119, "2023-08-18 16:51:08", "2023-08-18 18:56:08", 139, 4),(120, "2022-04-12 08:42:49", "2022-04-12 10:41:49", 144, 4),(121, "2023-02-06 18:46:27", "2023-02-06 21:45:27", 160, 1),(122, "2022-10-15 02:14:44", "2022-10-15 04:59:44", 315, 3),(123, "2022-08-31 20:44:49", "2022-08-31 22:33:49", 327, 3),(124, "2023-11-07 10:46:16", "2023-11-07 12:26:16", 361, 3),(125, "2022-11-25 14:18:53", "2022-11-25 17:26:53", 131, 1),(126, "2022-02-05 02:41:17", "2022-02-05 04:37:17", 287, 4),(127, "2023-01-02 07:13:37", "2023-01-02 09:23:37", 239, 4),(128, "2022-05-13 21:52:45", "2022-05-14 01:07:45", 66, 3),(129, "2024-01-06 10:50:35", "2024-01-06 12:32:35", 337, 4),(130, "2022-10-08 12:15:50", "2022-10-08 15:13:50", 259, 2),(131, "2022-04-01 02:43:27", "2022-04-01 05:25:27", 203, 2),(132, "2023-06-08 21:05:56", "2023-06-08 23:04:56", 441, 2),(133, "2022-10-01 17:02:48", "2022-10-01 18:57:48", 266, 3),(134, "2022-04-21 03:15:05", "2022-04-21 04:43:05", 400, 4),(135, "2023-03-01 05:20:07", "2023-03-01 07:15:07", 267, 5),(136, "2022-05-17 18:15:05", "2022-05-17 20:12:05", 101, 4),(137, "2022-06-11 08:49:36", "2022-06-11 10:56:36", 58, 1),(138, "2022-01-17 15:27:57", "2022-01-17 15:38:57", 190, 1),(139, "2022-12-16 14:53:56", "2022-12-16 16:45:56", 111, 5),(140, "2023-10-06 10:44:36", "2023-10-06 12:26:36", 379, 2),(141, "2022-05-21 13:50:22", "2022-05-21 15:28:22", 264, 5),(142, "2022-10-27 19:31:38", "2022-10-27 21:38:38", 56, 2),(143, "2022-08-30 17:16:38", "2022-08-30 19:07:38", 342, 4),(144, "2023-01-24 19:52:10", "2023-01-24 21:48:10", 290, 2),(145, "2023-09-12 10:19:15", "2023-09-12 12:29:15", 236, 4),(146, "2022-06-18 18:04:34", "2022-06-18 20:10:34", 154, 1),(147, "2023-06-19 17:56:56", "2023-06-19 19:52:56", 193, 3),(148, "2022-07-16 18:18:22", "2022-07-16 20:53:22", 49, 4),(149, "2024-01-20 08:54:25", "2024-01-20 10:59:25", 138, 5),(150, "2023-04-18 20:34:05", "2023-04-18 20:45:05", 189, 2), 
(151, "2023-02-06 00:20:09", "2023-02-06 03:35:09", 8, 3),(152, "2022-02-17 22:14:14", "2022-02-18 00:19:14", 137, 2),(153, "2023-04-29 12:39:30", "2023-04-29 15:01:30", 63, 5),(154, "2023-10-08 13:51:46", "2023-10-08 16:13:46", 62, 2),(155, "2023-11-01 15:36:48", "2023-11-01 18:57:48", 72, 4),(156, "2022-12-28 22:29:11", "2022-12-29 00:09:11", 210, 4),(157, "2022-03-22 16:35:17", "2022-03-22 18:09:17", 465, 4),(158, "2023-08-31 15:08:01", "2023-08-31 16:50:01", 338, 1),(159, "2022-12-05 00:02:41", "2022-12-05 01:54:41", 114, 5),(160, "2023-03-18 15:28:34", "2023-03-18 18:03:34", 49, 1),(161, "2023-12-16 03:35:46", "2023-12-16 05:41:46", 151, 4),(162, "2023-07-23 21:11:56", "2023-07-23 23:33:56", 318, 4),(163, "2022-08-24 10:18:00", "2022-08-24 13:13:00", 3, 3),(164, "2023-04-17 14:34:23", "2023-04-17 16:33:23", 445, 5),(165, "2023-06-21 20:49:12", "2023-06-21 22:22:12", 416, 1),(166, "2023-12-22 09:24:33", "2023-12-22 12:46:33", 161, 3),(167, "2022-09-02 05:01:17", "2022-09-02 07:29:17", 35, 3),(168, "2022-08-28 04:56:09", "2022-08-28 06:36:09", 209, 2),(169, "2023-08-30 06:03:16", "2023-08-30 07:39:16", 367, 2),(170, "2023-01-29 19:21:32", "2023-01-29 21:26:32", 475, 3),(171, "2023-09-02 20:51:41", "2023-09-02 23:40:41", 107, 1),(172, "2023-04-04 00:32:16", "2023-04-04 02:10:16", 261, 4),(173, "2022-03-18 09:29:15", "2022-03-18 11:01:15", 355, 5),(174, "2023-02-22 21:50:35", "2023-02-22 23:52:35", 235, 2),(175, "2022-03-19 16:33:37", "2022-03-19 17:54:37", 242, 4),(176, "2022-08-18 22:14:20", "2022-08-19 00:58:20", 300, 1),(177, "2023-05-15 01:16:15", "2023-05-15 03:38:15", 319, 5),(178, "2022-04-13 11:39:06", "2022-04-13 13:41:06", 225, 5),(179, "2023-02-13 00:21:48", "2023-02-13 02:03:48", 404, 5),(180, "2024-01-15 21:56:28", "2024-01-15 23:33:28", 425, 5),(181, "2022-02-16 07:30:57", "2022-02-16 09:37:57", 84, 3),(182, "2022-12-20 01:37:01", "2022-12-20 04:26:01", 108, 1),(183, "2022-01-23 09:23:26", "2022-01-23 11:55:26", 29, 5),(184, "2023-07-15 22:21:27", "2023-07-16 01:10:27", 109, 5),(185, "2023-05-08 01:14:15", "2023-05-08 02:54:15", 432, 3),(186, "2022-07-04 23:10:46", "2022-07-05 01:09:46", 460, 5),(187, "2023-02-26 19:13:39", "2023-02-26 21:10:39", 101, 2),(188, "2023-08-19 23:09:04", "2023-08-20 01:01:04", 250, 1),(189, "2024-01-27 14:43:31", "2024-01-27 16:17:31", 461, 2),(190, "2022-03-21 01:43:13", "2022-03-21 03:57:13", 496, 1),(191, "2022-03-03 08:46:11", "2022-03-03 17:34:11", 199, 5),(192, "2023-10-14 04:12:32", "2023-10-14 06:19:32", 84, 4),(193, "2023-03-14 16:09:08", "2023-03-14 17:57:08", 371, 2),(194, "2023-09-02 21:25:07", "2023-09-02 23:48:07", 360, 1),(195, "2023-08-19 01:38:31", "2023-08-19 03:58:31", 305, 3),(196, "2022-06-23 14:51:00", "2022-06-23 16:57:00", 155, 5),(197, "2023-01-31 21:22:15", "2023-01-31 22:54:15", 395, 4),(198, "2022-03-07 12:03:27", "2022-03-07 14:45:27", 202, 3),(199, "2023-12-14 12:20:43", "2023-12-14 14:02:43", 338, 5),(200, "2022-09-19 15:17:02", "2022-09-19 16:49:02", 386, 3), 
(201, "2023-03-05 09:21:52", "2023-03-05 12:02:52", 167, 1),(202, "2023-04-21 19:21:31", "2023-04-21 21:26:31", 474, 2),(203, "2022-12-16 02:12:33", "2022-12-16 04:10:33", 119, 5),(204, "2023-05-13 09:14:53", "2023-05-13 11:19:53", 474, 3),(205, "2022-08-30 17:46:14", "2022-08-30 19:37:14", 345, 5),(206, "2023-11-18 10:16:46", "2023-11-18 13:10:46", 321, 1),(207, "2022-11-01 01:03:13", "2022-11-01 03:17:13", 494, 3),(208, "2023-05-05 19:30:43", "2023-05-05 21:50:43", 305, 2),(209, "2023-06-01 16:01:48", "2023-06-01 18:11:48", 440, 5),(210, "2023-08-24 00:42:28", "2023-08-24 02:52:28", 238, 2),(211, "2023-09-30 12:09:20", "2023-09-30 15:03:20", 310, 1),(212, "2023-04-21 09:10:58", "2023-04-21 11:14:58", 220, 3),(213, "2022-06-01 02:57:20", "2022-06-01 05:23:20", 78, 4),(214, "2022-01-02 08:03:49", "2022-01-02 09:45:49", 402, 1),(215, "2022-05-07 15:06:20", "2022-05-07 18:00:20", 307, 2),(216, "2023-12-03 09:30:03", "2023-12-03 11:51:03", 229, 2),(217, "2022-08-16 20:01:30", "2022-08-16 22:36:30", 48, 5),(218, "2022-03-25 11:34:15", "2022-03-25 13:39:15", 474, 5),(219, "2022-01-12 07:46:23", "2022-01-12 09:54:23", 254, 4),(220, "2023-01-09 13:54:55", "2023-01-09 15:26:55", 394, 3),(221, "2023-04-12 19:45:38", "2023-04-12 21:44:38", 145, 1),(222, "2024-01-05 04:08:56", "2024-01-05 06:10:56", 292, 2),(223, "2022-08-15 11:41:45", "2022-08-15 13:43:45", 273, 1),(224, "2022-08-09 04:24:45", "2022-08-09 06:58:45", 13, 5),(225, "2022-10-16 06:19:40", "2022-10-16 09:08:40", 107, 1),(226, "2023-07-09 15:47:36", "2023-07-09 17:29:36", 404, 3),(227, "2022-05-17 04:09:10", "2022-05-17 06:15:10", 152, 5),(228, "2023-10-03 21:32:17", "2023-10-03 23:12:17", 365, 3),(229, "2022-12-25 19:07:41", "2022-12-25 21:23:41", 90, 3),(230, "2023-09-27 06:05:26", "2023-09-27 08:27:26", 17, 2),(231, "2022-10-16 05:22:54", "2022-10-16 14:10:54", 199, 1),(232, "2022-01-20 09:06:39", "2022-01-20 10:34:39", 396, 1),(233, "2022-07-22 11:37:46", "2022-07-22 14:18:46", 170, 2),(234, "2022-11-25 01:23:02", "2022-11-25 02:55:02", 387, 3),(235, "2023-12-18 09:42:20", "2023-12-18 12:00:20", 98, 2),(236, "2022-09-23 23:24:43", "2022-09-24 02:39:43", 68, 1),(237, "2023-08-17 08:24:41", "2023-08-17 10:11:41", 428, 5),(238, "2024-01-08 06:59:03", "2024-01-08 08:27:03", 349, 3),(239, "2023-02-09 08:51:30", "2023-02-09 10:47:30", 288, 2),(240, "2022-07-18 20:32:09", "2022-07-18 22:02:09", 406, 1),(241, "2022-12-14 17:03:43", "2022-12-14 18:43:43", 208, 3),(242, "2022-03-09 03:16:40", "2022-03-09 05:38:40", 489, 3),(243, "2022-02-07 07:29:40", "2022-02-07 10:27:40", 260, 5),(244, "2023-06-29 16:38:33", "2023-06-29 18:44:33", 154, 1),(245, "2022-01-24 03:50:08", "2022-01-24 06:04:08", 499, 4),(246, "2023-08-05 05:16:43", "2023-08-05 08:31:43", 9, 5),(247, "2023-04-18 16:43:23", "2023-04-18 18:48:23", 174, 1),(248, "2022-03-20 05:07:28", "2022-03-20 06:28:28", 383, 2),(249, "2023-05-09 17:38:45", "2023-05-09 20:00:45", 18, 2),(250, "2022-08-22 22:38:16", "2022-08-23 01:36:16", 24, 1), 
(251, "2024-01-01 05:36:46", "2024-01-01 07:34:46", 120, 4),(252, "2023-11-09 18:18:25", "2023-11-09 20:25:25", 82, 4),(253, "2022-07-20 03:05:33", "2022-07-20 05:27:33", 64, 2),(254, "2023-04-29 03:23:19", "2023-04-29 05:20:19", 105, 1),(255, "2023-03-12 21:10:03", "2023-03-12 23:07:03", 478, 5),(256, "2023-06-26 17:41:32", "2023-06-26 21:30:32", 281, 1),(257, "2023-05-13 19:47:38", "2023-05-13 22:09:38", 320, 2),(258, "2023-07-23 12:44:59", "2023-07-23 15:04:59", 303, 5),(259, "2022-04-02 00:51:59", "2022-04-02 03:45:59", 128, 3),(260, "2022-01-02 10:33:29", "2022-01-02 12:06:29", 420, 4),(261, "2022-04-16 02:10:20", "2022-04-16 04:44:20", 12, 4),(262, "2023-01-22 03:15:56", "2023-01-22 04:51:56", 368, 3),(263, "2023-08-17 23:40:17", "2023-08-18 03:29:17", 285, 1),(264, "2023-11-11 13:08:51", "2023-11-11 16:02:51", 306, 4),(265, "2024-01-17 20:18:48", "2024-01-17 22:40:48", 19, 3),(266, "2022-05-05 12:06:24", "2022-05-05 14:38:24", 29, 2),(267, "2023-04-01 10:58:09", "2023-04-01 12:54:09", 195, 1),(268, "2022-04-13 10:45:04", "2022-04-13 12:47:04", 231, 4),(269, "2023-03-31 03:53:27", "2023-03-31 05:58:27", 172, 2),(270, "2022-03-16 07:18:08", "2022-03-16 08:51:08", 416, 1),(271, "2024-01-03 09:28:54", "2024-01-03 11:33:54", 175, 2),(272, "2022-03-29 11:53:51", "2022-03-29 13:55:51", 274, 1),(273, "2022-10-10 06:40:21", "2022-10-10 08:16:21", 369, 4),(274, "2023-07-06 00:42:40", "2023-07-06 02:34:40", 113, 4),(275, "2022-04-13 16:14:41", "2022-04-13 19:12:41", 259, 4),(276, "2023-08-11 12:17:20", "2023-08-11 14:22:20", 140, 4),(277, "2023-11-10 01:34:09", "2023-11-10 03:48:09", 493, 4),(278, "2023-07-28 01:30:59", "2023-07-28 03:32:59", 95, 4),(279, "2024-01-02 09:07:32", "2024-01-02 11:49:32", 205, 2),(280, "2023-07-01 03:11:13", "2023-07-01 05:33:13", 16, 2),(281, "2023-02-20 16:43:37", "2023-02-20 18:15:37", 395, 5),(282, "2022-08-19 21:39:46", "2022-08-20 00:01:46", 20, 1),(283, "2023-05-21 11:48:53", "2023-05-21 14:42:53", 307, 1),(284, "2022-09-30 13:36:22", "2022-09-30 15:58:22", 65, 4),(285, "2022-10-20 03:00:25", "2022-10-20 06:22:25", 165, 4),(286, "2022-04-25 08:50:57", "2022-04-25 11:11:57", 229, 3),(287, "2022-06-20 07:41:26", "2022-06-20 09:40:26", 445, 4),(288, "2023-11-19 23:09:28", "2023-11-20 02:07:28", 24, 3),(289, "2023-01-20 09:43:36", "2023-01-20 12:05:36", 147, 5),(290, "2022-03-05 14:37:43", "2022-03-05 17:31:43", 325, 4),(291, "2022-07-14 12:46:23", "2022-07-14 14:14:23", 348, 1),(292, "2022-12-17 14:25:14", "2022-12-17 17:07:14", 203, 2),(293, "2023-10-31 18:18:07", "2023-10-31 19:44:07", 485, 5),(294, "2022-06-27 13:58:23", "2022-06-27 17:19:23", 72, 1),(295, "2022-03-10 16:22:54", "2022-03-10 18:27:54", 469, 4),(296, "2023-07-13 21:11:24", "2023-07-13 23:07:24", 287, 2),(297, "2023-11-12 19:55:25", "2023-11-12 22:00:25", 471, 2),(298, "2022-02-15 18:38:37", "2022-02-15 21:00:37", 20, 3),(299, "2022-08-22 08:04:09", "2022-08-22 10:06:09", 92, 1),(300, "2022-03-19 11:18:47", "2022-03-19 13:40:47", 148, 4), 
(301, "2023-03-03 17:25:04", "2023-03-03 19:46:04", 228, 4),(302, "2022-04-28 12:44:06", "2022-04-28 16:05:06", 73, 5),(303, "2024-01-10 12:33:15", "2024-01-10 15:28:15", 3, 2),(304, "2023-08-28 12:04:02", "2023-08-28 14:02:02", 116, 5),(305, "2023-02-23 17:23:49", "2023-02-23 19:19:49", 193, 5),(306, "2023-10-04 22:22:19", "2023-10-05 00:19:19", 105, 5),(307, "2022-05-21 13:21:52", "2022-05-21 15:44:52", 357, 2),(308, "2022-04-28 22:13:07", "2022-04-28 23:55:07", 404, 3),(309, "2024-01-14 02:03:45", "2024-01-14 03:55:45", 113, 4),(310, "2022-06-13 03:45:22", "2022-06-13 05:41:22", 192, 3),(311, "2023-12-30 14:53:50", "2023-12-30 17:19:50", 78, 5),(312, "2023-01-12 12:15:09", "2023-01-12 13:52:09", 424, 1),(313, "2023-10-22 13:58:35", "2023-10-22 16:06:35", 254, 3),(314, "2023-06-22 16:30:47", "2023-06-22 18:39:47", 180, 2),(315, "2023-02-03 05:24:26", "2023-02-03 07:00:26", 368, 5),(316, "2022-10-05 03:41:11", "2022-10-05 05:40:11", 456, 2),(317, "2023-07-17 05:59:13", "2023-07-17 08:21:13", 19, 4),(318, "2024-01-23 12:30:51", "2024-01-23 14:27:51", 102, 2),(319, "2023-03-11 10:19:07", "2023-03-11 12:21:07", 271, 5),(320, "2022-04-26 18:10:58", "2022-04-26 20:32:58", 320, 1),(321, "2022-02-28 13:51:17", "2022-02-28 16:50:17", 156, 4),(322, "2023-05-11 16:29:32", "2023-05-11 18:15:32", 335, 4),(323, "2023-10-06 11:54:42", "2023-10-06 14:52:42", 260, 4),(324, "2023-04-20 05:17:18", "2023-04-20 07:45:18", 32, 4),(325, "2023-06-13 13:51:21", "2023-06-13 15:38:21", 427, 1),(326, "2022-09-12 15:39:40", "2022-09-12 18:01:40", 20, 3),(327, "2022-02-17 14:54:38", "2022-02-17 16:56:38", 235, 1),(328, "2022-07-10 18:48:11", "2022-07-10 20:50:11", 233, 2),(329, "2022-11-03 18:43:50", "2022-11-03 20:45:50", 232, 1),(330, "2023-11-13 19:53:06", "2023-11-13 22:34:06", 170, 1),(331, "2022-12-18 00:08:07", "2022-12-18 02:06:07", 117, 2),(332, "2022-01-13 05:20:20", "2022-01-13 06:48:20", 122, 2),(333, "2022-02-23 22:20:17", "2022-02-23 22:44:17", 450, 4),(334, "2022-10-29 10:39:19", "2022-10-29 13:37:19", 22, 4),(335, "2023-11-11 22:44:25", "2023-11-12 01:06:25", 61, 2),(336, "2022-08-09 22:02:10", "2022-08-09 23:56:10", 279, 1),(337, "2023-01-29 07:16:02", "2023-01-29 09:18:02", 295, 5),(338, "2022-09-02 10:39:09", "2022-09-02 12:35:09", 288, 4),(339, "2022-02-15 21:26:45", "2022-02-15 23:23:45", 103, 3),(340, "2023-09-16 15:36:11", "2023-09-16 17:41:11", 470, 5),(341, "2022-08-13 09:47:55", "2022-08-13 11:17:55", 407, 3),(342, "2023-09-13 14:47:13", "2023-09-13 16:41:13", 280, 1),(343, "2022-05-03 02:35:33", "2022-05-03 05:01:33", 77, 2),(344, "2022-04-30 12:36:23", "2022-04-30 15:30:23", 322, 1),(345, "2022-03-17 22:10:42", "2022-03-18 00:04:42", 280, 5),(346, "2022-05-28 13:08:11", "2022-05-28 15:05:11", 183, 2),(347, "2022-12-13 20:27:47", "2022-12-13 22:22:47", 268, 2),(348, "2022-04-17 17:46:42", "2022-04-17 20:08:42", 63, 4),(349, "2022-06-08 04:07:49", "2022-06-08 06:56:49", 107, 2),(350, "2022-05-27 01:55:23", "2022-05-27 05:10:23", 70, 3), 
(351, "2023-09-10 17:36:51", "2023-09-10 21:25:51", 36, 1),(352, "2023-06-24 21:55:00", "2023-06-24 23:27:00", 353, 4),(353, "2023-11-06 22:14:18", "2023-11-06 23:35:18", 243, 2),(354, "2023-10-10 23:03:47", "2023-10-11 01:07:47", 218, 1),(355, "2024-01-11 16:38:37", "2024-01-11 18:30:37", 114, 1),(356, "2023-10-25 21:21:59", "2023-10-25 22:42:59", 412, 4),(357, "2023-10-28 00:35:30", "2023-10-28 02:30:30", 269, 4),(358, "2023-03-20 01:12:20", "2023-03-20 03:09:20", 182, 3),(359, "2023-04-07 10:48:37", "2023-04-07 14:03:37", 8, 3),(360, "2023-06-21 15:43:01", "2023-06-21 18:17:01", 12, 2),(361, "2022-06-29 15:36:58", "2022-06-29 17:16:58", 209, 4),(362, "2023-03-24 23:49:00", "2023-03-25 01:21:00", 351, 2),(363, "2022-06-06 17:56:50", "2022-06-06 19:58:50", 225, 1),(364, "2023-12-16 12:51:07", "2023-12-16 14:47:07", 289, 2),(365, "2022-09-23 04:53:11", "2022-09-23 08:08:11", 212, 2),(366, "2023-04-04 19:49:39", "2023-04-04 21:15:39", 482, 1),(367, "2023-07-01 18:50:19", "2023-07-01 20:46:19", 55, 4),(368, "2023-10-09 04:51:12", "2023-10-09 08:06:12", 66, 3),(369, "2022-09-18 04:03:12", "2022-09-18 05:41:12", 262, 5),(370, "2022-07-18 17:04:29", "2022-07-18 18:44:29", 207, 2),(371, "2022-05-17 17:32:20", "2022-05-17 17:56:20", 446, 2),(372, "2022-05-16 13:34:00", "2022-05-16 15:07:00", 420, 2),(373, "2023-09-06 13:35:14", "2023-09-06 16:16:14", 169, 5),(374, "2023-07-17 16:54:38", "2023-07-17 18:36:38", 340, 3),(375, "2022-08-22 12:30:15", "2022-08-22 14:00:15", 409, 1),(376, "2022-07-10 21:12:17", "2022-07-10 23:26:17", 495, 4),(377, "2023-06-28 01:29:58", "2023-06-28 04:44:58", 214, 4),(378, "2022-11-05 01:23:42", "2022-11-05 03:03:42", 365, 4),(379, "2022-04-02 20:33:48", "2022-04-02 22:01:48", 347, 4),(380, "2023-11-15 12:06:32", "2023-11-15 14:08:32", 235, 2),(381, "2022-03-22 22:14:21", "2022-03-22 23:35:21", 245, 3),(382, "2022-09-11 22:31:01", "2022-09-12 00:27:01", 194, 2),(383, "2022-05-16 21:55:31", "2022-05-17 06:43:31", 199, 1),(384, "2023-07-09 11:19:24", "2023-07-09 12:40:24", 382, 3),(385, "2023-03-12 02:46:25", "2023-03-12 05:44:25", 24, 1),(386, "2023-03-25 20:16:53", "2023-03-25 23:24:53", 135, 2),(387, "2024-01-12 10:56:44", "2024-01-12 14:45:44", 283, 3),(388, "2023-01-29 01:58:23", "2023-01-29 03:38:23", 208, 4),(389, "2022-03-11 07:42:33", "2022-03-11 09:33:33", 344, 5),(390, "2022-05-16 04:30:33", "2022-05-16 06:02:33", 390, 1),(391, "2023-09-02 05:14:50", "2023-09-02 05:25:50", 188, 3),(392, "2022-06-16 06:52:27", "2022-06-16 08:13:27", 241, 3),(393, "2023-01-08 07:35:41", "2023-01-08 16:23:41", 199, 4),(394, "2023-05-29 17:16:08", "2023-05-29 18:42:08", 484, 1),(395, "2022-12-18 02:54:08", "2022-12-18 04:45:08", 345, 3),(396, "2023-08-16 12:45:14", "2023-08-16 15:03:14", 99, 3),(397, "2023-01-20 08:26:21", "2023-01-20 08:37:21", 187, 5),(398, "2023-11-21 11:31:48", "2023-11-21 13:53:48", 63, 4),(399, "2023-04-21 12:42:25", "2023-04-21 15:04:25", 146, 3),(400, "2022-10-17 17:28:19", "2022-10-17 19:30:19", 221, 2), 
(401, "2022-01-19 03:52:39", "2022-01-19 05:48:39", 55, 5),(402, "2022-01-04 19:11:17", "2022-01-04 21:10:17", 145, 2),(403, "2023-10-19 18:02:14", "2023-10-19 20:24:14", 20, 3),(404, "2022-01-26 08:26:37", "2022-01-26 11:08:37", 203, 3),(405, "2022-06-20 06:10:40", "2022-06-20 08:20:40", 440, 2),(406, "2022-11-16 06:42:30", "2022-11-16 09:04:30", 19, 3),(407, "2023-05-09 01:12:28", "2023-05-09 03:54:28", 202, 1),(408, "2022-11-14 01:16:28", "2022-11-14 03:57:28", 166, 4),(409, "2023-10-05 23:39:13", "2023-10-06 01:46:13", 58, 4),(410, "2023-10-04 09:06:31", "2023-10-04 11:03:31", 477, 2),(411, "2023-02-07 09:27:19", "2023-02-07 18:15:19", 197, 2),(412, "2023-03-13 06:50:47", "2023-03-13 08:39:47", 326, 5),(413, "2024-01-07 04:10:28", "2024-01-07 12:58:28", 198, 2),(414, "2023-06-17 21:57:48", "2023-06-18 01:12:48", 69, 2),(415, "2022-03-23 10:16:18", "2022-03-23 11:49:18", 420, 4),(416, "2022-07-25 07:48:59", "2022-07-25 10:42:59", 323, 1),(417, "2022-05-14 19:06:30", "2022-05-14 21:03:30", 480, 1),(418, "2023-02-13 07:35:02", "2023-02-13 09:29:02", 278, 1),(419, "2022-01-08 19:22:46", "2022-01-08 19:33:46", 188, 5),(420, "2022-11-30 00:07:16", "2022-11-30 01:59:16", 115, 2),(421, "2022-11-02 05:33:43", "2022-11-02 07:42:43", 176, 2),(422, "2022-07-13 15:26:46", "2022-07-13 17:25:46", 442, 3),(423, "2023-12-27 09:01:56", "2023-12-27 11:08:56", 84, 1),(424, "2023-05-29 20:57:23", "2023-05-29 23:07:23", 437, 2),(425, "2022-06-15 11:05:43", "2022-06-15 12:33:43", 396, 1),(426, "2022-10-25 07:23:03", "2022-10-25 09:09:03", 333, 1),(427, "2023-07-29 08:04:36", "2023-07-29 10:18:36", 493, 2),(428, "2023-10-03 05:25:01", "2023-10-03 09:14:01", 36, 3),(429, "2022-04-28 14:16:44", "2022-04-28 16:03:44", 428, 5),(430, "2023-04-14 00:04:29", "2023-04-14 02:00:29", 287, 4),(431, "2023-05-09 21:07:35", "2023-05-09 22:45:35", 262, 4),(432, "2023-09-25 05:12:12", "2023-09-25 07:22:12", 239, 4),(433, "2023-10-17 01:21:49", "2023-10-17 02:47:49", 484, 2),(434, "2023-11-04 14:42:18", "2023-11-04 16:39:18", 476, 2),(435, "2022-12-18 18:24:42", "2022-12-18 20:05:42", 451, 1),(436, "2022-03-18 09:14:46", "2022-03-18 10:35:46", 412, 5),(437, "2023-07-13 04:32:51", "2023-07-13 06:12:51", 208, 2),(438, "2024-01-26 13:55:28", "2024-01-26 15:43:28", 373, 1),(439, "2022-01-26 15:58:54", "2022-01-26 17:44:54", 332, 1),(440, "2022-11-28 01:59:58", "2022-11-28 04:44:58", 311, 4),(441, "2024-01-15 23:08:12", "2024-01-16 00:38:12", 410, 3),(442, "2023-07-11 01:09:20", "2023-07-11 02:49:20", 363, 1),(443, "2022-09-03 10:32:54", "2022-09-03 13:26:54", 128, 4),(444, "2023-06-04 08:32:57", "2023-06-04 10:37:57", 174, 4),(445, "2023-06-27 22:06:46", "2023-06-28 01:00:46", 310, 2),(446, "2023-02-08 13:03:06", "2023-02-08 15:05:06", 95, 3),(447, "2023-12-04 07:32:41", "2023-12-04 09:50:41", 97, 3),(448, "2023-03-19 16:09:25", "2023-03-19 18:11:25", 234, 5),(449, "2023-04-07 22:14:00", "2023-04-07 23:51:00", 422, 5),(450, "2023-05-14 16:35:59", "2023-05-14 18:41:59", 153, 5), 
(451, "2023-12-04 15:30:30", "2023-12-04 17:26:30", 54, 4),(452, "2023-08-01 01:35:04", "2023-08-01 03:33:04", 119, 4),(453, "2022-02-28 05:25:34", "2022-02-28 07:39:34", 500, 1),(454, "2022-08-01 02:23:17", "2022-08-01 04:19:17", 287, 5),(455, "2022-01-02 05:00:46", "2022-01-02 06:41:46", 455, 5),(456, "2023-08-07 04:22:51", "2023-08-07 07:07:51", 311, 5),(457, "2022-08-19 06:23:00", "2022-08-19 08:31:00", 251, 3),(458, "2023-07-21 22:22:41", "2023-07-22 00:20:41", 116, 4),(459, "2022-07-17 18:21:33", "2022-07-17 20:23:33", 95, 5),(460, "2022-10-05 17:24:38", "2022-10-05 19:04:38", 208, 3),(461, "2023-10-12 13:40:14", "2023-10-12 15:32:14", 113, 4),(462, "2022-02-01 21:04:28", "2022-02-01 22:44:28", 434, 3),(463, "2023-02-15 02:40:07", "2023-02-15 05:02:07", 17, 3),(464, "2023-12-29 20:17:13", "2023-12-29 21:57:13", 434, 3),(465, "2022-04-28 09:39:02", "2022-04-28 12:00:02", 228, 5),(466, "2022-01-26 23:34:10", "2022-01-27 01:39:10", 139, 4),(467, "2022-10-12 09:36:13", "2022-10-12 11:09:13", 419, 5),(468, "2023-11-26 09:59:33", "2023-11-26 12:43:33", 296, 2),(469, "2023-11-06 12:06:04", "2023-11-06 14:04:04", 120, 3),(470, "2022-09-01 04:15:49", "2022-09-01 06:57:49", 204, 3),(471, "2022-10-03 01:54:13", "2022-10-03 05:09:13", 9, 5),(472, "2023-02-20 22:08:19", "2023-02-21 00:24:19", 89, 2),(473, "2023-08-07 01:15:58", "2023-08-07 03:29:58", 494, 1),(474, "2023-04-14 15:54:21", "2023-04-14 18:52:21", 24, 4),(475, "2023-07-14 13:50:08", "2023-07-14 15:11:08", 245, 1),(476, "2023-08-20 06:42:42", "2023-08-20 08:23:42", 451, 5),(477, "2023-05-29 08:30:48", "2023-05-29 10:26:48", 53, 3),(478, "2023-02-09 19:45:48", "2023-02-09 22:07:48", 62, 3),(479, "2023-02-26 06:59:07", "2023-02-26 09:04:07", 472, 5),(480, "2022-11-28 19:03:54", "2022-11-28 21:00:54", 105, 5),(481, "2022-03-21 16:55:06", "2022-03-21 18:54:06", 141, 1),(482, "2022-06-05 21:47:30", "2022-06-05 23:56:30", 178, 1),(483, "2022-11-24 18:52:38", "2022-11-24 20:13:38", 384, 5),(484, "2023-06-18 00:27:22", "2023-06-18 02:29:22", 232, 2),(485, "2022-06-30 18:18:06", "2022-06-30 19:59:06", 453, 5),(486, "2022-10-12 06:03:29", "2022-10-12 09:11:29", 131, 1),(487, "2022-10-13 19:14:12", "2022-10-13 20:56:12", 336, 2),(488, "2023-08-05 22:52:47", "2023-08-06 00:20:47", 349, 3),(489, "2023-10-21 06:21:48", "2023-10-21 08:01:48", 433, 1),(490, "2023-10-14 02:12:14", "2023-10-14 05:33:14", 73, 5),(491, "2022-09-22 02:09:36", "2022-09-22 03:51:36", 337, 5),(492, "2022-03-02 02:02:04", "2022-03-02 03:51:04", 327, 5),(493, "2023-01-18 02:47:42", "2023-01-18 06:09:42", 161, 5),(494, "2022-01-08 00:34:14", "2022-01-08 02:26:14", 112, 4),(495, "2022-02-08 19:31:36", "2022-02-08 21:28:36", 102, 1),(496, "2023-05-26 06:41:41", "2023-05-26 08:13:41", 392, 4),(497, "2022-10-20 20:02:12", "2022-10-20 21:49:12", 428, 5),(498, "2023-09-21 13:03:38", "2023-09-21 14:37:38", 465, 5),(499, "2022-08-06 03:10:29", "2022-08-06 06:25:29", 212, 2),(500, "2023-12-03 10:18:42", "2023-12-03 11:48:42", 406, 3), 
(501, "2023-11-08 19:21:10", "2023-11-08 22:03:10", 202, 3),(502, "2023-02-05 15:07:37", "2023-02-05 16:37:37", 409, 4),(503, "2022-09-02 23:10:55", "2022-09-03 01:33:55", 360, 3),(504, "2023-11-20 06:22:27", "2023-11-20 08:44:27", 488, 1),(505, "2022-02-06 10:38:39", "2022-02-06 12:52:39", 493, 4),(506, "2022-12-02 13:15:21", "2022-12-02 16:30:21", 10, 5),(507, "2023-02-03 19:48:46", "2023-02-03 21:56:46", 255, 4),(508, "2024-01-08 13:41:24", "2024-01-08 15:09:24", 400, 2),(509, "2024-01-30 13:13:50", "2024-01-30 15:12:50", 441, 3),(510, "2023-01-13 03:14:57", "2023-01-13 05:16:57", 293, 2),(511, "2023-08-19 11:14:09", "2023-08-19 12:47:09", 418, 1),(512, "2023-04-23 13:37:33", "2023-04-23 16:21:33", 298, 3),(513, "2022-11-13 22:37:09", "2022-11-14 00:34:09", 477, 5),(514, "2023-02-11 21:24:56", "2023-02-11 23:23:56", 145, 1),(515, "2022-04-14 03:24:31", "2022-04-14 06:45:31", 71, 4),(516, "2022-12-09 00:10:52", "2022-12-09 02:06:52", 55, 5),(517, "2022-08-09 01:57:17", "2022-08-09 03:23:17", 481, 2),(518, "2023-11-06 23:19:48", "2023-11-07 01:11:48", 247, 1),(519, "2023-05-22 20:31:58", "2023-05-22 21:59:58", 124, 5),(520, "2022-10-21 01:27:44", "2022-10-21 03:32:44", 172, 2),(521, "2022-03-11 00:47:56", "2022-03-11 02:21:56", 463, 4),(522, "2022-06-06 06:54:23", "2022-06-06 09:12:23", 100, 5),(523, "2024-01-13 03:20:07", "2024-01-13 05:27:07", 84, 4),(524, "2023-06-21 11:03:07", "2023-06-21 13:58:07", 1, 2),(525, "2022-12-21 13:15:20", "2022-12-21 14:57:20", 405, 3),(526, "2023-05-11 17:38:23", "2023-05-11 19:40:23", 225, 3),(527, "2022-07-14 08:42:06", "2022-07-14 11:31:06", 110, 4),(528, "2022-07-02 01:02:13", "2022-07-02 04:51:13", 38, 4),(529, "2022-02-13 12:08:46", "2022-02-13 13:46:46", 261, 4),(530, "2023-10-28 02:53:47", "2023-10-28 05:12:47", 44, 5),(531, "2023-10-09 01:20:56", "2023-10-09 05:09:56", 40, 3),(532, "2023-10-14 05:13:53", "2023-10-14 07:27:53", 496, 2),(533, "2023-10-30 15:34:04", "2023-10-30 17:15:04", 455, 4),(534, "2023-05-10 08:34:44", "2023-05-10 10:40:44", 154, 1),(535, "2022-09-11 14:16:57", "2022-09-11 16:38:57", 320, 2),(536, "2022-03-08 19:39:58", "2022-03-08 21:13:58", 465, 1),(537, "2022-11-18 06:22:43", "2022-11-18 09:04:43", 204, 3),(538, "2023-06-05 00:05:24", "2023-06-05 02:01:24", 290, 5),(539, "2022-03-13 14:39:29", "2022-03-13 16:28:29", 329, 4),(540, "2023-01-22 22:21:06", "2023-01-22 23:51:06", 407, 1),(541, "2022-12-27 22:14:23", "2022-12-27 23:42:23", 400, 5),(542, "2022-06-13 06:02:33", "2022-06-13 08:18:33", 89, 2),(543, "2023-08-14 16:50:01", "2023-08-14 18:36:01", 333, 4),(544, "2022-12-20 05:45:45", "2022-12-20 07:47:45", 232, 5),(545, "2024-01-15 16:29:07", "2024-01-15 18:36:07", 81, 1),(546, "2023-10-19 03:56:09", "2023-10-19 06:04:09", 254, 5),(547, "2023-07-13 05:32:44", "2023-07-13 07:50:44", 100, 3),(548, "2022-12-25 19:54:40", "2022-12-25 22:35:40", 167, 5),(549, "2022-02-25 12:46:17", "2022-02-25 14:14:17", 350, 4),(550, "2023-11-08 12:51:57", "2023-11-08 15:13:57", 488, 2), 
(551, "2023-01-16 23:13:39", "2023-01-17 00:41:39", 124, 2),(552, "2023-09-24 02:16:10", "2023-09-24 04:18:10", 293, 4),(553, "2022-02-12 20:04:15", "2022-02-12 22:25:15", 229, 5),(554, "2023-08-18 17:35:12", "2023-08-18 19:51:12", 88, 2),(555, "2023-10-26 04:37:50", "2023-10-26 06:59:50", 62, 5),(556, "2023-07-26 14:12:33", "2023-07-26 15:46:33", 463, 1),(557, "2022-11-29 11:32:32", "2022-11-29 13:54:32", 318, 5),(558, "2022-03-16 05:06:21", "2022-03-16 07:50:21", 299, 3),(559, "2022-02-12 03:40:35", "2022-02-12 05:12:35", 392, 1),(560, "2022-09-26 16:34:39", "2022-09-26 18:26:39", 250, 2),(561, "2022-08-04 09:22:46", "2022-08-04 11:44:46", 16, 2),(562, "2022-12-15 07:50:13", "2022-12-15 09:24:13", 461, 3),(563, "2023-02-26 12:03:46", "2023-02-26 14:57:46", 307, 2),(564, "2022-03-04 20:19:08", "2022-03-04 23:17:08", 259, 1),(565, "2022-06-30 00:54:03", "2022-06-30 03:10:03", 87, 2),(566, "2023-08-05 14:38:56", "2023-08-05 17:27:56", 106, 4),(567, "2022-03-04 04:55:44", "2022-03-04 06:52:44", 480, 3),(568, "2022-08-20 16:56:17", "2022-08-20 18:28:17", 353, 5),(569, "2023-03-05 17:03:28", "2023-03-05 19:02:28", 445, 2),(570, "2022-08-05 21:01:58", "2022-08-05 23:42:58", 170, 3),(571, "2022-12-29 10:44:35", "2022-12-29 13:42:35", 257, 5),(572, "2022-07-25 21:21:32", "2022-07-25 23:53:32", 28, 2),(573, "2022-05-09 04:26:28", "2022-05-09 06:31:28", 139, 4),(574, "2023-03-29 08:15:04", "2023-03-29 08:39:04", 449, 5),(575, "2022-10-28 11:49:59", "2022-10-28 14:15:59", 78, 1),(576, "2024-01-22 15:51:00", "2024-01-22 17:31:00", 206, 1),(577, "2023-07-06 02:08:54", "2023-07-06 04:05:54", 101, 5),(578, "2022-02-17 12:01:46", "2022-02-17 14:06:46", 173, 4),(579, "2022-01-11 15:59:32", "2022-01-11 16:23:32", 449, 3),(580, "2023-09-29 11:05:37", "2023-09-29 13:19:37", 494, 3),(581, "2022-07-21 07:43:44", "2022-07-21 10:15:44", 28, 2),(582, "2023-09-02 01:49:59", "2023-09-02 03:45:59", 194, 5),(583, "2022-07-02 17:21:34", "2022-07-02 19:42:34", 226, 4),(584, "2023-12-06 02:59:22", "2023-12-06 05:07:22", 252, 1),(585, "2023-02-02 14:36:02", "2023-02-02 16:43:02", 60, 4),(586, "2023-05-08 04:28:13", "2023-05-08 06:16:13", 373, 3),(587, "2022-06-28 18:07:25", "2022-06-28 19:55:25", 375, 5),(588, "2023-10-17 00:25:27", "2023-10-17 02:35:27", 439, 1),(589, "2022-04-14 03:41:28", "2022-04-14 06:16:28", 48, 2),(590, "2022-01-07 11:25:27", "2022-01-07 13:47:27", 320, 1),(591, "2022-06-30 09:31:55", "2022-06-30 11:53:55", 63, 4),(592, "2023-08-12 05:39:30", "2023-08-12 08:54:30", 214, 2),(593, "2022-05-03 03:21:39", "2022-05-03 05:43:39", 63, 2),(594, "2022-09-14 07:06:31", "2022-09-14 09:27:31", 226, 1),(595, "2022-07-12 22:05:05", "2022-07-12 23:26:05", 411, 1),(596, "2022-11-25 16:33:02", "2022-11-25 18:19:02", 332, 1),(597, "2023-05-13 14:21:19", "2023-05-13 16:23:19", 233, 4),(598, "2023-09-04 23:14:27", "2023-09-05 00:56:27", 336, 2),(599, "2023-03-01 21:41:58", "2023-03-02 00:25:58", 300, 4),(600, "2022-06-20 09:52:08", "2022-06-20 11:54:08", 294, 1), 
(601, "2023-08-28 22:58:33", "2023-08-29 00:34:33", 368, 1),(602, "2023-09-02 19:02:04", "2023-09-02 21:10:04", 251, 5),(603, "2023-03-31 08:38:46", "2023-03-31 11:32:46", 307, 2),(604, "2022-09-28 18:31:08", "2022-09-28 20:29:08", 116, 3),(605, "2022-04-04 18:49:44", "2022-04-04 20:31:44", 376, 4),(606, "2023-03-01 13:51:52", "2023-03-01 16:26:52", 47, 5),(607, "2022-12-05 09:07:36", "2022-12-05 11:51:36", 296, 5),(608, "2023-05-11 06:02:08", "2023-05-11 08:56:08", 325, 2),(609, "2023-06-09 19:55:19", "2023-06-09 22:00:19", 473, 4),(610, "2023-12-18 07:00:30", "2023-12-18 09:49:30", 109, 5),(611, "2022-02-01 11:58:56", "2022-02-01 14:30:56", 27, 2),(612, "2023-03-24 17:33:20", "2023-03-24 19:15:20", 337, 5),(613, "2022-03-22 05:20:34", "2022-03-22 07:42:34", 319, 5),(614, "2022-04-14 23:57:04", "2022-04-15 02:02:04", 474, 4),(615, "2022-01-08 14:09:33", "2022-01-08 16:06:33", 478, 3),(616, "2023-06-13 21:00:59", "2023-06-13 22:21:59", 384, 4),(617, "2023-02-21 09:56:06", "2023-02-21 11:24:06", 348, 4),(618, "2023-09-16 01:38:57", "2023-09-16 10:26:57", 196, 5),(619, "2022-07-25 14:20:57", "2022-07-25 16:22:57", 272, 4),(620, "2023-04-13 22:05:05", "2023-04-14 00:50:05", 315, 4),(621, "2022-03-07 11:03:59", "2022-03-07 13:23:59", 305, 3),(622, "2023-02-15 20:12:22", "2023-02-15 21:40:22", 397, 3),(623, "2023-03-11 04:07:09", "2023-03-11 05:40:09", 416, 4),(624, "2023-03-23 23:12:50", "2023-03-24 01:56:50", 297, 1),(625, "2022-01-27 05:01:24", "2022-01-27 08:00:24", 160, 5),(626, "2022-11-07 03:50:57", "2022-11-07 05:57:57", 59, 2),(627, "2023-06-19 10:17:05", "2023-06-19 11:57:05", 434, 5),(628, "2023-10-17 17:40:43", "2023-10-17 19:01:43", 243, 1),(629, "2022-12-29 18:10:01", "2022-12-29 20:24:01", 491, 2),(630, "2022-01-12 01:16:16", "2022-01-12 02:58:16", 338, 2),(631, "2023-03-19 00:29:27", "2023-03-19 01:50:27", 243, 4),(632, "2023-09-21 02:42:04", "2023-09-21 04:23:04", 455, 2),(633, "2023-04-13 18:47:03", "2023-04-13 20:29:03", 338, 3),(634, "2023-09-07 16:50:13", "2023-09-07 18:37:13", 427, 4),(635, "2023-03-20 08:05:17", "2023-03-20 09:45:17", 361, 3),(636, "2022-10-16 18:54:42", "2022-10-16 21:53:42", 159, 4),(637, "2022-06-02 17:56:56", "2022-06-02 19:38:56", 380, 4),(638, "2022-01-11 02:16:36", "2022-01-11 05:10:36", 322, 5),(639, "2022-01-13 05:34:14", "2022-01-13 05:45:14", 189, 3),(640, "2023-07-14 07:20:26", "2023-07-14 08:50:26", 408, 5),(641, "2023-09-09 06:33:34", "2023-09-09 09:41:34", 132, 4),(642, "2023-02-16 21:44:43", "2023-02-16 23:53:43", 178, 3),(643, "2022-05-04 04:45:28", "2022-05-04 07:06:28", 229, 3),(644, "2023-12-29 19:39:51", "2023-12-29 21:25:51", 331, 3),(645, "2023-03-06 14:54:09", "2023-03-06 16:50:09", 53, 5),(646, "2023-07-07 04:53:20", "2023-07-07 07:48:20", 3, 4),(647, "2022-08-22 09:16:00", "2022-08-22 09:27:00", 188, 2),(648, "2022-01-19 01:42:50", "2022-01-19 03:52:50", 436, 3),(649, "2023-07-31 16:42:24", "2023-07-31 18:41:24", 445, 4),(650, "2022-03-11 07:02:57", "2022-03-11 09:04:57", 222, 2), 
(651, "2023-03-02 18:02:30", "2023-03-02 19:42:30", 431, 3),(652, "2022-12-19 12:23:07", "2022-12-19 12:47:07", 450, 1),(653, "2023-09-29 17:30:28", "2023-09-29 19:32:28", 233, 1),(654, "2023-06-18 16:48:00", "2023-06-18 18:45:00", 182, 1),(655, "2022-04-06 00:53:23", "2022-04-06 03:03:23", 240, 2),(656, "2023-07-27 18:13:08", "2023-07-27 19:51:08", 263, 2),(657, "2023-02-26 21:28:26", "2023-02-26 23:50:26", 65, 3),(658, "2022-03-25 05:59:24", "2022-03-25 08:04:24", 140, 2),(659, "2023-02-17 16:00:48", "2023-02-17 17:51:48", 344, 5),(660, "2022-02-16 12:03:51", "2022-02-16 14:35:51", 27, 3),(661, "2023-07-10 22:44:57", "2023-07-11 01:43:57", 158, 4),(662, "2023-09-26 03:12:31", "2023-09-26 12:00:31", 199, 2),(663, "2023-06-30 04:35:29", "2023-06-30 06:49:29", 491, 4),(664, "2022-10-17 20:43:55", "2022-10-17 22:24:55", 452, 5),(665, "2022-06-30 13:16:48", "2022-06-30 14:44:48", 396, 4),(666, "2023-11-28 05:34:04", "2023-11-28 08:06:04", 29, 3),(667, "2023-08-31 19:33:06", "2023-08-31 21:14:06", 453, 5),(668, "2022-12-04 11:08:27", "2022-12-04 12:40:27", 395, 3),(669, "2023-09-29 12:19:08", "2023-09-29 13:40:08", 241, 1),(670, "2022-04-29 19:08:29", "2022-04-29 20:40:29", 395, 2),(671, "2023-05-13 05:58:23", "2023-05-13 07:30:23", 392, 1),(672, "2023-05-23 02:33:15", "2023-05-23 04:01:15", 396, 5),(673, "2023-04-22 13:15:53", "2023-04-22 15:37:53", 150, 2),(674, "2022-05-24 17:12:47", "2022-05-24 19:53:47", 168, 1),(675, "2022-07-08 00:14:16", "2022-07-08 03:13:16", 157, 5),(676, "2022-01-17 22:51:45", "2022-01-18 00:40:45", 328, 2),(677, "2022-06-14 17:55:09", "2022-06-14 20:00:09", 472, 2),(678, "2022-04-07 14:38:15", "2022-04-07 16:29:15", 343, 5),(679, "2022-04-13 19:58:51", "2022-04-13 22:00:51", 272, 4),(680, "2023-07-17 02:40:45", "2023-07-17 05:15:45", 50, 1),(681, "2023-11-30 16:43:24", "2023-11-30 18:25:24", 404, 3),(682, "2022-07-17 01:22:29", "2022-07-17 04:44:29", 165, 3),(683, "2022-03-28 09:43:12", "2022-03-28 11:40:12", 477, 1),(684, "2023-03-19 22:49:01", "2023-03-20 00:36:01", 428, 5),(685, "2023-05-17 02:36:37", "2023-05-17 04:54:37", 96, 2),(686, "2022-08-20 18:39:14", "2022-08-20 20:26:14", 428, 3),(687, "2023-04-04 16:16:42", "2023-04-04 17:56:42", 208, 5),(688, "2023-11-28 03:19:00", "2023-11-28 05:41:00", 18, 3),(689, "2023-09-19 20:33:30", "2023-09-19 22:30:30", 181, 3),(690, "2022-05-18 18:44:36", "2022-05-18 21:38:36", 306, 2),(691, "2022-05-14 07:09:09", "2022-05-14 10:24:09", 8, 4),(692, "2023-08-13 05:06:01", "2023-08-13 07:12:01", 154, 5),(693, "2022-12-19 18:59:47", "2022-12-19 20:54:47", 267, 3),(694, "2022-03-13 05:49:07", "2022-03-13 07:29:07", 432, 1),(695, "2023-04-28 06:01:24", "2023-04-28 08:23:24", 150, 1),(696, "2022-03-21 01:57:21", "2022-03-21 05:18:21", 74, 4),(697, "2022-01-13 00:18:57", "2022-01-13 02:17:57", 442, 5),(698, "2023-03-09 06:43:46", "2023-03-09 08:48:46", 469, 2),(699, "2023-05-08 02:27:21", "2023-05-08 04:29:21", 224, 4),(700, "2022-03-01 04:47:20", "2022-03-01 06:57:20", 440, 4), 
(701, "2023-09-17 15:15:40", "2023-09-17 16:41:40", 481, 3),(702, "2023-02-19 04:38:57", "2023-02-19 06:30:57", 246, 5),(703, "2023-06-28 18:08:06", "2023-06-28 20:30:06", 149, 2),(704, "2022-07-31 03:15:52", "2022-07-31 05:12:52", 478, 1),(705, "2023-07-07 00:25:55", "2023-07-07 02:07:55", 379, 4),(706, "2022-07-08 04:20:06", "2022-07-08 06:09:06", 328, 2),(707, "2023-04-10 17:31:01", "2023-04-10 19:41:01", 437, 4),(708, "2022-07-09 06:03:11", "2022-07-09 08:22:11", 43, 2),(709, "2023-09-16 14:00:15", "2023-09-16 15:28:15", 125, 3),(710, "2023-05-30 14:16:25", "2023-05-30 17:31:25", 70, 3),(711, "2023-05-10 15:11:52", "2023-05-10 16:41:52", 409, 4),(712, "2023-05-19 17:46:25", "2023-05-19 19:14:25", 123, 2),(713, "2023-11-16 03:44:54", "2023-11-16 05:32:54", 373, 5),(714, "2022-12-29 07:24:07", "2022-12-29 10:18:07", 324, 3),(715, "2022-06-05 06:03:10", "2022-06-05 08:12:10", 177, 1),(716, "2022-06-01 06:52:21", "2022-06-01 08:54:21", 92, 2),(717, "2022-06-10 03:44:10", "2022-06-10 06:06:10", 320, 1),(718, "2022-01-04 19:48:59", "2022-01-04 21:53:59", 174, 3),(719, "2022-04-17 10:40:09", "2022-04-17 12:44:09", 217, 4),(720, "2022-07-30 00:53:33", "2022-07-30 03:03:33", 238, 2),(721, "2023-10-27 12:13:33", "2023-10-27 14:11:33", 118, 4),(722, "2022-12-30 06:01:52", "2022-12-30 08:50:52", 108, 1),(723, "2023-10-02 04:36:45", "2023-10-02 06:54:45", 100, 4),(724, "2023-07-06 10:42:18", "2023-07-06 12:50:18", 252, 1),(725, "2022-07-18 14:49:09", "2022-07-18 17:57:09", 131, 1),(726, "2023-08-31 01:30:00", "2023-08-31 03:22:00", 246, 2),(727, "2022-01-21 20:41:54", "2022-01-21 22:09:54", 122, 1),(728, "2022-08-05 00:14:37", "2022-08-05 02:48:37", 14, 1),(729, "2022-01-01 23:19:51", "2022-01-02 01:17:51", 116, 2),(730, "2022-06-04 04:17:19", "2022-06-04 04:41:19", 449, 5),(731, "2022-07-27 03:11:20", "2022-07-27 05:13:20", 274, 3),(732, "2022-11-15 13:44:45", "2022-11-15 13:55:45", 190, 5),(733, "2022-05-25 06:27:19", "2022-05-25 08:32:19", 474, 3),(734, "2023-04-01 14:14:02", "2023-04-01 17:12:02", 24, 1),(735, "2023-05-03 07:49:45", "2023-05-03 09:48:45", 143, 1),(736, "2023-10-04 18:23:57", "2023-10-04 20:43:57", 303, 3),(737, "2023-05-08 17:42:19", "2023-05-08 20:36:19", 323, 5),(738, "2023-11-03 14:49:09", "2023-11-03 16:21:09", 389, 4),(739, "2022-06-25 21:50:38", "2022-06-25 23:38:38", 372, 4),(740, "2023-07-17 17:45:57", "2023-07-17 19:43:57", 120, 4),(741, "2023-07-14 20:46:10", "2023-07-14 23:41:10", 5, 4),(742, "2023-03-05 02:10:52", "2023-03-05 03:56:52", 334, 5),(743, "2022-03-06 20:54:24", "2022-03-06 22:50:24", 290, 3),(744, "2023-05-19 11:12:40", "2023-05-19 13:34:40", 62, 5),(745, "2022-03-04 18:40:28", "2022-03-04 21:55:28", 213, 3),(746, "2022-02-03 13:15:30", "2022-02-03 15:11:30", 287, 1),(747, "2022-12-11 15:20:18", "2022-12-11 17:14:18", 279, 2),(748, "2022-09-03 06:33:12", "2022-09-03 09:55:12", 165, 4),(749, "2023-09-10 00:55:46", "2023-09-10 03:29:46", 12, 2),(750, "2022-08-19 18:23:21", "2022-08-19 21:38:21", 212, 3), 
(751, "2022-10-23 11:11:23", "2022-10-23 12:52:23", 453, 3),(752, "2024-01-25 18:40:08", "2024-01-25 21:29:08", 106, 3),(753, "2023-01-15 17:34:33", "2023-01-15 19:00:33", 481, 3),(754, "2023-08-02 17:44:47", "2023-08-02 19:35:47", 343, 3),(755, "2022-07-12 18:21:33", "2022-07-12 21:43:33", 161, 5),(756, "2022-05-25 18:20:48", "2022-05-25 20:40:48", 301, 3),(757, "2023-12-11 21:44:49", "2023-12-12 00:59:49", 212, 1),(758, "2022-12-12 09:25:17", "2022-12-12 11:47:17", 18, 1),(759, "2023-07-17 09:02:38", "2023-07-17 10:57:38", 269, 2),(760, "2022-09-03 00:24:48", "2022-09-03 02:16:48", 112, 4),(761, "2023-12-14 23:43:42", "2023-12-15 01:48:42", 467, 1),(762, "2023-11-14 07:16:22", "2023-11-14 09:18:22", 293, 1),(763, "2023-11-17 10:06:07", "2023-11-17 12:20:07", 492, 3),(764, "2023-10-12 21:29:00", "2023-10-12 23:52:00", 356, 1),(765, "2022-09-07 16:06:00", "2022-09-07 18:29:00", 359, 5),(766, "2023-06-02 08:29:04", "2023-06-02 10:25:04", 286, 3),(767, "2023-11-21 17:07:27", "2023-11-21 19:49:27", 202, 1),(768, "2023-05-05 22:56:28", "2023-05-06 00:58:28", 273, 2),(769, "2023-10-07 14:13:44", "2023-10-07 16:47:44", 11, 5),(770, "2023-08-14 10:23:23", "2023-08-14 11:56:23", 419, 4),(771, "2023-04-03 08:52:09", "2023-04-03 10:44:09", 247, 1),(772, "2023-03-03 04:39:27", "2023-03-03 06:11:27", 351, 4),(773, "2022-07-14 12:13:09", "2022-07-14 13:55:09", 378, 3),(774, "2023-05-02 16:39:08", "2023-05-02 19:47:08", 133, 5),(775, "2022-09-19 12:53:23", "2022-09-19 14:50:23", 184, 4),(776, "2023-11-17 01:54:46", "2023-11-17 03:42:46", 372, 5),(777, "2022-03-08 12:41:43", "2022-03-08 14:43:43", 271, 2),(778, "2022-03-03 16:30:27", "2022-03-03 18:44:27", 496, 3),(779, "2022-01-01 02:04:00", "2022-01-01 03:56:00", 112, 3),(780, "2023-12-13 18:05:29", "2023-12-13 20:07:29", 232, 2),(781, "2024-01-04 19:44:04", "2024-01-04 21:16:04", 392, 4),(782, "2022-02-19 15:25:21", "2022-02-19 17:02:21", 424, 1),(783, "2022-02-12 01:11:07", "2022-02-12 02:52:07", 454, 4),(784, "2023-12-09 09:47:25", "2023-12-09 12:42:25", 3, 4),(785, "2023-09-23 13:56:27", "2023-09-23 16:50:27", 126, 3),(786, "2022-03-11 13:18:03", "2022-03-11 15:38:03", 305, 2),(787, "2022-05-06 01:14:06", "2022-05-06 03:21:06", 83, 1),(788, "2023-04-08 17:05:24", "2023-04-08 19:12:24", 60, 4),(789, "2022-09-23 04:41:00", "2022-09-23 06:43:00", 225, 3),(790, "2024-01-20 01:29:58", "2024-01-20 03:31:58", 94, 5),(791, "2022-06-13 09:32:29", "2022-06-13 11:27:29", 268, 5),(792, "2022-09-17 23:49:41", "2022-09-18 01:30:41", 453, 1),(793, "2024-01-20 08:50:30", "2024-01-20 10:46:30", 288, 5),(794, "2022-09-17 00:30:47", "2022-09-17 03:12:47", 205, 3),(795, "2023-12-21 14:46:45", "2023-12-21 16:45:45", 457, 3),(796, "2023-02-25 03:57:20", "2023-02-25 06:42:20", 314, 1),(797, "2022-12-12 12:18:48", "2022-12-12 14:17:48", 459, 2),(798, "2023-12-18 18:44:20", "2023-12-18 21:43:20", 157, 2),(799, "2023-07-31 19:53:58", "2023-07-31 22:09:58", 86, 4),(800, "2023-11-18 05:57:41", "2023-11-18 07:27:41", 410, 3), 
(801, "2022-01-14 16:16:27", "2022-01-14 17:44:27", 399, 1),(802, "2023-06-24 12:44:26", "2023-06-24 14:05:26", 415, 1),(803, "2023-03-15 22:21:52", "2023-03-16 00:12:52", 341, 4),(804, "2022-12-01 14:48:24", "2022-12-01 17:30:24", 203, 4),(805, "2022-02-15 06:41:48", "2022-02-15 08:23:48", 377, 5),(806, "2024-01-21 23:37:25", "2024-01-22 01:47:25", 239, 5),(807, "2022-01-28 14:33:12", "2022-01-28 16:30:12", 102, 5),(808, "2022-03-31 12:48:08", "2022-03-31 14:30:08", 336, 4),(809, "2023-02-22 18:41:18", "2023-02-22 20:09:18", 121, 2),(810, "2023-04-27 01:43:30", "2023-04-27 04:38:30", 1, 1),(811, "2022-11-23 17:40:35", "2022-11-23 20:38:35", 260, 4),(812, "2023-04-19 10:12:24", "2023-04-19 11:33:24", 385, 3),(813, "2022-08-15 08:52:10", "2022-08-15 10:50:10", 120, 1),(814, "2022-06-29 06:34:48", "2022-06-29 08:56:48", 65, 5),(815, "2022-01-15 15:28:26", "2022-01-15 17:33:26", 138, 5),(816, "2023-03-03 03:45:14", "2023-03-03 05:25:14", 361, 2),(817, "2023-06-15 14:08:57", "2023-06-15 16:18:57", 236, 4),(818, "2023-05-28 02:10:06", "2023-05-28 04:51:06", 167, 5),(819, "2022-07-10 01:38:32", "2022-07-10 03:34:32", 195, 5),(820, "2022-12-31 09:10:45", "2022-12-31 10:38:45", 125, 2),(821, "2023-10-24 10:41:23", "2023-10-24 13:13:23", 27, 1),(822, "2024-01-10 01:37:03", "2024-01-10 03:19:03", 379, 3),(823, "2023-08-12 09:43:26", "2023-08-12 12:41:26", 259, 4),(824, "2023-11-10 11:57:57", "2023-11-10 14:19:57", 489, 5),(825, "2022-04-05 10:55:06", "2022-04-05 12:35:06", 432, 2),(826, "2023-07-19 02:22:42", "2023-07-19 04:42:42", 301, 3),(827, "2022-05-20 01:13:16", "2022-05-20 03:12:16", 443, 1),(828, "2023-04-12 19:32:16", "2023-04-12 21:27:16", 266, 2),(829, "2022-08-19 20:25:05", "2022-08-19 22:01:05", 369, 2),(830, "2023-08-31 12:28:23", "2023-08-31 15:10:23", 202, 4),(831, "2022-09-29 14:01:24", "2022-09-29 16:29:24", 33, 1),(832, "2022-04-16 15:06:09", "2022-04-16 18:55:09", 282, 2),(833, "2023-10-17 19:04:58", "2023-10-17 21:24:58", 301, 5),(834, "2022-10-19 12:38:53", "2022-10-19 14:35:53", 105, 5),(835, "2022-06-29 05:19:48", "2022-06-29 07:06:48", 426, 4),(836, "2023-06-15 10:54:12", "2023-06-15 12:56:12", 221, 2),(837, "2023-05-31 11:35:28", "2023-05-31 13:15:28", 431, 2),(838, "2022-03-14 22:56:13", "2022-03-15 02:45:13", 283, 4),(839, "2023-04-29 10:30:10", "2023-04-29 19:18:10", 199, 4),(840, "2023-01-19 08:31:05", "2023-01-19 09:59:05", 346, 5),(841, "2022-12-01 11:39:38", "2022-12-01 13:25:38", 332, 4),(842, "2023-06-07 08:11:37", "2023-06-07 11:26:37", 9, 3),(843, "2022-04-02 20:40:52", "2022-04-02 23:12:52", 28, 1),(844, "2023-09-16 08:28:06", "2023-09-16 10:08:06", 431, 2),(845, "2023-09-24 10:11:49", "2023-09-24 11:32:49", 243, 4),(846, "2022-06-29 08:59:59", "2022-06-29 10:57:59", 117, 2),(847, "2023-11-15 20:43:49", "2023-11-16 00:05:49", 161, 3),(848, "2023-09-21 02:53:30", "2023-09-21 04:49:30", 191, 1),(849, "2022-11-23 18:59:07", "2022-11-23 20:51:07", 246, 2),(850, "2023-07-02 18:11:01", "2023-07-02 20:17:01", 154, 3), 
(851, "2023-05-16 02:28:15", "2023-05-16 04:30:15", 234, 2),(852, "2023-07-19 14:33:18", "2023-07-19 17:27:18", 128, 1),(853, "2023-08-25 05:53:10", "2023-08-25 07:58:10", 473, 4),(854, "2023-10-26 20:53:36", "2023-10-26 22:52:36", 456, 3),(855, "2022-12-12 16:51:56", "2022-12-12 19:35:56", 300, 1),(856, "2023-07-29 00:54:40", "2023-07-29 03:39:40", 314, 5),(857, "2023-12-12 18:01:59", "2023-12-12 21:16:59", 69, 4),(858, "2022-05-18 15:51:24", "2022-05-18 17:43:24", 115, 4),(859, "2023-03-22 18:17:51", "2023-03-22 20:51:51", 13, 1),(860, "2023-10-16 03:06:56", "2023-10-16 05:47:56", 167, 5),(861, "2023-04-03 08:33:39", "2023-04-03 11:41:39", 135, 5),(862, "2022-11-21 02:49:04", "2022-11-21 05:21:04", 27, 3),(863, "2022-07-22 02:46:24", "2022-07-22 06:35:24", 285, 2),(864, "2022-06-23 23:04:44", "2022-06-24 00:58:44", 279, 1),(865, "2022-10-31 00:32:52", "2022-10-31 02:54:52", 65, 3),(866, "2024-01-20 10:10:54", "2024-01-20 12:38:54", 34, 4),(867, "2024-01-20 12:55:11", "2024-01-20 14:57:11", 93, 2),(868, "2023-04-03 15:08:56", "2023-04-03 17:04:56", 195, 4),(869, "2022-05-26 02:36:54", "2022-05-26 04:43:54", 83, 2),(870, "2022-04-21 00:44:25", "2022-04-21 02:58:25", 495, 1),(871, "2023-12-06 08:20:45", "2023-12-06 10:02:45", 337, 5),(872, "2022-08-27 22:05:39", "2022-08-27 23:37:39", 393, 4),(873, "2023-12-21 15:25:54", "2023-12-21 16:51:54", 483, 4),(874, "2022-06-16 08:26:15", "2022-06-16 10:06:15", 435, 3),(875, "2023-02-10 22:22:11", "2023-02-11 00:04:11", 379, 2),(876, "2023-05-11 16:36:40", "2023-05-11 19:08:40", 30, 3),(877, "2022-07-27 06:09:54", "2022-07-27 08:05:54", 288, 2),(878, "2022-08-02 06:40:19", "2022-08-02 09:14:19", 11, 1),(879, "2022-05-12 03:09:44", "2022-05-12 04:39:44", 407, 4),(880, "2023-03-16 05:00:41", "2023-03-16 07:02:41", 294, 4),(881, "2023-09-20 01:54:43", "2023-09-20 03:22:43", 349, 2),(882, "2023-09-28 07:30:43", "2023-09-28 10:05:43", 47, 3),(883, "2024-01-26 08:34:53", "2024-01-26 10:31:53", 102, 5),(884, "2022-01-12 08:25:04", "2022-01-12 10:20:04", 266, 4),(885, "2022-03-19 12:46:02", "2022-03-19 14:33:02", 428, 4),(886, "2023-07-11 04:00:10", "2023-07-11 06:26:10", 76, 3),(887, "2023-03-03 14:32:39", "2023-03-03 16:54:39", 318, 1),(888, "2023-09-08 10:22:00", "2023-09-08 12:03:00", 455, 5),(889, "2023-03-04 23:05:42", "2023-03-05 00:42:42", 424, 2),(890, "2023-04-05 02:05:46", "2023-04-05 03:47:46", 336, 1),(891, "2023-12-23 16:15:50", "2023-12-23 17:43:50", 346, 4),(892, "2023-02-25 22:48:08", "2023-02-26 00:57:08", 178, 1),(893, "2022-10-29 02:49:23", "2022-10-29 04:51:23", 94, 4),(894, "2022-07-20 13:32:53", "2022-07-20 16:47:53", 10, 1),(895, "2023-01-21 18:38:52", "2023-01-21 20:56:52", 100, 4),(896, "2023-07-09 12:09:01", "2023-07-09 15:17:01", 135, 5),(897, "2023-01-08 23:59:56", "2023-01-09 01:55:56", 288, 1),(898, "2023-01-21 21:12:53", "2023-01-22 00:01:53", 108, 4),(899, "2022-05-15 15:47:50", "2022-05-15 17:56:50", 177, 4),(900, "2023-12-22 07:23:46", "2023-12-22 09:28:46", 172, 1), 
(901, "2022-05-28 03:32:46", "2022-05-28 06:47:46", 8, 2),(902, "2022-12-10 19:32:17", "2022-12-10 22:17:17", 313, 3),(903, "2022-07-20 05:22:29", "2022-07-20 06:43:29", 382, 4),(904, "2023-01-22 09:28:06", "2023-01-22 11:08:06", 431, 1),(905, "2022-08-17 01:06:34", "2022-08-17 03:24:34", 98, 1),(906, "2022-04-12 16:52:17", "2022-04-12 18:57:17", 139, 3),(907, "2023-12-16 12:21:49", "2023-12-16 13:59:49", 263, 3),(908, "2023-02-28 10:24:32", "2023-02-28 12:31:32", 57, 4),(909, "2023-09-29 01:33:58", "2023-09-29 03:41:58", 254, 5),(910, "2023-07-19 21:22:40", "2023-07-19 22:48:40", 483, 2),(911, "2022-11-01 03:36:12", "2022-11-01 04:00:12", 446, 2),(912, "2022-04-20 20:41:12", "2022-04-20 22:43:12", 224, 1),(913, "2022-08-01 23:59:39", "2022-08-02 01:56:39", 181, 4),(914, "2023-07-21 19:33:46", "2023-07-21 23:22:46", 36, 4),(915, "2022-10-23 17:11:59", "2022-10-23 19:02:59", 341, 3),(916, "2023-11-21 18:08:07", "2023-11-21 20:30:07", 18, 1),(917, "2023-09-28 02:27:07", "2023-09-28 04:24:07", 101, 3),(918, "2022-12-29 16:23:21", "2022-12-29 18:03:21", 431, 3),(919, "2023-11-23 06:34:57", "2023-11-23 08:57:57", 358, 5),(920, "2022-05-18 01:29:12", "2022-05-18 03:09:12", 209, 2),(921, "2022-09-15 00:08:48", "2022-09-15 01:29:48", 414, 2),(922, "2023-06-01 07:10:29", "2023-06-01 09:08:29", 118, 5),(923, "2024-01-16 20:50:49", "2024-01-16 22:31:49", 453, 2),(924, "2022-08-09 13:09:01", "2022-08-09 15:08:01", 444, 4),(925, "2022-05-10 23:08:37", "2022-05-11 00:38:37", 407, 4),(926, "2022-03-14 19:46:14", "2022-03-14 23:07:14", 73, 4),(927, "2023-01-22 11:25:30", "2023-01-22 13:35:30", 238, 3),(928, "2022-01-19 03:16:07", "2022-01-19 04:58:07", 336, 1),(929, "2023-05-14 18:11:31", "2023-05-14 20:52:31", 170, 1),(930, "2023-08-05 09:03:38", "2023-08-05 12:11:38", 135, 1),(931, "2023-03-14 23:43:03", "2023-03-15 02:05:03", 316, 1),(932, "2023-09-01 20:19:28", "2023-09-01 23:34:28", 215, 1),(933, "2022-01-21 18:44:04", "2022-01-21 20:25:04", 454, 1),(934, "2023-05-31 10:40:56", "2023-05-31 12:45:56", 140, 2),(935, "2023-02-17 20:51:19", "2023-02-17 22:31:19", 435, 3),(936, "2023-09-06 17:34:34", "2023-09-06 20:32:34", 258, 4),(937, "2023-02-13 03:58:39", "2023-02-13 06:47:39", 109, 4),(938, "2023-06-08 13:24:05", "2023-06-08 16:06:05", 202, 4),(939, "2023-04-16 05:59:27", "2023-04-16 07:37:27", 262, 4),(940, "2022-05-28 12:30:47", "2022-05-28 15:05:47", 47, 5),(941, "2024-01-03 02:43:15", "2024-01-03 04:40:15", 477, 1),(942, "2022-07-09 02:34:01", "2022-07-09 04:40:01", 153, 3),(943, "2023-01-22 03:08:51", "2023-01-22 06:30:51", 163, 4),(944, "2023-11-06 11:34:17", "2023-11-06 13:07:17", 416, 2),(945, "2022-02-08 13:30:06", "2022-02-08 16:24:06", 130, 4),(946, "2023-07-12 02:27:30", "2023-07-12 03:59:30", 395, 5),(947, "2023-02-20 18:54:04", "2023-02-20 20:34:04", 208, 2),(948, "2022-11-06 19:10:13", "2022-11-06 21:12:13", 294, 2),(949, "2022-02-21 00:48:58", "2022-02-21 02:16:58", 124, 3),(950, "2023-08-06 21:45:49", "2023-08-06 23:17:49", 354, 5), 
(951, "2024-01-18 01:56:34", "2024-01-18 04:50:34", 322, 4),(952, "2023-11-28 01:30:07", "2023-11-28 04:12:07", 203, 3),(953, "2023-11-25 20:22:24", "2023-11-25 22:32:24", 440, 4),(954, "2023-08-28 21:37:49", "2023-08-28 23:59:49", 487, 5),(955, "2022-06-13 22:07:30", "2022-06-13 23:47:30", 209, 2),(956, "2022-04-21 02:48:45", "2022-04-21 04:09:45", 245, 5),(957, "2022-01-06 02:31:27", "2022-01-06 04:33:27", 225, 5),(958, "2022-08-05 16:09:22", "2022-08-05 18:19:22", 437, 4),(959, "2022-11-18 05:35:12", "2022-11-18 07:22:12", 430, 3),(960, "2022-02-27 21:09:08", "2022-02-27 22:57:08", 371, 5),(961, "2022-07-31 13:48:02", "2022-07-31 15:55:02", 83, 1),(962, "2023-01-21 06:12:16", "2023-01-21 08:09:16", 103, 3),(963, "2023-11-06 02:43:55", "2023-11-06 05:02:55", 42, 4),(964, "2023-07-27 23:11:05", "2023-07-28 01:13:05", 224, 5),(965, "2023-09-20 10:38:29", "2023-09-20 13:00:29", 65, 1),(966, "2023-01-12 09:09:33", "2023-01-12 11:30:33", 228, 1),(967, "2023-10-01 22:07:14", "2023-10-02 00:33:14", 79, 3),(968, "2023-09-24 04:49:03", "2023-09-24 06:15:03", 483, 2),(969, "2023-06-24 23:27:04", "2023-06-25 00:59:04", 354, 4),(970, "2023-03-19 16:23:02", "2023-03-19 18:41:02", 100, 5),(971, "2023-07-17 02:16:12", "2023-07-17 04:18:12", 92, 5),(972, "2022-12-08 17:35:30", "2022-12-08 19:57:30", 316, 1),(973, "2022-05-04 02:42:19", "2022-05-04 04:22:19", 364, 2),(974, "2022-02-03 21:05:03", "2022-02-03 23:19:03", 491, 3),(975, "2023-10-05 11:53:24", "2023-10-05 14:13:24", 304, 2),(976, "2023-01-16 15:16:29", "2023-01-16 18:31:29", 9, 4),(977, "2023-03-24 01:06:51", "2023-03-24 02:27:51", 243, 3),(978, "2023-09-07 00:10:22", "2023-09-07 03:09:22", 160, 1),(979, "2022-10-31 19:29:45", "2022-10-31 21:11:45", 379, 5),(980, "2023-10-10 11:17:54", "2023-10-10 13:16:54", 442, 2),(981, "2022-06-14 09:19:55", "2022-06-14 11:41:55", 149, 1),(982, "2023-01-17 20:59:32", "2023-01-17 23:03:32", 216, 2),(983, "2023-09-01 09:20:57", "2023-09-01 11:29:57", 177, 2),(984, "2023-09-22 17:02:07", "2023-09-22 18:49:07", 426, 4),(985, "2023-08-28 18:55:42", "2023-08-28 20:35:42", 431, 4),(986, "2023-01-31 19:41:02", "2023-01-31 19:52:02", 189, 5),(987, "2022-03-17 09:33:44", "2022-03-17 12:48:44", 7, 1),(988, "2022-06-16 22:27:49", "2022-06-17 00:29:49", 274, 5),(989, "2023-09-23 23:40:36", "2023-09-24 01:34:36", 279, 4),(990, "2022-07-12 03:38:54", "2022-07-12 05:45:54", 56, 3),(991, "2023-08-27 01:16:47", "2023-08-27 03:13:47", 183, 1),(992, "2022-12-15 12:23:19", "2022-12-15 13:55:19", 387, 3),(993, "2023-10-13 12:45:07", "2023-10-13 15:40:07", 1, 1),(994, "2022-08-24 23:25:28", "2022-08-25 01:45:28", 302, 4),(995, "2023-09-26 03:29:58", "2023-09-26 05:51:58", 64, 2),(996, "2023-01-22 06:00:49", "2023-01-22 07:51:49", 342, 4),(997, "2023-09-23 23:35:49", "2023-09-24 01:31:49", 51, 5),(998, "2022-11-10 11:20:50", "2022-11-10 13:46:50", 80, 4),(999, "2023-02-28 05:41:10", "2023-02-28 08:30:10", 110, 1),(1000, "2022-10-04 00:57:35", "2022-10-04 02:30:35", 416, 2);

-- Tabella Connessione --> 1000
INSERT INTO Connessione(Inizio, Ip, Fine, Servizio_IdServizio, Dispositivo_Id, Utente_Codice)
VALUES
("2022-12-15 22:38:21", "006023122017", "2022-12-16 00:37:21", 1, 1, 1),("2022-08-20 11:36:58", "044175139147", "2022-08-20 13:52:58", 2, 2, 1),("2024-01-08 21:12:25", "011094174123", "2024-01-08 23:43:25", 3, 3, 2),("2023-04-04 08:25:57", "007219063069", "2023-04-04 12:26:57", 4, 4, 2),("2022-02-21 03:48:26", "100148155140", "2022-02-21 06:15:26", 5, 5, 3),("2023-02-06 10:38:34", "094013231178", "2023-02-06 12:29:34", 6, 6, 3),("2022-06-09 22:23:48", "032109180099", "2022-06-10 01:06:48", 7, 7, 4),("2023-05-25 02:09:06", "004251016002", "2023-05-25 04:28:06", 8, 8, 4),("2023-05-03 23:55:22", "034023126198", "2023-05-04 03:50:22", 9, 9, 5),("2023-11-16 06:53:14", "010169057036", "2023-11-16 08:50:14", 10, 10, 5),("2023-07-16 19:19:09", "096059094077", "2023-07-16 21:52:09", 11, 11, 6),("2022-10-14 07:46:05", "039010038100", "2022-10-14 10:11:05", 12, 12, 6),("2022-07-08 13:52:47", "042150186219", "2022-07-08 16:57:47", 13, 13, 7),("2022-09-26 14:26:41", "046154002156", "2022-09-26 16:17:41", 14, 14, 7),("2023-05-30 11:30:47", "073243013184", "2023-05-30 15:04:47", 15, 15, 8),("2024-01-29 23:15:30", "001171160034", "2024-01-30 01:59:30", 16, 16, 8),("2022-08-09 09:22:48", "034128127252", "2022-08-09 11:12:48", 17, 17, 9),("2023-01-07 23:39:23", "051129049149", "2023-01-08 01:52:23", 18, 18, 9),("2022-02-23 12:43:04", "023177180138", "2022-02-23 15:27:04", 19, 19, 10),("2023-08-20 02:32:53", "083158133121", "2023-08-20 05:15:53", 20, 20, 10),("2022-10-11 00:18:27", "059051087161", "2022-10-11 03:02:27", 21, 21, 11),("2023-02-19 19:24:50", "007123206092", "2023-02-19 21:17:50", 22, 22, 11),("2023-02-23 16:27:02", "005153126231", "2023-02-23 18:23:02", 23, 23, 12),("2022-07-30 02:31:21", "100068218149", "2022-07-30 04:42:21", 24, 24, 12),("2022-07-28 03:40:42", "075102082254", "2022-07-28 12:56:42", 25, 25, 13),("2023-03-14 22:49:36", "004026024153", "2023-03-15 02:15:36", 26, 26, 13),("2022-09-25 03:58:29", "074165050173", "2022-09-25 06:19:29", 27, 27, 14),("2022-08-04 03:32:24", "018252114001", "2022-08-04 05:45:24", 28, 28, 14),("2023-07-30 00:10:16", "099175238055", "2023-07-30 02:14:16", 29, 29, 15),("2023-12-19 16:47:18", "046192216032", "2023-12-19 19:27:18", 30, 30, 15),("2023-08-01 18:17:17", "048179165035", "2023-08-02 03:25:17", 31, 31, 16),("2022-07-22 15:10:22", "089158109152", "2022-07-22 17:29:22", 32, 32, 16),("2022-01-31 07:24:14", "077095206016", "2022-01-31 09:10:14", 33, 33, 17),("2023-05-05 04:22:23", "013239025067", "2023-05-05 06:35:23", 34, 34, 17),("2023-05-26 12:09:00", "064080119087", "2023-05-26 15:37:00", 35, 35, 18),("2022-06-25 19:13:40", "053166218196", "2022-06-25 21:18:40", 36, 36, 18),("2023-12-25 14:04:25", "004231216124", "2023-12-25 17:37:25", 37, 37, 19),("2023-01-28 06:48:22", "005070153055", "2023-01-28 08:50:22", 38, 38, 19),("2023-01-10 20:58:33", "082005101146", "2023-01-10 23:28:33", 39, 39, 20),("2022-07-30 00:38:50", "017140022105", "2022-07-30 03:58:50", 40, 40, 20),("2024-01-26 14:23:15", "005001128034", "2024-01-26 18:24:15", 41, 41, 21),("2023-12-07 08:44:17", "001247059206", "2023-12-07 11:57:17", 42, 42, 21),("2022-06-16 02:37:29", "020063174030", "2022-06-16 04:30:29", 43, 43, 22),("2022-03-01 23:37:43", "095146179228", "2022-03-02 01:50:43", 44, 44, 22),("2023-06-07 22:43:09", "055014074114", "2023-06-08 00:56:09", 45, 45, 23),("2023-06-05 16:45:36", "096197039025", "2023-06-05 19:54:36", 46, 46, 23),("2023-10-07 09:21:09", "057202155195", "2023-10-07 12:35:09", 47, 47, 24),("2022-04-27 15:29:45", "076216134074", "2022-04-27 17:55:45", 48, 48, 24),("2023-02-04 21:33:17", "059126020207", "2023-02-04 23:31:17", 49, 49, 25),("2023-02-13 15:39:04", "048032220182", "2023-02-13 18:39:04", 50, 50, 25), 
("2022-01-03 05:11:10", "050210136108", "2022-01-03 08:32:10", 51, 51, 26),("2022-11-01 01:58:18", "059162241214", "2022-11-01 04:18:18", 52, 52, 26),("2022-10-11 01:21:50", "038246158252", "2022-10-11 03:29:50", 53, 53, 27),("2022-01-09 02:26:57", "060229064103", "2022-01-09 05:13:57", 54, 54, 27),("2023-04-23 16:12:47", "088210009001", "2023-04-23 19:35:47", 55, 55, 28),("2023-11-25 18:32:41", "073197234067", "2023-11-25 19:10:41", 56, 56, 28),("2022-11-21 14:35:19", "089211179054", "2022-11-21 15:26:19", 57, 57, 29),("2022-07-19 09:32:37", "046244094014", "2022-07-19 12:12:37", 58, 58, 29),("2022-01-06 21:35:22", "019037139047", "2022-01-06 23:14:22", 59, 59, 30),("2023-06-14 08:24:32", "014091032068", "2023-06-14 10:44:32", 60, 60, 30),("2022-07-04 09:22:14", "099078203131", "2022-07-04 12:17:14", 61, 61, 31),("2023-02-12 17:09:12", "055059185172", "2023-02-12 19:53:12", 62, 62, 31),("2023-01-15 03:44:50", "084011155070", "2023-01-15 06:02:50", 63, 63, 32),("2023-04-08 12:38:04", "011061043108", "2023-04-08 14:55:04", 64, 64, 32),("2023-06-16 17:57:52", "072235116003", "2023-06-16 19:59:52", 65, 65, 33),("2024-01-19 15:45:56", "047137215239", "2024-01-19 17:51:56", 66, 66, 33),("2023-09-16 02:14:30", "080123189057", "2023-09-16 05:40:30", 67, 67, 34),("2022-07-30 09:06:44", "068057152023", "2022-07-30 11:06:44", 68, 68, 34),("2023-04-16 04:06:26", "062206174120", "2023-04-16 06:18:26", 69, 69, 35),("2022-01-20 06:46:00", "077133008028", "2022-01-20 10:21:00", 70, 70, 35),("2022-04-26 12:19:56", "072129115007", "2022-04-26 14:43:56", 71, 71, 36),("2023-09-25 13:04:51", "053045094196", "2023-09-25 16:09:51", 72, 72, 36),("2022-11-30 21:24:29", "010001041199", "2022-12-01 00:08:29", 73, 73, 37),("2022-09-11 08:12:38", "037003219143", "2022-09-11 09:55:38", 74, 74, 37),("2022-07-08 09:01:46", "033096053119", "2022-07-08 11:48:46", 75, 75, 38),("2023-01-01 12:36:43", "058153244238", "2023-01-01 15:54:43", 76, 76, 38),("2024-01-22 18:15:30", "032189075160", "2024-01-22 19:47:30", 77, 77, 39),("2023-06-10 14:45:50", "050019067155", "2023-06-10 17:19:50", 78, 78, 39),("2023-02-28 09:47:08", "078188094137", "2023-02-28 12:40:08", 79, 79, 40),("2022-07-02 05:52:30", "082065211189", "2022-07-02 06:42:30", 80, 80, 40),("2023-07-20 05:44:59", "006164188150", "2023-07-20 07:20:59", 81, 81, 41),("2023-03-29 05:55:03", "012165144252", "2023-03-29 08:27:03", 82, 82, 41),("2023-02-06 12:26:00", "021015094007", "2023-02-06 13:11:00", 83, 83, 42),("2022-04-16 23:26:31", "020067051161", "2022-04-17 02:03:31", 84, 84, 42),("2022-03-06 20:47:05", "068058098014", "2022-03-06 23:00:05", 85, 85, 43),("2023-10-28 10:05:19", "079077017005", "2023-10-28 13:17:19", 86, 86, 43),("2023-12-16 15:19:55", "015246232142", "2023-12-16 17:12:55", 87, 87, 44),("2022-01-01 16:35:06", "029229022139", "2022-01-01 18:57:06", 88, 88, 44),("2022-06-30 13:49:41", "080099124102", "2022-06-30 16:59:41", 89, 89, 45),("2022-12-14 21:32:50", "035189042231", "2022-12-15 01:05:50", 90, 90, 45),("2022-05-07 15:46:11", "079176241173", "2022-05-07 18:12:11", 91, 91, 46),("2023-03-14 15:39:49", "030038166156", "2023-03-14 18:04:49", 92, 92, 46),("2022-12-25 20:36:06", "099003034048", "2022-12-25 22:51:06", 93, 93, 47),("2022-12-22 20:55:37", "032208119229", "2022-12-22 23:52:37", 94, 94, 47),("2022-05-01 17:41:25", "048005183234", "2022-05-01 21:08:25", 95, 95, 48),("2022-09-10 16:41:00", "023160040041", "2022-09-10 19:19:00", 96, 96, 48),("2022-11-20 20:04:53", "055248020144", "2022-11-20 21:56:53", 97, 97, 49),("2023-05-18 22:52:03", "076021091018", "2023-05-19 00:41:03", 98, 98, 49),("2023-10-29 05:55:06", "049179132019", "2023-10-29 09:03:06", 99, 99, 50),("2023-07-31 05:58:00", "062065090042", "2023-07-31 08:31:00", 100, 100, 50), 
("2022-05-01 21:36:19", "075072160022", "2022-05-01 23:55:19", 101, 101, 51),("2022-10-23 00:26:54", "066179151253", "2022-10-23 03:57:54", 102, 102, 51),("2023-02-26 06:35:50", "093001029008", "2023-02-26 09:00:50", 103, 103, 52),("2022-01-26 02:31:58", "090164111219", "2022-01-26 04:25:58", 104, 104, 52),("2024-01-12 17:28:34", "088142033047", "2024-01-12 19:16:34", 105, 105, 53),("2023-05-12 12:28:26", "084053021029", "2023-05-12 15:57:26", 106, 106, 53),("2023-01-15 18:19:31", "061230006013", "2023-01-15 21:44:31", 107, 107, 54),("2022-06-23 10:36:43", "046230117190", "2022-06-23 13:01:43", 108, 108, 54),("2022-08-27 03:40:10", "042185033185", "2022-08-27 04:13:10", 109, 109, 55),("2023-03-02 18:05:19", "033203150058", "2023-03-02 20:47:19", 110, 110, 55),("2022-05-22 12:10:05", "014055060190", "2022-05-22 15:43:05", 111, 111, 56),("2022-08-03 10:41:43", "028113233152", "2022-08-03 13:40:43", 112, 112, 56),("2022-12-25 02:03:43", "050186092136", "2022-12-25 04:57:43", 113, 113, 57),("2022-05-21 21:30:50", "065040220053", "2022-05-22 00:42:50", 114, 114, 57),("2023-11-16 05:48:33", "065011098123", "2023-11-16 07:42:33", 115, 115, 58),("2022-03-06 05:47:20", "063174004154", "2022-03-06 09:16:20", 116, 116, 58),("2022-03-12 04:03:20", "051042248169", "2022-03-12 07:25:20", 117, 117, 59),("2023-02-21 19:31:05", "005234073059", "2023-02-21 22:29:05", 118, 118, 59),("2023-08-18 16:19:08", "010136042198", "2023-08-18 18:56:08", 119, 119, 60),("2022-04-12 08:11:49", "037232136135", "2022-04-12 10:41:49", 120, 120, 60),("2023-02-06 18:25:27", "094246091207", "2023-02-06 21:45:27", 121, 121, 61),("2022-10-15 02:04:44", "044225064234", "2022-10-15 04:59:44", 122, 122, 61),("2022-08-31 20:05:49", "007075038207", "2022-08-31 22:33:49", 123, 123, 62),("2023-11-07 10:29:16", "094065178080", "2023-11-07 12:26:16", 124, 124, 62),("2022-11-25 13:40:53", "069142190227", "2022-11-25 17:26:53", 125, 125, 63),("2022-02-05 02:06:17", "047166133189", "2022-02-05 04:37:17", 126, 126, 63),("2023-01-02 06:52:37", "057019181087", "2023-01-02 09:23:37", 127, 127, 64),("2022-05-13 21:26:45", "022227237144", "2022-05-14 01:07:45", 128, 128, 64),("2024-01-06 10:10:35", "002049033040", "2024-01-06 12:32:35", 129, 129, 65),("2022-10-08 12:01:50", "014048125041", "2022-10-08 15:13:50", 130, 130, 65),("2022-04-01 02:17:27", "016038185089", "2022-04-01 05:25:27", 131, 131, 66),("2023-06-08 20:33:56", "090052090076", "2023-06-08 23:04:56", 132, 132, 66),("2022-10-01 16:39:48", "018040103203", "2022-10-01 18:57:48", 133, 133, 67),("2022-04-21 02:41:05", "100071092053", "2022-04-21 04:43:05", 134, 134, 67),("2023-03-01 04:45:07", "064213232149", "2023-03-01 07:15:07", 135, 135, 68),("2022-05-17 17:43:05", "004028055150", "2022-05-17 20:12:05", 136, 136, 68),("2022-06-11 08:31:36", "006219160224", "2022-06-11 10:56:36", 137, 137, 69),("2022-01-17 15:01:57", "074160181171", "2022-01-17 15:38:57", 138, 138, 69),("2022-12-16 14:32:56", "063019044195", "2022-12-16 16:45:56", 139, 139, 70),("2023-10-06 10:07:36", "080240141233", "2023-10-06 12:26:36", 140, 140, 70),("2022-05-21 13:39:22", "057002025134", "2022-05-21 15:28:22", 141, 141, 71),("2022-10-27 19:00:38", "078017212218", "2022-10-27 21:38:38", 142, 142, 71),("2022-08-30 16:47:38", "010217063021", "2022-08-30 19:07:38", 143, 143, 72),("2023-01-24 19:41:10", "091035117051", "2023-01-24 21:48:10", 144, 144, 72),("2023-09-12 09:49:15", "099135165017", "2023-09-12 12:29:15", 145, 145, 73),("2022-06-18 17:41:34", "077045009134", "2022-06-18 20:10:34", 146, 146, 73),("2023-06-19 17:29:56", "048080117112", "2023-06-19 19:52:56", 147, 147, 74),("2022-07-16 17:54:22", "013103029154", "2022-07-16 20:53:22", 148, 148, 74),("2024-01-20 08:44:25", "012231082006", "2024-01-20 10:59:25", 149, 149, 75),("2023-04-18 20:13:05", "066197019243", "2023-04-18 20:45:05", 150, 150, 75), 
("2023-02-05 23:40:09", "075070194073", "2023-02-06 03:35:09", 151, 151, 76),("2022-02-17 21:38:14", "051142183255", "2022-02-18 00:19:14", 152, 152, 76),("2023-04-29 12:13:30", "089129253236", "2023-04-29 15:01:30", 153, 153, 77),("2023-10-08 13:29:46", "038168112149", "2023-10-08 16:13:46", 154, 154, 77),("2023-11-01 15:07:48", "023185193165", "2023-11-01 18:57:48", 155, 155, 78),("2022-12-28 21:53:11", "090091124026", "2022-12-29 00:09:11", 156, 156, 78),("2022-03-22 16:21:17", "029037217169", "2022-03-22 18:09:17", 157, 157, 79),("2023-08-31 14:42:01", "066038155013", "2023-08-31 16:50:01", 158, 158, 79),("2022-12-04 23:50:41", "024038168187", "2022-12-05 01:54:41", 159, 159, 80),("2023-03-18 15:08:34", "094231196212", "2023-03-18 18:03:34", 160, 160, 80),("2023-12-16 03:15:46", "097111074157", "2023-12-16 05:41:46", 161, 161, 81),("2023-07-23 20:55:56", "065238201103", "2023-07-23 23:33:56", 162, 162, 81),("2022-08-24 09:46:00", "082197233130", "2022-08-24 13:13:00", 163, 163, 82),("2023-04-17 14:17:23", "087215048055", "2023-04-17 16:33:23", 164, 164, 82),("2023-06-21 20:20:12", "053136185221", "2023-06-21 22:22:12", 165, 165, 83),("2023-12-22 08:47:33", "095023253159", "2023-12-22 12:46:33", 166, 166, 83),("2022-09-02 04:25:17", "076156105015", "2022-09-02 07:29:17", 167, 167, 84),("2022-08-28 04:26:09", "038132047218", "2022-08-28 06:36:09", 168, 168, 84),("2023-08-30 05:45:16", "067193044208", "2023-08-30 07:39:16", 169, 169, 85),("2023-01-29 18:56:32", "032250108207", "2023-01-29 21:26:32", 170, 170, 85),("2023-09-02 20:29:41", "088101218125", "2023-09-02 23:40:41", 171, 171, 86),("2023-04-03 23:53:16", "037167216236", "2023-04-04 02:10:16", 172, 172, 86),("2022-03-18 09:06:15", "079191186061", "2022-03-18 11:01:15", 173, 173, 87),("2023-02-22 21:22:35", "046213043135", "2023-02-22 23:52:35", 174, 174, 87),("2022-03-19 15:58:37", "071194149108", "2022-03-19 17:54:37", 175, 175, 88),("2022-08-18 21:53:20", "089200189143", "2022-08-19 00:58:20", 176, 176, 88),("2023-05-15 00:53:15", "043248209011", "2023-05-15 03:38:15", 177, 177, 89),("2022-04-13 11:07:06", "050254012146", "2022-04-13 13:41:06", 178, 178, 89),("2023-02-12 23:49:48", "077065132190", "2023-02-13 02:03:48", 179, 179, 90),("2024-01-15 21:21:28", "094185026204", "2024-01-15 23:33:28", 180, 180, 90),("2022-02-16 07:01:57", "032200140061", "2022-02-16 09:37:57", 181, 181, 91),("2022-12-20 01:21:01", "004049136020", "2022-12-20 04:26:01", 182, 182, 91),("2022-01-23 08:51:26", "087140132083", "2022-01-23 11:55:26", 183, 183, 92),("2023-07-15 22:00:27", "017052210068", "2023-07-16 01:10:27", 184, 184, 92),("2023-05-08 01:00:15", "010031039193", "2023-05-08 02:54:15", 185, 185, 93),("2022-07-04 22:56:46", "066229070012", "2022-07-05 01:09:46", 186, 186, 93),("2023-02-26 19:03:39", "083218125028", "2023-02-26 21:10:39", 187, 187, 94),("2023-08-19 22:45:04", "027039210222", "2023-08-20 01:01:04", 188, 188, 94),("2024-01-27 14:26:31", "077053150078", "2024-01-27 16:17:31", 189, 189, 95),("2022-03-21 01:24:13", "020022018048", "2022-03-21 03:57:13", 190, 190, 95),("2022-03-03 08:35:11", "049210109037", "2022-03-03 17:34:11", 191, 191, 96),("2023-10-14 03:34:32", "071022061031", "2023-10-14 06:19:32", 192, 192, 96),("2023-03-14 15:48:08", "085252091000", "2023-03-14 17:57:08", 193, 193, 97),("2023-09-02 20:51:07", "053103046076", "2023-09-02 23:48:07", 194, 194, 97),("2023-08-19 01:21:31", "085069021232", "2023-08-19 03:58:31", 195, 195, 98),("2022-06-23 14:37:00", "091212227041", "2022-06-23 16:57:00", 196, 196, 98),("2023-01-31 21:07:15", "050110242002", "2023-01-31 22:54:15", 197, 197, 99),("2022-03-07 11:24:27", "001105103005", "2022-03-07 14:45:27", 198, 198, 99),("2023-12-14 12:05:43", "053011142236", "2023-12-14 14:02:43", 199, 199, 100),("2022-09-19 14:54:02", "074017029015", "2022-09-19 16:49:02", 200, 200, 100), 
("2023-03-05 08:56:52", "083101012118", "2023-03-05 12:02:52", 201, 201, 101),("2023-04-21 19:06:31", "063154052161", "2023-04-21 21:26:31", 202, 202, 101),("2022-12-16 01:44:33", "057195060052", "2022-12-16 04:10:33", 203, 203, 102),("2023-05-13 08:53:53", "015211128229", "2023-05-13 11:19:53", 204, 204, 102),("2022-08-30 17:18:14", "028208023224", "2022-08-30 19:37:14", 205, 205, 103),("2023-11-18 09:43:46", "034041085230", "2023-11-18 13:10:46", 206, 206, 103),("2022-11-01 00:37:13", "083069035136", "2022-11-01 03:17:13", 207, 207, 104),("2023-05-05 19:02:43", "015071067213", "2023-05-05 21:50:43", 208, 208, 104),("2023-06-01 15:24:48", "094065087101", "2023-06-01 18:11:48", 209, 209, 105),("2023-08-24 00:30:28", "089135115003", "2023-08-24 02:52:28", 210, 210, 105),("2023-09-30 11:50:20", "004084069181", "2023-09-30 15:03:20", 211, 211, 106),("2023-04-21 08:35:58", "069110248168", "2023-04-21 11:14:58", 212, 212, 106),("2022-06-01 02:42:20", "073255249244", "2022-06-01 05:23:20", 213, 213, 107),("2022-01-02 07:36:49", "054172243192", "2022-01-02 09:45:49", 214, 214, 107),("2022-05-07 14:51:20", "024244123217", "2022-05-07 18:00:20", 215, 215, 108),("2023-12-03 08:54:03", "008225007174", "2023-12-03 11:51:03", 216, 216, 108),("2022-08-16 19:35:30", "024000065104", "2022-08-16 22:36:30", 217, 217, 109),("2022-03-25 11:22:15", "014040195131", "2022-03-25 13:39:15", 218, 218, 109),("2022-01-12 07:08:23", "002102016059", "2022-01-12 09:54:23", 219, 219, 110),("2023-01-09 13:41:55", "073206056079", "2023-01-09 15:26:55", 220, 220, 110),("2023-04-12 19:13:38", "078144169238", "2023-04-12 21:44:38", 221, 221, 111),("2024-01-05 03:46:56", "003173008200", "2024-01-05 06:10:56", 222, 222, 111),("2022-08-15 11:31:45", "032098099059", "2022-08-15 13:43:45", 223, 223, 112),("2022-08-09 03:57:45", "004073045240", "2022-08-09 06:58:45", 224, 224, 112),("2022-10-16 05:46:40", "023092014012", "2022-10-16 09:08:40", 225, 225, 113),("2023-07-09 15:21:36", "048067134192", "2023-07-09 17:29:36", 226, 226, 113),("2022-05-17 03:34:10", "074007164219", "2022-05-17 06:15:10", 227, 227, 114),("2023-10-03 21:08:17", "068214211200", "2023-10-03 23:12:17", 228, 228, 114),("2022-12-25 18:47:41", "029072211018", "2022-12-25 21:23:41", 229, 229, 115),("2023-09-27 05:28:26", "047088006252", "2023-09-27 08:27:26", 230, 230, 115),("2022-10-16 05:00:54", "031007213028", "2022-10-16 14:10:54", 231, 231, 116),("2022-01-20 08:27:39", "092169079214", "2022-01-20 10:34:39", 232, 232, 116),("2022-07-22 11:12:46", "069231213200", "2022-07-22 14:18:46", 233, 233, 117),("2022-11-25 00:43:02", "075175082249", "2022-11-25 02:55:02", 234, 234, 117),("2023-12-18 09:06:20", "053212219234", "2023-12-18 12:00:20", 235, 235, 118),("2022-09-23 22:51:43", "091217200221", "2022-09-24 02:39:43", 236, 236, 118),("2023-08-17 07:58:41", "013007148251", "2023-08-17 10:11:41", 237, 237, 119),("2024-01-08 06:48:03", "082008052116", "2024-01-08 08:27:03", 238, 238, 119),("2023-02-09 08:36:30", "016212019132", "2023-02-09 10:47:30", 239, 239, 120),("2022-07-18 20:06:09", "015232139203", "2022-07-18 22:02:09", 240, 240, 120),("2022-12-14 16:34:43", "063226035180", "2022-12-14 18:43:43", 241, 241, 121),("2022-03-09 02:52:40", "044219008102", "2022-03-09 05:38:40", 242, 242, 121),("2022-02-07 07:16:40", "080076033239", "2022-02-07 10:27:40", 243, 243, 122),("2023-06-29 16:06:33", "038091083168", "2023-06-29 18:44:33", 244, 244, 122),("2022-01-24 03:24:08", "027227209039", "2022-01-24 06:04:08", 245, 245, 123),("2023-08-05 04:37:43", "040085019160", "2023-08-05 08:31:43", 246, 246, 123),("2023-04-18 16:33:23", "090197145123", "2023-04-18 18:48:23", 247, 247, 124),("2022-03-20 04:37:28", "012073025059", "2022-03-20 06:28:28", 248, 248, 124),("2023-05-09 17:16:45", "014189065074", "2023-05-09 20:00:45", 249, 249, 125),("2022-08-22 21:58:16", "080206133073", "2022-08-23 01:36:16", 250, 250, 125), 
("2024-01-01 05:00:46", "075011217123", "2024-01-01 07:34:46", 251, 251, 126),("2023-11-09 18:05:25", "022009250189", "2023-11-09 20:25:25", 252, 252, 126),("2022-07-20 02:37:33", "013101070012", "2022-07-20 05:27:33", 253, 253, 127),("2023-04-29 02:49:19", "041107183159", "2023-04-29 05:20:19", 254, 254, 127),("2023-03-12 20:50:03", "028249023152", "2023-03-12 23:07:03", 255, 255, 128),("2023-06-26 17:11:32", "042086010156", "2023-06-26 21:30:32", 256, 256, 128),("2023-05-13 19:16:38", "064022209020", "2023-05-13 22:09:38", 257, 257, 129),("2023-07-23 12:28:59", "057228026126", "2023-07-23 15:04:59", 258, 258, 129),("2022-04-02 00:35:59", "071155119094", "2022-04-02 03:45:59", 259, 259, 130),("2022-01-02 09:54:29", "063146014235", "2022-01-02 12:06:29", 260, 260, 130),("2022-04-16 01:58:20", "077109042237", "2022-04-16 04:44:20", 261, 261, 131),("2023-01-22 02:42:56", "032056090172", "2023-01-22 04:51:56", 262, 262, 131),("2023-08-17 23:12:17", "014234103178", "2023-08-18 03:29:17", 263, 263, 132),("2023-11-11 12:44:51", "095086246080", "2023-11-11 16:02:51", 264, 264, 132),("2024-01-17 19:40:48", "053028028221", "2024-01-17 22:40:48", 265, 265, 133),("2022-05-05 11:45:24", "063129253133", "2022-05-05 14:38:24", 266, 266, 133),("2023-04-01 10:33:09", "009167017070", "2023-04-01 12:54:09", 267, 267, 134),("2022-04-13 10:23:04", "037241196249", "2022-04-13 12:47:04", 268, 268, 134),("2023-03-31 03:16:27", "018124229070", "2023-03-31 05:58:27", 269, 269, 135),("2022-03-16 06:41:08", "035146237067", "2022-03-16 08:51:08", 270, 270, 135),("2024-01-03 08:56:54", "047074167024", "2024-01-03 11:33:54", 271, 271, 136),("2022-03-29 11:20:51", "052239207181", "2022-03-29 13:55:51", 272, 272, 136),("2022-10-10 06:13:21", "001231052087", "2022-10-10 08:16:21", 273, 273, 137),("2023-07-06 00:30:40", "079186125183", "2023-07-06 02:34:40", 274, 274, 137),("2022-04-13 15:51:41", "016181203133", "2022-04-13 19:12:41", 275, 275, 138),("2023-08-11 11:47:20", "037149035204", "2023-08-11 14:22:20", 276, 276, 138),("2023-11-10 00:58:09", "074105224116", "2023-11-10 03:48:09", 277, 277, 139),("2023-07-28 00:54:59", "082108231084", "2023-07-28 03:32:59", 278, 278, 139),("2024-01-02 08:48:32", "056120110144", "2024-01-02 11:49:32", 279, 279, 140),("2023-07-01 02:36:13", "069002214062", "2023-07-01 05:33:13", 280, 280, 140),("2023-02-20 16:04:37", "075228091236", "2023-02-20 18:15:37", 281, 281, 141),("2022-08-19 21:22:46", "083075026079", "2022-08-20 00:01:46", 282, 282, 141),("2023-05-21 11:24:53", "096102208055", "2023-05-21 14:42:53", 283, 283, 142),("2022-09-30 12:58:22", "054194176004", "2022-09-30 15:58:22", 284, 284, 142),("2022-10-20 02:31:25", "095097230116", "2022-10-20 06:22:25", 285, 285, 143),("2022-04-25 08:13:57", "018011250154", "2022-04-25 11:11:57", 286, 286, 143),("2022-06-20 07:30:26", "056007216164", "2022-06-20 09:40:26", 287, 287, 144),("2023-11-19 22:32:28", "088018183179", "2023-11-20 02:07:28", 288, 288, 144),("2023-01-20 09:14:36", "064103056040", "2023-01-20 12:05:36", 289, 289, 145),("2022-03-05 14:11:43", "052147087080", "2022-03-05 17:31:43", 290, 290, 145),("2022-07-14 12:10:23", "053075206000", "2022-07-14 14:14:23", 291, 291, 146),("2022-12-17 13:56:14", "066148058208", "2022-12-17 17:07:14", 292, 292, 146),("2023-10-31 17:58:07", "078058218142", "2023-10-31 19:44:07", 293, 293, 147),("2022-06-27 13:19:23", "100170115050", "2022-06-27 17:19:23", 294, 294, 147),("2022-03-10 15:58:54", "044105116082", "2022-03-10 18:27:54", 295, 295, 148),("2023-07-13 20:49:24", "079205173215", "2023-07-13 23:07:24", 296, 296, 148),("2023-11-12 19:38:25", "040222188228", "2023-11-12 22:00:25", 297, 297, 149),("2022-02-15 18:00:37", "022131194165", "2022-02-15 21:00:37", 298, 298, 149),("2022-08-22 07:27:09", "040129082012", "2022-08-22 10:06:09", 299, 299, 150),("2022-03-19 11:04:47", "037082061039", "2022-03-19 13:40:47", 300, 300, 150), 
("2023-03-03 17:12:04", "012012218169", "2023-03-03 19:46:04", 301, 301, 151),("2022-04-28 12:26:06", "044025040244", "2022-04-28 16:05:06", 302, 302, 151),("2024-01-10 11:53:15", "099136163044", "2024-01-10 15:28:15", 303, 303, 152),("2023-08-28 11:42:02", "032200172102", "2023-08-28 14:02:02", 304, 304, 152),("2023-02-23 16:59:49", "079123156188", "2023-02-23 19:19:49", 305, 305, 153),("2023-10-04 21:58:19", "026097230138", "2023-10-05 00:19:19", 306, 306, 153),("2022-05-21 13:05:52", "083153143166", "2022-05-21 15:44:52", 307, 307, 154),("2022-04-28 21:41:07", "094237139227", "2022-04-28 23:55:07", 308, 308, 154),("2024-01-14 01:28:45", "059135114111", "2024-01-14 03:55:45", 309, 309, 155),("2022-06-13 03:29:22", "094210068163", "2022-06-13 05:41:22", 310, 310, 155),("2023-12-30 14:40:50", "019026201039", "2023-12-30 17:19:50", 311, 311, 156),("2023-01-12 12:00:09", "065192233059", "2023-01-12 13:52:09", 312, 312, 156),("2023-10-22 13:19:35", "003067234033", "2023-10-22 16:06:35", 313, 313, 157),("2023-06-22 15:57:47", "042245248232", "2023-06-22 18:39:47", 314, 314, 157),("2023-02-03 04:57:26", "046088162242", "2023-02-03 07:00:26", 315, 315, 158),("2022-10-05 03:10:11", "098176208008", "2022-10-05 05:40:11", 316, 316, 158),("2023-07-17 05:37:13", "096248016161", "2023-07-17 08:21:13", 317, 317, 159),("2024-01-23 11:56:51", "014143122181", "2024-01-23 14:27:51", 318, 318, 159),("2023-03-11 09:51:07", "040228013065", "2023-03-11 12:21:07", 319, 319, 160),("2022-04-26 17:55:58", "014168015169", "2022-04-26 20:32:58", 320, 320, 160),("2022-02-28 13:22:17", "018158251012", "2022-02-28 16:50:17", 321, 321, 161),("2023-05-11 15:56:32", "016198182249", "2023-05-11 18:15:32", 322, 322, 161),("2023-10-06 11:37:42", "040105181198", "2023-10-06 14:52:42", 323, 323, 162),("2023-04-20 05:07:18", "064007124201", "2023-04-20 07:45:18", 324, 324, 162),("2023-06-13 13:17:21", "060000149226", "2023-06-13 15:38:21", 325, 325, 163),("2022-09-12 15:14:40", "059129111122", "2022-09-12 18:01:40", 326, 326, 163),("2022-02-17 14:18:38", "054094101101", "2022-02-17 16:56:38", 327, 327, 164),("2022-07-10 18:22:11", "066200147030", "2022-07-10 20:50:11", 328, 328, 164),("2022-11-03 18:13:50", "078078177129", "2022-11-03 20:45:50", 329, 329, 165),("2023-11-13 19:13:06", "007205211177", "2023-11-13 22:34:06", 330, 330, 165),("2022-12-17 23:44:07", "053006134202", "2022-12-18 02:06:07", 331, 331, 166),("2022-01-13 04:47:20", "049101074037", "2022-01-13 06:48:20", 332, 332, 166),("2022-02-23 21:44:17", "099202252071", "2022-02-23 22:44:17", 333, 333, 167),("2022-10-29 10:05:19", "100170112207", "2022-10-29 13:37:19", 334, 334, 167),("2023-11-11 22:13:25", "037133046233", "2023-11-12 01:06:25", 335, 335, 168),("2022-08-09 21:43:10", "038004126038", "2022-08-09 23:56:10", 336, 336, 168),("2023-01-29 06:57:02", "060106011232", "2023-01-29 09:18:02", 337, 337, 169),("2022-09-02 10:26:09", "061109026227", "2022-09-02 12:35:09", 338, 338, 169),("2022-02-15 21:07:45", "006125084046", "2022-02-15 23:23:45", 339, 339, 170),("2023-09-16 15:04:11", "083127008008", "2023-09-16 17:41:11", 340, 340, 170),("2022-08-13 09:11:55", "024183148107", "2022-08-13 11:17:55", 341, 341, 171),("2023-09-13 14:25:13", "021248030114", "2023-09-13 16:41:13", 342, 342, 171),("2022-05-03 02:19:33", "032057040125", "2022-05-03 05:01:33", 343, 343, 172),("2022-04-30 12:00:23", "097026167058", "2022-04-30 15:30:23", 344, 344, 172),("2022-03-17 21:30:42", "039063028088", "2022-03-18 00:04:42", 345, 345, 173),("2022-05-28 12:45:11", "037246252103", "2022-05-28 15:05:11", 346, 346, 173),("2022-12-13 19:51:47", "024113220034", "2022-12-13 22:22:47", 347, 347, 174),("2022-04-17 17:22:42", "048108159142", "2022-04-17 20:08:42", 348, 348, 174),("2022-06-08 03:44:49", "010093243034", "2022-06-08 06:56:49", 349, 349, 175),("2022-05-27 01:29:23", "010145195097", "2022-05-27 05:10:23", 350, 350, 175), 
("2023-09-10 17:19:51", "007094245215", "2023-09-10 21:25:51", 351, 351, 176),("2023-06-24 21:30:00", "007119116197", "2023-06-24 23:27:00", 352, 352, 176),("2023-11-06 21:49:18", "034002160131", "2023-11-06 23:35:18", 353, 353, 177),("2023-10-10 22:24:47", "013168193018", "2023-10-11 01:07:47", 354, 354, 177),("2024-01-11 16:16:37", "006197083036", "2024-01-11 18:30:37", 355, 355, 178),("2023-10-25 20:44:59", "009248243188", "2023-10-25 22:42:59", 356, 356, 178),("2023-10-27 23:59:30", "013066221115", "2023-10-28 02:30:30", 357, 357, 179),("2023-03-20 00:55:20", "020198030213", "2023-03-20 03:09:20", 358, 358, 179),("2023-04-07 10:16:37", "075160077204", "2023-04-07 14:03:37", 359, 359, 180),("2023-06-21 15:09:01", "010164213127", "2023-06-21 18:17:01", 360, 360, 180),("2022-06-29 15:17:58", "039197093026", "2022-06-29 17:16:58", 361, 361, 181),("2023-03-24 23:22:00", "036166074246", "2023-03-25 01:21:00", 362, 362, 181),("2022-06-06 17:35:50", "001129028133", "2022-06-06 19:58:50", 363, 363, 182),("2023-12-16 12:14:07", "014225091247", "2023-12-16 14:47:07", 364, 364, 182),("2022-09-23 04:16:11", "045066133141", "2022-09-23 08:08:11", 365, 365, 183),("2023-04-04 19:14:39", "013046164011", "2023-04-04 21:15:39", 366, 366, 183),("2023-07-01 18:21:19", "009180076025", "2023-07-01 20:46:19", 367, 367, 184),("2023-10-09 04:21:12", "097211012035", "2023-10-09 08:06:12", 368, 368, 184),("2022-09-18 03:38:12", "058017246234", "2022-09-18 05:41:12", 369, 369, 185),("2022-07-18 16:24:29", "089227253068", "2022-07-18 18:44:29", 370, 370, 185),("2022-05-17 17:05:20", "026025202070", "2022-05-17 17:56:20", 371, 371, 186),("2022-05-16 13:14:00", "081227082237", "2022-05-16 15:07:00", 372, 372, 186),("2023-09-06 13:00:14", "075004178177", "2023-09-06 16:16:14", 373, 373, 187),("2023-07-17 16:44:38", "086136231028", "2023-07-17 18:36:38", 374, 374, 187),("2022-08-22 12:07:15", "012240068204", "2022-08-22 14:00:15", 375, 375, 188),("2022-07-10 20:33:17", "097185231126", "2022-07-10 23:26:17", 376, 376, 188),("2023-06-28 01:01:58", "090171183117", "2023-06-28 04:44:58", 377, 377, 189),("2022-11-05 00:55:42", "042054067176", "2022-11-05 03:03:42", 378, 378, 189),("2022-04-02 20:02:48", "074027221141", "2022-04-02 22:01:48", 379, 379, 190),("2023-11-15 11:45:32", "028218062091", "2023-11-15 14:08:32", 380, 380, 190),("2022-03-22 21:50:21", "035122029048", "2022-03-22 23:35:21", 381, 381, 191),("2022-09-11 22:08:01", "053063159229", "2022-09-12 00:27:01", 382, 382, 191),("2022-05-16 21:22:31", "094142140201", "2022-05-17 06:43:31", 383, 383, 192),("2023-07-09 10:48:24", "013054103178", "2023-07-09 12:40:24", 384, 384, 192),("2023-03-12 02:30:25", "037210240081", "2023-03-12 05:44:25", 385, 385, 193),("2023-03-25 19:58:53", "091247030241", "2023-03-25 23:24:53", 386, 386, 193),("2024-01-12 10:39:44", "069228004228", "2024-01-12 14:45:44", 387, 387, 194),("2023-01-29 01:23:23", "050203196075", "2023-01-29 03:38:23", 388, 388, 194),("2022-03-11 07:06:33", "071125022250", "2022-03-11 09:33:33", 389, 389, 195),("2022-05-16 03:57:33", "089104010141", "2022-05-16 06:02:33", 390, 390, 195),("2023-09-02 04:44:50", "060173011203", "2023-09-02 05:25:50", 391, 391, 196),("2022-06-16 06:22:27", "044030042051", "2022-06-16 08:13:27", 392, 392, 196),("2023-01-08 06:57:41", "072188170141", "2023-01-08 16:23:41", 393, 393, 197),("2023-05-29 16:49:08", "048100085203", "2023-05-29 18:42:08", 394, 394, 197),("2022-12-18 02:20:08", "076069090018", "2022-12-18 04:45:08", 395, 395, 198),("2023-08-16 12:33:14", "091079061034", "2023-08-16 15:03:14", 396, 396, 198),("2023-01-20 07:50:21", "075219146111", "2023-01-20 08:37:21", 397, 397, 199),("2023-11-21 11:09:48", "059092114186", "2023-11-21 13:53:48", 398, 398, 199),("2023-04-21 12:28:25", "067066180048", "2023-04-21 15:04:25", 399, 399, 200),("2022-10-17 17:05:19", "003217115000", "2022-10-17 19:30:19", 400, 400, 200), 
("2022-01-19 03:33:39", "057213199028", "2022-01-19 05:48:39", 401, 401, 201),("2022-01-04 18:42:17", "074125064240", "2022-01-04 21:10:17", 402, 402, 201),("2023-10-19 17:45:14", "078178195130", "2023-10-19 20:24:14", 403, 403, 202),("2022-01-26 07:51:37", "062172037121", "2022-01-26 11:08:37", 404, 404, 202),("2022-06-20 05:33:40", "097173092131", "2022-06-20 08:20:40", 405, 405, 203),("2022-11-16 06:23:30", "052185176076", "2022-11-16 09:04:30", 406, 406, 203),("2023-05-09 00:46:28", "089143056039", "2023-05-09 03:54:28", 407, 407, 204),("2022-11-14 01:00:28", "075039184067", "2022-11-14 03:57:28", 408, 408, 204),("2023-10-05 23:20:13", "060226088000", "2023-10-06 01:46:13", 409, 409, 205),("2023-10-04 08:29:31", "044102000015", "2023-10-04 11:03:31", 410, 410, 205),("2023-02-07 08:59:19", "057154059140", "2023-02-07 18:15:19", 411, 411, 206),("2023-03-13 06:26:47", "012181166054", "2023-03-13 08:39:47", 412, 412, 206),("2024-01-07 03:59:28", "070157181123", "2024-01-07 12:58:28", 413, 413, 207),("2023-06-17 21:31:48", "045194014039", "2023-06-18 01:12:48", 414, 414, 207),("2022-03-23 09:44:18", "044245196093", "2022-03-23 11:49:18", 415, 415, 208),("2022-07-25 07:24:59", "098190158138", "2022-07-25 10:42:59", 416, 416, 208),("2022-05-14 18:45:30", "025041153163", "2022-05-14 21:03:30", 417, 417, 209),("2023-02-13 06:59:02", "061212012094", "2023-02-13 09:29:02", 418, 418, 209),("2022-01-08 19:01:46", "084008148191", "2022-01-08 19:33:46", 419, 419, 210),("2022-11-29 23:48:16", "042010199174", "2022-11-30 01:59:16", 420, 420, 210),("2022-11-02 05:05:43", "074189119191", "2022-11-02 07:42:43", 421, 421, 211),("2022-07-13 15:05:46", "069194137097", "2022-07-13 17:25:46", 422, 422, 211),("2023-12-27 08:43:56", "049073117140", "2023-12-27 11:08:56", 423, 423, 212),("2023-05-29 20:41:23", "008187092123", "2023-05-29 23:07:23", 424, 424, 212),("2022-06-15 10:53:43", "029000051131", "2022-06-15 12:33:43", 425, 425, 213),("2022-10-25 06:58:03", "028200143063", "2022-10-25 09:09:03", 426, 426, 213),("2023-07-29 07:29:36", "035120069075", "2023-07-29 10:18:36", 427, 427, 214),("2023-10-03 05:10:01", "002109252238", "2023-10-03 09:14:01", 428, 428, 214),("2022-04-28 13:52:44", "004107020159", "2022-04-28 16:03:44", 429, 429, 215),("2023-04-13 23:31:29", "022229221188", "2023-04-14 02:00:29", 430, 430, 215),("2023-05-09 20:55:35", "039045239216", "2023-05-09 22:45:35", 431, 431, 216),("2023-09-25 04:50:12", "040085032099", "2023-09-25 07:22:12", 432, 432, 216),("2023-10-17 00:44:49", "020105188019", "2023-10-17 02:47:49", 433, 433, 217),("2023-11-04 14:03:18", "077154051122", "2023-11-04 16:39:18", 434, 434, 217),("2022-12-18 18:03:42", "090169003055", "2022-12-18 20:05:42", 435, 435, 218),("2022-03-18 08:42:46", "053133202046", "2022-03-18 10:35:46", 436, 436, 218),("2023-07-13 04:22:51", "097233200121", "2023-07-13 06:12:51", 437, 437, 219),("2024-01-26 13:30:28", "062164162108", "2024-01-26 15:43:28", 438, 438, 219),("2022-01-26 15:28:54", "097087146071", "2022-01-26 17:44:54", 439, 439, 220),("2022-11-28 01:44:58", "076198139087", "2022-11-28 04:44:58", 440, 440, 220),("2024-01-15 22:32:12", "067254193237", "2024-01-16 00:38:12", 441, 441, 221),("2023-07-11 00:38:20", "082165028075", "2023-07-11 02:49:20", 442, 442, 221),("2022-09-03 10:14:54", "018150118025", "2022-09-03 13:26:54", 443, 443, 222),("2023-06-04 08:07:57", "055101035092", "2023-06-04 10:37:57", 444, 444, 222),("2023-06-27 21:43:46", "011179049003", "2023-06-28 01:00:46", 445, 445, 223),("2023-02-08 12:24:06", "057211050185", "2023-02-08 15:05:06", 446, 446, 223),("2023-12-04 07:02:41", "027179134180", "2023-12-04 09:50:41", 447, 447, 224),("2023-03-19 15:37:25", "031033041138", "2023-03-19 18:11:25", 448, 448, 224),("2023-04-07 21:54:00", "089224012217", "2023-04-07 23:51:00", 449, 449, 225),("2023-05-14 16:01:59", "020080076063", "2023-05-14 18:41:59", 450, 450, 225), 
("2023-12-04 15:04:30", "083152058237", "2023-12-04 17:26:30", 451, 451, 226),("2023-08-01 01:02:04", "072254216074", "2023-08-01 03:33:04", 452, 452, 226),("2022-02-28 04:46:34", "052242012026", "2022-02-28 07:39:34", 453, 453, 227),("2022-08-01 01:58:17", "084243119168", "2022-08-01 04:19:17", 454, 454, 227),("2022-01-02 04:42:46", "085072133133", "2022-01-02 06:41:46", 455, 455, 228),("2023-08-07 04:10:51", "019091127083", "2023-08-07 07:07:51", 456, 456, 228),("2022-08-19 05:57:00", "067143231177", "2022-08-19 08:31:00", 457, 457, 229),("2023-07-21 22:10:41", "028098126071", "2023-07-22 00:20:41", 458, 458, 229),("2022-07-17 18:06:33", "096101186169", "2022-07-17 20:23:33", 459, 459, 230),("2022-10-05 17:13:38", "023056048154", "2022-10-05 19:04:38", 460, 460, 230),("2023-10-12 13:30:14", "009138144168", "2023-10-12 15:32:14", 461, 461, 231),("2022-02-01 20:44:28", "010080062054", "2022-02-01 22:44:28", 462, 462, 231),("2023-02-15 02:20:07", "056075149142", "2023-02-15 05:02:07", 463, 463, 232),("2023-12-29 19:55:13", "094154033156", "2023-12-29 21:57:13", 464, 464, 232),("2022-04-28 09:12:02", "065113094113", "2022-04-28 12:00:02", 465, 465, 233),("2022-01-26 23:10:10", "031236154143", "2022-01-27 01:39:10", 466, 466, 233),("2022-10-12 09:11:13", "100010057165", "2022-10-12 11:09:13", 467, 467, 234),("2023-11-26 09:48:33", "033175122227", "2023-11-26 12:43:33", 468, 468, 234),("2023-11-06 11:43:04", "027152029100", "2023-11-06 14:04:04", 469, 469, 235),("2022-09-01 03:56:49", "061166143011", "2022-09-01 06:57:49", 470, 470, 235),("2022-10-03 01:32:13", "088164062010", "2022-10-03 05:09:13", 471, 471, 236),("2023-02-20 21:57:19", "024057172061", "2023-02-21 00:24:19", 472, 472, 236),("2023-08-07 00:38:58", "012059230235", "2023-08-07 03:29:58", 473, 473, 237),("2023-04-14 15:31:21", "028250178181", "2023-04-14 18:52:21", 474, 474, 237),("2023-07-14 13:19:08", "020160051033", "2023-07-14 15:11:08", 475, 475, 238),("2023-08-20 06:26:42", "065244237046", "2023-08-20 08:23:42", 476, 476, 238),("2023-05-29 08:20:48", "005027084037", "2023-05-29 10:26:48", 477, 477, 239),("2023-02-09 19:14:48", "020195029188", "2023-02-09 22:07:48", 478, 478, 239),("2023-02-26 06:32:07", "050124011233", "2023-02-26 09:04:07", 479, 479, 240),("2022-11-28 18:30:54", "038221019171", "2022-11-28 21:00:54", 480, 480, 240),("2022-03-21 16:23:06", "004150190254", "2022-03-21 18:54:06", 481, 481, 241),("2022-06-05 21:27:30", "086203239231", "2022-06-05 23:56:30", 482, 482, 241),("2022-11-24 18:34:38", "015170191040", "2022-11-24 20:13:38", 483, 483, 242),("2023-06-18 00:07:22", "028231137057", "2023-06-18 02:29:22", 484, 484, 242),("2022-06-30 18:04:06", "009242187040", "2022-06-30 19:59:06", 485, 485, 243),("2022-10-12 05:52:29", "045131071240", "2022-10-12 09:11:29", 486, 486, 243),("2022-10-13 18:39:12", "073212063225", "2022-10-13 20:56:12", 487, 487, 244),("2023-08-05 22:31:47", "072244245084", "2023-08-06 00:20:47", 488, 488, 244),("2023-10-21 06:04:48", "091069057073", "2023-10-21 08:01:48", 489, 489, 245),("2023-10-14 01:41:14", "006241222114", "2023-10-14 05:33:14", 490, 490, 245),("2022-09-22 01:41:36", "018126052049", "2022-09-22 03:51:36", 491, 491, 246),("2022-03-02 01:29:04", "037196246051", "2022-03-02 03:51:04", 492, 492, 246),("2023-01-18 02:18:42", "060023164212", "2023-01-18 06:09:42", 493, 493, 247),("2022-01-07 23:59:14", "082020145201", "2022-01-08 02:26:14", 494, 494, 247),("2022-02-08 19:16:36", "095247067131", "2022-02-08 21:28:36", 495, 495, 248),("2023-05-26 06:26:41", "084057039056", "2023-05-26 08:13:41", 496, 496, 248),("2022-10-20 19:22:12", "009200165221", "2022-10-20 21:49:12", 497, 497, 249),("2023-09-21 12:27:38", "026251050130", "2023-09-21 14:37:38", 498, 498, 249),("2022-08-06 02:51:29", "072200079077", "2022-08-06 06:25:29", 499, 499, 250),("2023-12-03 09:47:42", "084044146071", "2023-12-03 11:48:42", 500, 500, 250), 
("2023-11-08 18:48:10", "046155170186", "2023-11-08 22:03:10", 501, 501, 251),("2023-02-05 14:40:37", "074118134148", "2023-02-05 16:37:37", 502, 502, 251),("2022-09-02 22:48:55", "076024016127", "2022-09-03 01:33:55", 503, 503, 252),("2023-11-20 05:48:27", "052057032201", "2023-11-20 08:44:27", 504, 504, 252),("2022-02-06 10:16:39", "094009144192", "2022-02-06 12:52:39", 505, 505, 253),("2022-12-02 12:41:21", "050136222040", "2022-12-02 16:30:21", 506, 506, 253),("2023-02-03 19:22:46", "053124015205", "2023-02-03 21:56:46", 507, 507, 254),("2024-01-08 13:29:24", "054061173091", "2024-01-08 15:09:24", 508, 508, 254),("2024-01-30 12:35:50", "018199058209", "2024-01-30 15:12:50", 509, 509, 255),("2023-01-13 02:56:57", "063076243231", "2023-01-13 05:16:57", 510, 510, 255),("2023-08-19 10:55:09", "052141067216", "2023-08-19 12:47:09", 511, 511, 256),("2023-04-23 13:19:33", "100240226204", "2023-04-23 16:21:33", 512, 512, 256),("2022-11-13 22:06:09", "016226151121", "2022-11-14 00:34:09", 513, 513, 257),("2023-02-11 20:55:56", "095098074118", "2023-02-11 23:23:56", 514, 514, 257),("2022-04-14 03:00:31", "014023141050", "2022-04-14 06:45:31", 515, 515, 258),("2022-12-08 23:33:52", "051231021084", "2022-12-09 02:06:52", 516, 516, 258),("2022-08-09 01:20:17", "027197098002", "2022-08-09 03:23:17", 517, 517, 259),("2023-11-06 22:59:48", "039189182212", "2023-11-07 01:11:48", 518, 518, 259),("2023-05-22 20:16:58", "033048064229", "2023-05-22 21:59:58", 519, 519, 260),("2022-10-21 00:52:44", "023093108156", "2022-10-21 03:32:44", 520, 520, 260),("2022-03-11 00:37:56", "040229147061", "2022-03-11 02:21:56", 521, 521, 261),("2022-06-06 06:41:23", "015085244013", "2022-06-06 09:12:23", 522, 522, 261),("2024-01-13 03:08:07", "069128058140", "2024-01-13 05:27:07", 523, 523, 262),("2023-06-21 10:44:07", "015229087140", "2023-06-21 13:58:07", 524, 524, 262),("2022-12-21 12:58:20", "008011218253", "2022-12-21 14:57:20", 525, 525, 263),("2023-05-11 16:58:23", "018047002076", "2023-05-11 19:40:23", 526, 526, 263),("2022-07-14 08:04:06", "017189146010", "2022-07-14 11:31:06", 527, 527, 264),("2022-07-02 00:44:13", "059235226063", "2022-07-02 04:51:13", 528, 528, 264),("2022-02-13 11:46:46", "029196255027", "2022-02-13 13:46:46", 529, 529, 265),("2023-10-28 02:20:47", "019008208059", "2023-10-28 05:12:47", 530, 530, 265),("2023-10-09 01:08:56", "031096147078", "2023-10-09 05:09:56", 531, 531, 266),("2023-10-14 04:48:53", "069228064124", "2023-10-14 07:27:53", 532, 532, 266),("2023-10-30 15:20:04", "080075122010", "2023-10-30 17:15:04", 533, 533, 267),("2023-05-10 08:20:44", "038229127090", "2023-05-10 10:40:44", 534, 534, 267),("2022-09-11 13:39:57", "053001206052", "2022-09-11 16:38:57", 535, 535, 268),("2022-03-08 19:04:58", "068132176197", "2022-03-08 21:13:58", 536, 536, 268),("2022-11-18 05:57:43", "017219097228", "2022-11-18 09:04:43", 537, 537, 269),("2023-06-04 23:51:24", "019228046222", "2023-06-05 02:01:24", 538, 538, 269),("2022-03-13 14:28:29", "099064070090", "2022-03-13 16:28:29", 539, 539, 270),("2023-01-22 22:03:06", "052169079125", "2023-01-22 23:51:06", 540, 540, 270),("2022-12-27 22:00:23", "085093043083", "2022-12-27 23:42:23", 541, 541, 271),("2022-06-13 05:51:33", "013159207193", "2022-06-13 08:18:33", 542, 542, 271),("2023-08-14 16:16:01", "012168164097", "2023-08-14 18:36:01", 543, 543, 272),("2022-12-20 05:24:45", "080066165179", "2022-12-20 07:47:45", 544, 544, 272),("2024-01-15 15:54:07", "018137236209", "2024-01-15 18:36:07", 545, 545, 273),("2023-10-19 03:27:09", "090027034197", "2023-10-19 06:04:09", 546, 546, 273),("2023-07-13 05:16:44", "071239190217", "2023-07-13 07:50:44", 547, 547, 274),("2022-12-25 19:21:40", "070071107029", "2022-12-25 22:35:40", 548, 548, 274),("2022-02-25 12:11:17", "092212251032", "2022-02-25 14:14:17", 549, 549, 275),("2023-11-08 12:28:57", "048000236127", "2023-11-08 15:13:57", 550, 550, 275), 
("2023-01-16 22:47:39", "098109089075", "2023-01-17 00:41:39", 551, 551, 276),("2023-09-24 01:55:10", "062156076238", "2023-09-24 04:18:10", 552, 552, 276),("2022-02-12 19:24:15", "095077081023", "2022-02-12 22:25:15", 553, 553, 277),("2023-08-18 17:02:12", "053243176253", "2023-08-18 19:51:12", 554, 554, 277),("2023-10-26 04:18:50", "007081015043", "2023-10-26 06:59:50", 555, 555, 278),("2023-07-26 13:51:33", "070231110024", "2023-07-26 15:46:33", 556, 556, 278),("2022-11-29 11:14:32", "015191012167", "2022-11-29 13:54:32", 557, 557, 279),("2022-03-16 04:30:21", "095216184126", "2022-03-16 07:50:21", 558, 558, 279),("2022-02-12 03:24:35", "053090041083", "2022-02-12 05:12:35", 559, 559, 280),("2022-09-26 16:00:39", "049196091085", "2022-09-26 18:26:39", 560, 560, 280),("2022-08-04 08:43:46", "032166018200", "2022-08-04 11:44:46", 561, 561, 281),("2022-12-15 07:28:13", "040211024213", "2022-12-15 09:24:13", 562, 562, 281),("2023-02-26 11:40:46", "007166076139", "2023-02-26 14:57:46", 563, 563, 282),("2022-03-04 19:41:08", "084060148057", "2022-03-04 23:17:08", 564, 564, 282),("2022-06-30 00:25:03", "066197080136", "2022-06-30 03:10:03", 565, 565, 283),("2023-08-05 14:17:56", "007114151248", "2023-08-05 17:27:56", 566, 566, 283),("2022-03-04 04:45:44", "036184213124", "2022-03-04 06:52:44", 567, 567, 284),("2022-08-20 16:32:17", "050079210196", "2022-08-20 18:28:17", 568, 568, 284),("2023-03-05 16:43:28", "087178028242", "2023-03-05 19:02:28", 569, 569, 285),("2022-08-05 20:45:58", "097142032040", "2022-08-05 23:42:58", 570, 570, 285),("2022-12-29 10:13:35", "033070088131", "2022-12-29 13:42:35", 571, 571, 286),("2022-07-25 20:47:32", "004216104185", "2022-07-25 23:53:32", 572, 572, 286),("2022-05-09 04:14:28", "011174240226", "2022-05-09 06:31:28", 573, 573, 287),("2023-03-29 07:50:04", "009078124173", "2023-03-29 08:39:04", 574, 574, 287),("2022-10-28 11:27:59", "010178208181", "2022-10-28 14:15:59", 575, 575, 288),("2024-01-22 15:30:00", "010170123026", "2024-01-22 17:31:00", 576, 576, 288),("2023-07-06 01:32:54", "029035243123", "2023-07-06 04:05:54", 577, 577, 289),("2022-02-17 11:42:46", "062212194138", "2022-02-17 14:06:46", 578, 578, 289),("2022-01-11 15:38:32", "006214105252", "2022-01-11 16:23:32", 579, 579, 290),("2023-09-29 10:45:37", "053130175148", "2023-09-29 13:19:37", 580, 580, 290),("2022-07-21 07:07:44", "093243001105", "2022-07-21 10:15:44", 581, 581, 291),("2023-09-02 01:36:59", "004161124175", "2023-09-02 03:45:59", 582, 582, 291),("2022-07-02 17:03:34", "096027250219", "2022-07-02 19:42:34", 583, 583, 292),("2023-12-06 02:37:22", "072174096250", "2023-12-06 05:07:22", 584, 584, 292),("2023-02-02 14:17:02", "034089029025", "2023-02-02 16:43:02", 585, 585, 293),("2023-05-08 03:58:13", "025033166232", "2023-05-08 06:16:13", 586, 586, 293),("2022-06-28 17:32:25", "085198057142", "2022-06-28 19:55:25", 587, 587, 294),("2023-10-17 00:10:27", "014040114005", "2023-10-17 02:35:27", 588, 588, 294),("2022-04-14 03:02:28", "087019154171", "2022-04-14 06:16:28", 589, 589, 295),("2022-01-07 10:54:27", "033155209176", "2022-01-07 13:47:27", 590, 590, 295),("2022-06-30 08:59:55", "072059063202", "2022-06-30 11:53:55", 591, 591, 296),("2023-08-12 05:26:30", "061249074222", "2023-08-12 08:54:30", 592, 592, 296),("2022-05-03 03:10:39", "071078120129", "2022-05-03 05:43:39", 593, 593, 297),("2022-09-14 06:33:31", "013029090123", "2022-09-14 09:27:31", 594, 594, 297),("2022-07-12 21:42:05", "069079056111", "2022-07-12 23:26:05", 595, 595, 298),("2022-11-25 16:07:02", "069055069083", "2022-11-25 18:19:02", 596, 596, 298),("2023-05-13 14:11:19", "056052061188", "2023-05-13 16:23:19", 597, 597, 299),("2023-09-04 22:49:27", "035226053005", "2023-09-05 00:56:27", 598, 598, 299),("2023-03-01 21:18:58", "068143069076", "2023-03-02 00:25:58", 599, 599, 300),("2022-06-20 09:35:08", "006037245226", "2022-06-20 11:54:08", 600, 600, 300), 
("2023-08-28 22:20:33", "032006214096", "2023-08-29 00:34:33", 601, 601, 301),("2023-09-02 18:29:04", "073091132072", "2023-09-02 21:10:04", 602, 602, 301),("2023-03-31 08:24:46", "044033076146", "2023-03-31 11:32:46", 603, 603, 302),("2022-09-28 17:57:08", "073081197187", "2022-09-28 20:29:08", 604, 604, 302),("2022-04-04 18:09:44", "062102182153", "2022-04-04 20:31:44", 605, 605, 303),("2023-03-01 13:32:52", "092244249252", "2023-03-01 16:26:52", 606, 606, 303),("2022-12-05 08:48:36", "036167237173", "2022-12-05 11:51:36", 607, 607, 304),("2023-05-11 05:38:08", "062171152121", "2023-05-11 08:56:08", 608, 608, 304),("2023-06-09 19:44:19", "026045058132", "2023-06-09 22:00:19", 609, 609, 305),("2023-12-18 06:45:30", "007089243017", "2023-12-18 09:49:30", 610, 610, 305),("2022-02-01 11:31:56", "054213212128", "2022-02-01 14:30:56", 611, 611, 306),("2023-03-24 16:55:20", "031156069007", "2023-03-24 19:15:20", 612, 612, 306),("2022-03-22 04:54:34", "089034158056", "2022-03-22 07:42:34", 613, 613, 307),("2022-04-14 23:45:04", "040216153250", "2022-04-15 02:02:04", 614, 614, 307),("2022-01-08 13:38:33", "017134193002", "2022-01-08 16:06:33", 615, 615, 308),("2023-06-13 20:26:59", "029200250187", "2023-06-13 22:21:59", 616, 616, 308),("2023-02-21 09:39:06", "033110034097", "2023-02-21 11:24:06", 617, 617, 309),("2023-09-16 01:10:57", "100189172236", "2023-09-16 10:26:57", 618, 618, 309),("2022-07-25 14:06:57", "041055139103", "2022-07-25 16:22:57", 619, 619, 310),("2023-04-13 21:37:05", "092062205196", "2023-04-14 00:50:05", 620, 620, 310),("2022-03-07 10:44:59", "091009214113", "2022-03-07 13:23:59", 621, 621, 311),("2023-02-15 19:59:22", "038194052099", "2023-02-15 21:40:22", 622, 622, 311),("2023-03-11 03:57:09", "031160148072", "2023-03-11 05:40:09", 623, 623, 312),("2023-03-23 23:02:50", "009026015244", "2023-03-24 01:56:50", 624, 624, 312),("2022-01-27 04:27:24", "043002065197", "2022-01-27 08:00:24", 625, 625, 313),("2022-11-07 03:23:57", "022129070176", "2022-11-07 05:57:57", 626, 626, 313),("2023-06-19 10:03:05", "084070044191", "2023-06-19 11:57:05", 627, 627, 314),("2023-10-17 17:09:43", "090165207020", "2023-10-17 19:01:43", 628, 628, 314),("2022-12-29 17:47:01", "062142069161", "2022-12-29 20:24:01", 629, 629, 315),("2022-01-12 00:43:16", "052099193047", "2022-01-12 02:58:16", 630, 630, 315),("2023-03-19 00:04:27", "098123169032", "2023-03-19 01:50:27", 631, 631, 316),("2023-09-21 02:15:04", "040159216115", "2023-09-21 04:23:04", 632, 632, 316),("2023-04-13 18:11:03", "067038248099", "2023-04-13 20:29:03", 633, 633, 317),("2023-09-07 16:32:13", "041188201129", "2023-09-07 18:37:13", 634, 634, 317),("2023-03-20 07:43:17", "079080191010", "2023-03-20 09:45:17", 635, 635, 318),("2022-10-16 18:27:42", "025007139072", "2022-10-16 21:53:42", 636, 636, 318),("2022-06-02 17:45:56", "057173063143", "2022-06-02 19:38:56", 637, 637, 319),("2022-01-11 01:54:36", "017038227047", "2022-01-11 05:10:36", 638, 638, 319),("2022-01-13 05:08:14", "027154173250", "2022-01-13 05:45:14", 639, 639, 320),("2023-07-14 06:42:26", "059017145013", "2023-07-14 08:50:26", 640, 640, 320),("2023-09-09 06:13:34", "052230236070", "2023-09-09 09:41:34", 641, 641, 321),("2023-02-16 21:06:43", "094172244125", "2023-02-16 23:53:43", 642, 642, 321),("2022-05-04 04:26:28", "026083002242", "2022-05-04 07:06:28", 643, 643, 322),("2023-12-29 19:20:51", "082006109130", "2023-12-29 21:25:51", 644, 644, 322),("2023-03-06 14:21:09", "084069041210", "2023-03-06 16:50:09", 645, 645, 323),("2023-07-07 04:14:20", "029227158012", "2023-07-07 07:48:20", 646, 646, 323),("2022-08-22 09:02:00", "005152244058", "2022-08-22 09:27:00", 647, 647, 324),("2022-01-19 01:15:50", "033087235188", "2022-01-19 03:52:50", 648, 648, 324),("2023-07-31 16:30:24", "086004081079", "2023-07-31 18:41:24", 649, 649, 325),("2022-03-11 06:27:57", "049057168000", "2022-03-11 09:04:57", 650, 650, 325), 
("2023-03-02 17:48:30", "065206119025", "2023-03-02 19:42:30", 651, 651, 326),("2022-12-19 12:11:07", "051130156101", "2022-12-19 12:47:07", 652, 652, 326),("2023-09-29 16:56:28", "077074083168", "2023-09-29 19:32:28", 653, 653, 327),("2023-06-18 16:19:00", "024154208036", "2023-06-18 18:45:00", 654, 654, 327),("2022-04-06 00:14:23", "077142136201", "2022-04-06 03:03:23", 655, 655, 328),("2023-07-27 17:37:08", "093228240100", "2023-07-27 19:51:08", 656, 656, 328),("2023-02-26 21:11:26", "065199059224", "2023-02-26 23:50:26", 657, 657, 329),("2022-03-25 05:37:24", "098052067182", "2022-03-25 08:04:24", 658, 658, 329),("2023-02-17 15:28:48", "093074002091", "2023-02-17 17:51:48", 659, 659, 330),("2022-02-16 11:39:51", "090051208096", "2022-02-16 14:35:51", 660, 660, 330),("2023-07-10 22:17:57", "015187035085", "2023-07-11 01:43:57", 661, 661, 331),("2023-09-26 02:37:31", "004203218064", "2023-09-26 12:00:31", 662, 662, 331),("2023-06-30 04:12:29", "011018185251", "2023-06-30 06:49:29", 663, 663, 332),("2022-10-17 20:08:55", "011151206216", "2022-10-17 22:24:55", 664, 664, 332),("2022-06-30 12:58:48", "015124170113", "2022-06-30 14:44:48", 665, 665, 333),("2023-11-28 05:06:04", "060135109049", "2023-11-28 08:06:04", 666, 666, 333),("2023-08-31 19:12:06", "029229080216", "2023-08-31 21:14:06", 667, 667, 334),("2022-12-04 10:37:27", "028238180113", "2022-12-04 12:40:27", 668, 668, 334),("2023-09-29 12:03:08", "050249233174", "2023-09-29 13:40:08", 669, 669, 335),("2022-04-29 18:49:29", "073077160035", "2022-04-29 20:40:29", 670, 670, 335),("2023-05-13 05:40:23", "009190062062", "2023-05-13 07:30:23", 671, 671, 336),("2023-05-23 01:53:15", "083002072202", "2023-05-23 04:01:15", 672, 672, 336),("2023-04-22 12:49:53", "083245129196", "2023-04-22 15:37:53", 673, 673, 337),("2022-05-24 16:56:47", "050134017133", "2022-05-24 19:53:47", 674, 674, 337),("2022-07-07 23:54:16", "032007106176", "2022-07-08 03:13:16", 675, 675, 338),("2022-01-17 22:18:45", "042115236124", "2022-01-18 00:40:45", 676, 676, 338),("2022-06-14 17:22:09", "055131204236", "2022-06-14 20:00:09", 677, 677, 339),("2022-04-07 14:04:15", "005064063173", "2022-04-07 16:29:15", 678, 678, 339),("2022-04-13 19:26:51", "011242224250", "2022-04-13 22:00:51", 679, 679, 340),("2023-07-17 02:12:45", "040031084201", "2023-07-17 05:15:45", 680, 680, 340),("2023-11-30 16:33:24", "018237000046", "2023-11-30 18:25:24", 681, 681, 341),("2022-07-17 00:50:29", "096117087092", "2022-07-17 04:44:29", 682, 682, 341),("2022-03-28 09:32:12", "011228018065", "2022-03-28 11:40:12", 683, 683, 342),("2023-03-19 22:16:01", "030160037182", "2023-03-20 00:36:01", 684, 684, 342),("2023-05-17 01:56:37", "100111172254", "2023-05-17 04:54:37", 685, 685, 343),("2022-08-20 18:01:14", "045208025123", "2022-08-20 20:26:14", 686, 686, 343),("2023-04-04 15:42:42", "077140103086", "2023-04-04 17:56:42", 687, 687, 344),("2023-11-28 03:01:00", "052009235019", "2023-11-28 05:41:00", 688, 688, 344),("2023-09-19 20:04:30", "080221002067", "2023-09-19 22:30:30", 689, 689, 345),("2022-05-18 18:19:36", "097048104142", "2022-05-18 21:38:36", 690, 690, 345),("2022-05-14 06:52:09", "088058142160", "2022-05-14 10:24:09", 691, 691, 346),("2023-08-13 04:47:01", "055152021144", "2023-08-13 07:12:01", 692, 692, 346),("2022-12-19 18:24:47", "015183047242", "2022-12-19 20:54:47", 693, 693, 347),("2022-03-13 05:25:07", "022106154006", "2022-03-13 07:29:07", 694, 694, 347),("2023-04-28 05:28:24", "077240083156", "2023-04-28 08:23:24", 695, 695, 348),("2022-03-21 01:30:21", "080085013177", "2022-03-21 05:18:21", 696, 696, 348),("2022-01-13 00:06:57", "003203187177", "2022-01-13 02:17:57", 697, 697, 349),("2023-03-09 06:26:46", "090105092061", "2023-03-09 08:48:46", 698, 698, 349),("2023-05-08 02:06:21", "041173051200", "2023-05-08 04:29:21", 699, 699, 350),("2022-03-01 04:20:20", "060254160184", "2022-03-01 06:57:20", 700, 700, 350), 
("2023-09-17 14:38:40", "075165082182", "2023-09-17 16:41:40", 701, 701, 351),("2023-02-19 04:12:57", "032122169255", "2023-02-19 06:30:57", 702, 702, 351),("2023-06-28 17:46:06", "065108034255", "2023-06-28 20:30:06", 703, 703, 352),("2022-07-31 02:46:52", "013089248069", "2022-07-31 05:12:52", 704, 704, 352),("2023-07-06 23:49:55", "035008121250", "2023-07-07 02:07:55", 705, 705, 353),("2022-07-08 04:03:06", "086073108192", "2022-07-08 06:09:06", 706, 706, 353),("2023-04-10 16:53:01", "070212139089", "2023-04-10 19:41:01", 707, 707, 354),("2022-07-09 05:36:11", "050206142181", "2022-07-09 08:22:11", 708, 708, 354),("2023-09-16 13:20:15", "047061213079", "2023-09-16 15:28:15", 709, 709, 355),("2023-05-30 13:42:25", "044165115214", "2023-05-30 17:31:25", 710, 710, 355),("2023-05-10 14:55:52", "093192195197", "2023-05-10 16:41:52", 711, 711, 356),("2023-05-19 17:12:25", "099211067046", "2023-05-19 19:14:25", 712, 712, 356),("2023-11-16 03:34:54", "086063042143", "2023-11-16 05:32:54", 713, 713, 357),("2022-12-29 07:00:07", "086087114160", "2022-12-29 10:18:07", 714, 714, 357),("2022-06-05 05:38:10", "093171107217", "2022-06-05 08:12:10", 715, 715, 358),("2022-06-01 06:12:21", "095021154204", "2022-06-01 08:54:21", 716, 716, 358),("2022-06-10 03:28:10", "030023145106", "2022-06-10 06:06:10", 717, 717, 359),("2022-01-04 19:23:59", "005185055093", "2022-01-04 21:53:59", 718, 718, 359),("2022-04-17 10:12:09", "085196040096", "2022-04-17 12:44:09", 719, 719, 360),("2022-07-30 00:35:33", "016161237089", "2022-07-30 03:03:33", 720, 720, 360),("2023-10-27 11:43:33", "090004051159", "2023-10-27 14:11:33", 721, 721, 361),("2022-12-30 05:32:52", "083021039246", "2022-12-30 08:50:52", 722, 722, 361),("2023-10-02 04:17:45", "083139111152", "2023-10-02 06:54:45", 723, 723, 362),("2023-07-06 10:10:18", "075180055210", "2023-07-06 12:50:18", 724, 724, 362),("2022-07-18 14:25:09", "030038120015", "2022-07-18 17:57:09", 725, 725, 363),("2023-08-31 01:05:00", "064059214179", "2023-08-31 03:22:00", 726, 726, 363),("2022-01-21 20:30:54", "004158215090", "2022-01-21 22:09:54", 727, 727, 364),("2022-08-04 23:53:37", "068168033110", "2022-08-05 02:48:37", 728, 728, 364),("2022-01-01 22:55:51", "011113026188", "2022-01-02 01:17:51", 729, 729, 365),("2022-06-04 03:46:19", "024071050097", "2022-06-04 04:41:19", 730, 730, 365),("2022-07-27 02:35:20", "022110023164", "2022-07-27 05:13:20", 731, 731, 366),("2022-11-15 13:12:45", "095201097190", "2022-11-15 13:55:45", 732, 732, 366),("2022-05-25 06:06:19", "020123157128", "2022-05-25 08:32:19", 733, 733, 367),("2023-04-01 13:48:02", "072158185089", "2023-04-01 17:12:02", 734, 734, 367),("2023-05-03 07:15:45", "003082109123", "2023-05-03 09:48:45", 735, 735, 368),("2023-10-04 17:51:57", "031055134252", "2023-10-04 20:43:57", 736, 736, 368),("2023-05-08 17:18:19", "071197219118", "2023-05-08 20:36:19", 737, 737, 369),("2023-11-03 14:29:09", "054011088240", "2023-11-03 16:21:09", 738, 738, 369),("2022-06-25 21:29:38", "079169117251", "2022-06-25 23:38:38", 739, 739, 370),("2023-07-17 17:29:57", "046189154079", "2023-07-17 19:43:57", 740, 740, 370),("2023-07-14 20:14:10", "050219174117", "2023-07-14 23:41:10", 741, 741, 371),("2023-03-05 01:46:52", "066200229054", "2023-03-05 03:56:52", 742, 742, 371),("2022-03-06 20:24:24", "034028108180", "2022-03-06 22:50:24", 743, 743, 372),("2023-05-19 10:33:40", "061042023106", "2023-05-19 13:34:40", 744, 744, 372),("2022-03-04 18:11:28", "100217220167", "2022-03-04 21:55:28", 745, 745, 373),("2022-02-03 12:50:30", "067203084081", "2022-02-03 15:11:30", 746, 746, 373),("2022-12-11 14:46:18", "054222099060", "2022-12-11 17:14:18", 747, 747, 374),("2022-09-03 05:54:12", "062040109049", "2022-09-03 09:55:12", 748, 748, 374),("2023-09-10 00:41:46", "057213139031", "2023-09-10 03:29:46", 749, 749, 375),("2022-08-19 18:03:21", "062062145165", "2022-08-19 21:38:21", 750, 750, 375), 
("2022-10-23 10:54:23", "063235104247", "2022-10-23 12:52:23", 751, 751, 376),("2024-01-25 18:24:08", "096121017247", "2024-01-25 21:29:08", 752, 752, 376),("2023-01-15 17:12:33", "045198012226", "2023-01-15 19:00:33", 753, 753, 377),("2023-08-02 17:14:47", "072232069070", "2023-08-02 19:35:47", 754, 754, 377),("2022-07-12 17:56:33", "035083254067", "2022-07-12 21:43:33", 755, 755, 378),("2022-05-25 18:02:48", "081021107021", "2022-05-25 20:40:48", 756, 756, 378),("2023-12-11 21:32:49", "001025189170", "2023-12-12 00:59:49", 757, 757, 379),("2022-12-12 08:53:17", "012182197014", "2022-12-12 11:47:17", 758, 758, 379),("2023-07-17 08:25:38", "087136118010", "2023-07-17 10:57:38", 759, 759, 380),("2022-09-03 00:04:48", "095061096171", "2022-09-03 02:16:48", 760, 760, 380),("2023-12-14 23:28:42", "034138020079", "2023-12-15 01:48:42", 761, 761, 381),("2023-11-14 06:53:22", "026185202128", "2023-11-14 09:18:22", 762, 762, 381),("2023-11-17 09:50:07", "036011099222", "2023-11-17 12:20:07", 763, 763, 382),("2023-10-12 21:09:00", "050146012087", "2023-10-12 23:52:00", 764, 764, 382),("2022-09-07 15:28:00", "011151044226", "2022-09-07 18:29:00", 765, 765, 383),("2023-06-02 07:51:04", "051024151065", "2023-06-02 10:25:04", 766, 766, 383),("2023-11-21 16:35:27", "082161128129", "2023-11-21 19:49:27", 767, 767, 384),("2023-05-05 22:17:28", "098237065139", "2023-05-06 00:58:28", 768, 768, 384),("2023-10-07 13:47:44", "061080010186", "2023-10-07 16:47:44", 769, 769, 385),("2023-08-14 09:56:23", "049093112244", "2023-08-14 11:56:23", 770, 770, 385),("2023-04-03 08:24:09", "090035192205", "2023-04-03 10:44:09", 771, 771, 386),("2023-03-03 04:08:27", "033182019017", "2023-03-03 06:11:27", 772, 772, 386),("2022-07-14 11:51:09", "073117031182", "2022-07-14 13:55:09", 773, 773, 387),("2023-05-02 16:17:08", "070237231220", "2023-05-02 19:47:08", 774, 774, 387),("2022-09-19 12:13:23", "023150059176", "2022-09-19 14:50:23", 775, 775, 388),("2023-11-17 01:35:46", "036244062087", "2023-11-17 03:42:46", 776, 776, 388),("2022-03-08 12:26:43", "072039044148", "2022-03-08 14:43:43", 777, 777, 389),("2022-03-03 16:04:27", "090199214229", "2022-03-03 18:44:27", 778, 778, 389),("2022-01-01 01:42:00", "099212125222", "2022-01-01 03:56:00", 779, 779, 390),("2023-12-13 17:47:29", "067125067078", "2023-12-13 20:07:29", 780, 780, 390),("2024-01-04 19:32:04", "051112214038", "2024-01-04 21:16:04", 781, 781, 391),("2022-02-19 14:49:21", "073094056227", "2022-02-19 17:02:21", 782, 782, 391),("2022-02-12 00:57:07", "024031127068", "2022-02-12 02:52:07", 783, 783, 392),("2023-12-09 09:31:25", "044252224099", "2023-12-09 12:42:25", 784, 784, 392),("2023-09-23 13:22:27", "009185123046", "2023-09-23 16:50:27", 785, 785, 393),("2022-03-11 12:46:03", "071147025207", "2022-03-11 15:38:03", 786, 786, 393),("2022-05-06 01:00:06", "027137015022", "2022-05-06 03:21:06", 787, 787, 394),("2023-04-08 16:29:24", "014251145224", "2023-04-08 19:12:24", 788, 788, 394),("2022-09-23 04:09:00", "022151229004", "2022-09-23 06:43:00", 789, 789, 395),("2024-01-20 00:57:58", "027046135233", "2024-01-20 03:31:58", 790, 790, 395),("2022-06-13 09:06:29", "080037090121", "2022-06-13 11:27:29", 791, 791, 396),("2022-09-17 23:32:41", "086231209087", "2022-09-18 01:30:41", 792, 792, 396),("2024-01-20 08:35:30", "065213002160", "2024-01-20 10:46:30", 793, 793, 397),("2022-09-16 23:58:47", "036029154171", "2022-09-17 03:12:47", 794, 794, 397),("2023-12-21 14:18:45", "075028078152", "2023-12-21 16:45:45", 795, 795, 398),("2023-02-25 03:38:20", "050250250224", "2023-02-25 06:42:20", 796, 796, 398),("2022-12-12 11:44:48", "100096167147", "2022-12-12 14:17:48", 797, 797, 399),("2023-12-18 18:21:20", "096041170026", "2023-12-18 21:43:20", 798, 798, 399),("2023-07-31 19:28:58", "063030027236", "2023-07-31 22:09:58", 799, 799, 400),("2023-11-18 05:40:41", "006253212080", "2023-11-18 07:27:41", 800, 800, 400), 
("2022-01-14 15:47:27", "011236067022", "2022-01-14 17:44:27", 801, 801, 401),("2023-06-24 12:13:26", "007156028245", "2023-06-24 14:05:26", 802, 802, 401),("2023-03-15 22:11:52", "049071159166", "2023-03-16 00:12:52", 803, 803, 402),("2022-12-01 14:20:24", "044188201101", "2022-12-01 17:30:24", 804, 804, 402),("2022-02-15 06:08:48", "029018016239", "2022-02-15 08:23:48", 805, 805, 403),("2024-01-21 23:00:25", "027225021192", "2024-01-22 01:47:25", 806, 806, 403),("2022-01-28 14:14:12", "047178056192", "2022-01-28 16:30:12", 807, 807, 404),("2022-03-31 12:31:08", "025237122006", "2022-03-31 14:30:08", 808, 808, 404),("2023-02-22 18:18:18", "028190048177", "2023-02-22 20:09:18", 809, 809, 405),("2023-04-27 01:27:30", "082228228118", "2023-04-27 04:38:30", 810, 810, 405),("2022-11-23 17:23:35", "002021206066", "2022-11-23 20:38:35", 811, 811, 406),("2023-04-19 09:53:24", "004077012118", "2023-04-19 11:33:24", 812, 812, 406),("2022-08-15 08:19:10", "068021127107", "2022-08-15 10:50:10", 813, 813, 407),("2022-06-29 06:17:48", "081039110078", "2022-06-29 08:56:48", 814, 814, 407),("2022-01-15 15:13:26", "051141149138", "2022-01-15 17:33:26", 815, 815, 408),("2023-03-03 03:16:14", "047081181022", "2023-03-03 05:25:14", 816, 816, 408),("2023-06-15 13:31:57", "005105159048", "2023-06-15 16:18:57", 817, 817, 409),("2023-05-28 01:40:06", "067167173201", "2023-05-28 04:51:06", 818, 818, 409),("2022-07-10 01:28:32", "041085078228", "2022-07-10 03:34:32", 819, 819, 410),("2022-12-31 08:42:45", "034063189237", "2022-12-31 10:38:45", 820, 820, 410),("2023-10-24 10:23:23", "015242170010", "2023-10-24 13:13:23", 821, 821, 411),("2024-01-10 01:27:03", "006009102214", "2024-01-10 03:19:03", 822, 822, 411),("2023-08-12 09:31:26", "028023253085", "2023-08-12 12:41:26", 823, 823, 412),("2023-11-10 11:25:57", "013138178192", "2023-11-10 14:19:57", 824, 824, 412),("2022-04-05 10:28:06", "092021252237", "2022-04-05 12:35:06", 825, 825, 413),("2023-07-19 01:55:42", "008043068201", "2023-07-19 04:42:42", 826, 826, 413),("2022-05-20 00:56:16", "100079055098", "2022-05-20 03:12:16", 827, 827, 414),("2023-04-12 19:22:16", "046231250065", "2023-04-12 21:27:16", 828, 828, 414),("2022-08-19 19:48:05", "075129216226", "2022-08-19 22:01:05", 829, 829, 415),("2023-08-31 12:15:23", "012217095113", "2023-08-31 15:10:23", 830, 830, 415),("2022-09-29 13:44:24", "015146209007", "2022-09-29 16:29:24", 831, 831, 416),("2022-04-16 14:31:09", "065157017126", "2022-04-16 18:55:09", 832, 832, 416),("2023-10-17 18:52:58", "017095014090", "2023-10-17 21:24:58", 833, 833, 417),("2022-10-19 12:14:53", "025098117091", "2022-10-19 14:35:53", 834, 834, 417),("2022-06-29 05:07:48", "095107029226", "2022-06-29 07:06:48", 835, 835, 418),("2023-06-15 10:43:12", "082102063194", "2023-06-15 12:56:12", 836, 836, 418),("2023-05-31 11:21:28", "042106237156", "2023-05-31 13:15:28", 837, 837, 419),("2022-03-14 22:23:13", "030033184157", "2022-03-15 02:45:13", 838, 838, 419),("2023-04-29 10:13:10", "067221175215", "2023-04-29 19:18:10", 839, 839, 420),("2023-01-19 07:59:05", "070236254154", "2023-01-19 09:59:05", 840, 840, 420),("2022-12-01 11:28:38", "005122175120", "2022-12-01 13:25:38", 841, 841, 421),("2023-06-07 07:48:37", "063098085206", "2023-06-07 11:26:37", 842, 842, 421),("2022-04-02 20:10:52", "035251200070", "2022-04-02 23:12:52", 843, 843, 422),("2023-09-16 07:48:06", "005245077072", "2023-09-16 10:08:06", 844, 844, 422),("2023-09-24 10:01:49", "056118245022", "2023-09-24 11:32:49", 845, 845, 423),("2022-06-29 08:45:59", "069120225205", "2022-06-29 10:57:59", 846, 846, 423),("2023-11-15 20:14:49", "029055227079", "2023-11-16 00:05:49", 847, 847, 424),("2023-09-21 02:40:30", "008060100032", "2023-09-21 04:49:30", 848, 848, 424),("2022-11-23 18:43:07", "035090123036", "2022-11-23 20:51:07", 849, 849, 425),("2023-07-02 17:52:01", "079184234079", "2023-07-02 20:17:01", 850, 850, 425), 
("2023-05-16 01:49:15", "006151227096", "2023-05-16 04:30:15", 851, 851, 426),("2023-07-19 13:53:18", "016186048076", "2023-07-19 17:27:18", 852, 852, 426),("2023-08-25 05:17:10", "075026136114", "2023-08-25 07:58:10", 853, 853, 427),("2023-10-26 20:19:36", "040039065048", "2023-10-26 22:52:36", 854, 854, 427),("2022-12-12 16:19:56", "018102169056", "2022-12-12 19:35:56", 855, 855, 428),("2023-07-29 00:43:40", "026255208189", "2023-07-29 03:39:40", 856, 856, 428),("2023-12-12 17:37:59", "013115070073", "2023-12-12 21:16:59", 857, 857, 429),("2022-05-18 15:22:24", "013115063041", "2022-05-18 17:43:24", 858, 858, 429),("2023-03-22 17:48:51", "056157252226", "2023-03-22 20:51:51", 859, 859, 430),("2023-10-16 02:40:56", "048137199107", "2023-10-16 05:47:56", 860, 860, 430),("2023-04-03 07:55:39", "002063242149", "2023-04-03 11:41:39", 861, 861, 431),("2022-11-21 02:34:04", "085093133127", "2022-11-21 05:21:04", 862, 862, 431),("2022-07-22 02:26:24", "031103165245", "2022-07-22 06:35:24", 863, 863, 432),("2022-06-23 22:36:44", "057146128152", "2022-06-24 00:58:44", 864, 864, 432),("2022-10-31 00:00:52", "094182023098", "2022-10-31 02:54:52", 865, 865, 433),("2024-01-20 09:59:54", "023096237135", "2024-01-20 12:38:54", 866, 866, 433),("2024-01-20 12:27:11", "044226106160", "2024-01-20 14:57:11", 867, 867, 434),("2023-04-03 14:37:56", "009170054083", "2023-04-03 17:04:56", 868, 868, 434),("2022-05-26 02:04:54", "010216100110", "2022-05-26 04:43:54", 869, 869, 435),("2022-04-21 00:07:25", "027101180196", "2022-04-21 02:58:25", 870, 870, 435),("2023-12-06 07:50:45", "015076079149", "2023-12-06 10:02:45", 871, 871, 436),("2022-08-27 21:52:39", "090140040079", "2022-08-27 23:37:39", 872, 872, 436),("2023-12-21 15:03:54", "079064077142", "2023-12-21 16:51:54", 873, 873, 437),("2022-06-16 08:09:15", "092097073211", "2022-06-16 10:06:15", 874, 874, 437),("2023-02-10 21:55:11", "082133164089", "2023-02-11 00:04:11", 875, 875, 438),("2023-05-11 16:11:40", "045214177116", "2023-05-11 19:08:40", 876, 876, 438),("2022-07-27 05:30:54", "002157251004", "2022-07-27 08:05:54", 877, 877, 439),("2022-08-02 06:13:19", "079060111184", "2022-08-02 09:14:19", 878, 878, 439),("2022-05-12 02:59:44", "052204230241", "2022-05-12 04:39:44", 879, 879, 440),("2023-03-16 04:46:41", "010189032135", "2023-03-16 07:02:41", 880, 880, 440),("2023-09-20 01:28:43", "070103090037", "2023-09-20 03:22:43", 881, 881, 441),("2023-09-28 07:09:43", "073239140130", "2023-09-28 10:05:43", 882, 882, 441),("2024-01-26 08:23:53", "009240180090", "2024-01-26 10:31:53", 883, 883, 442),("2022-01-12 08:06:04", "100253142011", "2022-01-12 10:20:04", 884, 884, 442),("2022-03-19 12:30:02", "076000095029", "2022-03-19 14:33:02", 885, 885, 443),("2023-07-11 03:32:10", "007134051237", "2023-07-11 06:26:10", 886, 886, 443),("2023-03-03 14:15:39", "083160058185", "2023-03-03 16:54:39", 887, 887, 444),("2023-09-08 09:57:00", "065213115117", "2023-09-08 12:03:00", 888, 888, 444),("2023-03-04 22:33:42", "052230105116", "2023-03-05 00:42:42", 889, 889, 445),("2023-04-05 01:55:46", "004076131113", "2023-04-05 03:47:46", 890, 890, 445),("2023-12-23 16:03:50", "035141121158", "2023-12-23 17:43:50", 891, 891, 446),("2023-02-25 22:29:08", "074201045149", "2023-02-26 00:57:08", 892, 892, 446),("2022-10-29 02:37:23", "089065156212", "2022-10-29 04:51:23", 893, 893, 447),("2022-07-20 13:20:53", "039039037047", "2022-07-20 16:47:53", 894, 894, 447),("2023-01-21 18:03:52", "001109147019", "2023-01-21 20:56:52", 895, 895, 448),("2023-07-09 11:52:01", "059199114036", "2023-07-09 15:17:01", 896, 896, 448),("2023-01-08 23:20:56", "078136007131", "2023-01-09 01:55:56", 897, 897, 449),("2023-01-21 20:52:53", "026233112045", "2023-01-22 00:01:53", 898, 898, 449),("2022-05-15 15:07:50", "064237232136", "2022-05-15 17:56:50", 899, 899, 450),("2023-12-22 07:10:46", "065198046217", "2023-12-22 09:28:46", 900, 900, 450), 
("2022-05-28 03:14:46", "019143062043", "2022-05-28 06:47:46", 901, 901, 451),("2022-12-10 19:11:17", "087065203184", "2022-12-10 22:17:17", 902, 902, 451),("2022-07-20 04:42:29", "068105023012", "2022-07-20 06:43:29", 903, 903, 452),("2023-01-22 09:02:06", "016008054002", "2023-01-22 11:08:06", 904, 904, 452),("2022-08-17 00:45:34", "003253120189", "2022-08-17 03:24:34", 905, 905, 453),("2022-04-12 16:15:17", "014241114171", "2022-04-12 18:57:17", 906, 906, 453),("2023-12-16 11:43:49", "018254166236", "2023-12-16 13:59:49", 907, 907, 454),("2023-02-28 10:10:32", "030092100145", "2023-02-28 12:31:32", 908, 908, 454),("2023-09-29 00:55:58", "033242152251", "2023-09-29 03:41:58", 909, 909, 455),("2023-07-19 21:06:40", "056235165017", "2023-07-19 22:48:40", 910, 910, 455),("2022-11-01 03:13:12", "004068023098", "2022-11-01 04:00:12", 911, 911, 456),("2022-04-20 20:30:12", "059049017122", "2022-04-20 22:43:12", 912, 912, 456),("2022-08-01 23:28:39", "029100070095", "2022-08-02 01:56:39", 913, 913, 457),("2023-07-21 19:21:46", "078245128005", "2023-07-21 23:22:46", 914, 914, 457),("2022-10-23 16:53:59", "062117149032", "2022-10-23 19:02:59", 915, 915, 458),("2023-11-21 17:34:07", "012054164041", "2023-11-21 20:30:07", 916, 916, 458),("2023-09-28 01:57:07", "036075073157", "2023-09-28 04:24:07", 917, 917, 459),("2022-12-29 16:00:21", "063235020094", "2022-12-29 18:03:21", 918, 918, 459),("2023-11-23 06:02:57", "086164106251", "2023-11-23 08:57:57", 919, 919, 460),("2022-05-18 00:49:12", "026073039121", "2022-05-18 03:09:12", 920, 920, 460),("2022-09-14 23:53:48", "065069212146", "2022-09-15 01:29:48", 921, 921, 461),("2023-06-01 06:49:29", "007047172144", "2023-06-01 09:08:29", 922, 922, 461),("2024-01-16 20:27:49", "098235179117", "2024-01-16 22:31:49", 923, 923, 462),("2022-08-09 12:42:01", "066080071031", "2022-08-09 15:08:01", 924, 924, 462),("2022-05-10 22:41:37", "073237143076", "2022-05-11 00:38:37", 925, 925, 463),("2022-03-14 19:17:14", "067218167236", "2022-03-14 23:07:14", 926, 926, 463),("2023-01-22 11:14:30", "021134110207", "2023-01-22 13:35:30", 927, 927, 464),("2022-01-19 02:40:07", "059227106131", "2022-01-19 04:58:07", 928, 928, 464),("2023-05-14 17:40:31", "087248184141", "2023-05-14 20:52:31", 929, 929, 465),("2023-08-05 08:38:38", "001014084255", "2023-08-05 12:11:38", 930, 930, 465),("2023-03-14 23:24:03", "084247108015", "2023-03-15 02:05:03", 931, 931, 466),("2023-09-01 19:54:28", "081255013112", "2023-09-01 23:34:28", 932, 932, 466),("2022-01-21 18:29:04", "068244055215", "2022-01-21 20:25:04", 933, 933, 467),("2023-05-31 10:27:56", "096249132254", "2023-05-31 12:45:56", 934, 934, 467),("2023-02-17 20:35:19", "068039221081", "2023-02-17 22:31:19", 935, 935, 468),("2023-09-06 16:58:34", "055064216076", "2023-09-06 20:32:34", 936, 936, 468),("2023-02-13 03:31:39", "093150027027", "2023-02-13 06:47:39", 937, 937, 469),("2023-06-08 12:49:05", "087241007140", "2023-06-08 16:06:05", 938, 938, 469),("2023-04-16 05:30:27", "018228247074", "2023-04-16 07:37:27", 939, 939, 470),("2022-05-28 12:06:47", "088066191217", "2022-05-28 15:05:47", 940, 940, 470),("2024-01-03 02:19:15", "047017122056", "2024-01-03 04:40:15", 941, 941, 471),("2022-07-09 02:09:01", "054213031172", "2022-07-09 04:40:01", 942, 942, 471),("2023-01-22 02:52:51", "051179161181", "2023-01-22 06:30:51", 943, 943, 472),("2023-11-06 11:23:17", "015219235242", "2023-11-06 13:07:17", 944, 944, 472),("2022-02-08 13:03:06", "015010195157", "2022-02-08 16:24:06", 945, 945, 473),("2023-07-12 01:58:30", "067242143074", "2023-07-12 03:59:30", 946, 946, 473),("2023-02-20 18:37:04", "059163073091", "2023-02-20 20:34:04", 947, 947, 474),("2022-11-06 18:40:13", "082181025050", "2022-11-06 21:12:13", 948, 948, 474),("2022-02-21 00:29:58", "068198154216", "2022-02-21 02:16:58", 949, 949, 475),("2023-08-06 21:05:49", "021028095131", "2023-08-06 23:17:49", 950, 950, 475), 
("2024-01-18 01:41:34", "088224251217", "2024-01-18 04:50:34", 951, 951, 476),("2023-11-28 00:59:07", "013091132023", "2023-11-28 04:12:07", 952, 952, 476),("2023-11-25 20:09:24", "080187116247", "2023-11-25 22:32:24", 953, 953, 477),("2023-08-28 21:05:49", "068110220227", "2023-08-28 23:59:49", 954, 954, 477),("2022-06-13 21:34:30", "068019088232", "2022-06-13 23:47:30", 955, 955, 478),("2022-04-21 02:11:45", "081068046195", "2022-04-21 04:09:45", 956, 956, 478),("2022-01-06 02:07:27", "093243144116", "2022-01-06 04:33:27", 957, 957, 479),("2022-08-05 15:53:22", "066011065231", "2022-08-05 18:19:22", 958, 958, 479),("2022-11-18 05:05:12", "004159091062", "2022-11-18 07:22:12", 959, 959, 480),("2022-02-27 20:31:08", "064182032036", "2022-02-27 22:57:08", 960, 960, 480),("2022-07-31 13:37:02", "042165039077", "2022-07-31 15:55:02", 961, 961, 481),("2023-01-21 05:44:16", "053173162070", "2023-01-21 08:09:16", 962, 962, 481),("2023-11-06 02:08:55", "013212179150", "2023-11-06 05:02:55", 963, 963, 482),("2023-07-27 22:38:05", "038164064132", "2023-07-28 01:13:05", 964, 964, 482),("2023-09-20 10:27:29", "067050101117", "2023-09-20 13:00:29", 965, 965, 483),("2023-01-12 08:30:33", "035037202056", "2023-01-12 11:30:33", 966, 966, 483),("2023-10-01 21:55:14", "095248209078", "2023-10-02 00:33:14", 967, 967, 484),("2023-09-24 04:32:03", "082050029143", "2023-09-24 06:15:03", 968, 968, 484),("2023-06-24 23:05:04", "037192141129", "2023-06-25 00:59:04", 969, 969, 485),("2023-03-19 16:05:02", "028217056134", "2023-03-19 18:41:02", 970, 970, 485),("2023-07-17 02:04:12", "069007074234", "2023-07-17 04:18:12", 971, 971, 486),("2022-12-08 17:08:30", "033222071161", "2022-12-08 19:57:30", 972, 972, 486),("2022-05-04 02:24:19", "033216156099", "2022-05-04 04:22:19", 973, 973, 487),("2022-02-03 20:30:03", "081088194037", "2022-02-03 23:19:03", 974, 974, 487),("2023-10-05 11:37:24", "013098216174", "2023-10-05 14:13:24", 975, 975, 488),("2023-01-16 15:02:29", "076247023002", "2023-01-16 18:31:29", 976, 976, 488),("2023-03-24 00:53:51", "043239015193", "2023-03-24 02:27:51", 977, 977, 489),("2023-09-06 23:53:22", "081126060160", "2023-09-07 03:09:22", 978, 978, 489),("2022-10-31 18:55:45", "030005180135", "2022-10-31 21:11:45", 979, 979, 490),("2023-10-10 10:40:54", "067130140057", "2023-10-10 13:16:54", 980, 980, 490),("2022-06-14 08:40:55", "043014221197", "2022-06-14 11:41:55", 981, 981, 491),("2023-01-17 20:25:32", "019063030087", "2023-01-17 23:03:32", 982, 982, 491),("2023-09-01 09:06:57", "075098146120", "2023-09-01 11:29:57", 983, 983, 492),("2023-09-22 16:41:07", "050163016048", "2023-09-22 18:49:07", 984, 984, 492),("2023-08-28 18:17:42", "004185215171", "2023-08-28 20:35:42", 985, 985, 493),("2023-01-31 19:17:02", "028206165241", "2023-01-31 19:52:02", 986, 986, 493),("2022-03-17 09:19:44", "037019060119", "2022-03-17 12:48:44", 987, 987, 494),("2022-06-16 22:08:49", "004215144190", "2022-06-17 00:29:49", 988, 988, 494),("2023-09-23 23:11:36", "012082216040", "2023-09-24 01:34:36", 989, 989, 495),("2022-07-12 03:25:54", "060168164085", "2022-07-12 05:45:54", 990, 990, 495),("2023-08-27 00:57:47", "070033207101", "2023-08-27 03:13:47", 991, 991, 496),("2022-12-15 12:05:19", "077130103235", "2022-12-15 13:55:19", 992, 992, 496),("2023-10-13 12:22:07", "011235007231", "2023-10-13 15:40:07", 993, 993, 497),("2022-08-24 22:56:28", "028002052092", "2022-08-25 01:45:28", 994, 994, 497),("2023-09-26 03:10:58", "025233082015", "2023-09-26 05:51:58", 995, 995, 498),("2023-01-22 05:32:49", "032217037044", "2023-01-22 07:51:49", 996, 996, 498),("2023-09-23 23:22:49", "006131122121", "2023-09-24 01:31:49", 997, 997, 499),("2022-11-10 11:03:50", "086175020082", "2022-11-10 13:46:50", 998, 998, 499),("2023-02-28 05:17:10", "071053033043", "2023-02-28 08:30:10", 999, 999, 500),("2022-10-04 00:39:35", "010186184243", "2022-10-04 02:30:35", 1000, 1000, 500);

-- Tabella Memorizzazione --> 1000
INSERT INTO Memorizzazione(Server_IdServer, Versione_CodiceVersione, Inizio, Fine)
VALUES
(1, 328, "2023-08-26 07:15:26", "2023-08-30 07:15:26"),(2, 210, "2023-09-23 16:05:26", "2023-09-24 16:05:26"),(1, 344, "2023-02-07 18:32:11", "2023-02-08 18:32:11"),(4, 36, "2023-10-17 11:20:06",  NULL),(1, 457, "2023-07-15 12:46:03", "2023-07-21 12:46:03"),(3, 206, "2023-04-20 02:08:38", "2023-04-24 02:08:38"),(2, 230, "2023-05-10 06:13:18", "2023-05-16 06:13:18"),(1, 217, "2023-08-27 16:36:14", "2023-08-29 16:36:14"),(2, 164, "2023-08-22 13:54:46", "2023-08-24 13:54:46"),(5, 265, "2024-01-16 14:18:13",  NULL),(4, 233, "2023-09-04 23:16:19", "2023-09-08 23:16:19"),(2, 443, "2023-07-07 17:38:10", "2023-07-09 17:38:10"),(5, 203, "2023-10-19 12:41:29", "2023-10-25 12:41:29"),(3, 367, "2024-01-25 03:42:06", "2024-01-28 03:42:06"),(5, 164, "2023-12-21 14:10:14", "2023-12-27 14:10:14"),(4, 149, "2023-06-09 04:29:41", "2023-06-14 04:29:41"),(1, 367, "2023-05-29 16:26:32", "2023-06-04 16:26:32"),(2, 185, "2023-10-18 02:45:52", "2023-10-21 02:45:52"),(4, 173, "2023-02-20 06:00:32", "2023-02-23 06:00:32"),(4, 100, "2023-12-15 18:56:31", "2023-12-16 18:56:31"),(1, 320, "2023-02-08 07:07:07", "2023-02-13 07:07:07"),(3, 365, "2023-05-26 05:33:00", "2023-05-31 05:33:00"),(1, 408, "2023-03-04 00:55:24", "2023-03-05 00:55:24"),(1, 393, "2023-10-13 21:26:59", "2023-10-20 21:26:59"),(5, 200, "2023-03-29 18:59:18", "2023-04-01 18:59:18"),(1, 325, "2024-01-13 17:38:46", "2024-01-20 17:38:46"),(1, 428, "2023-11-01 03:49:25", "2023-11-03 03:49:25"),(5, 195, "2023-09-07 02:28:16", "2023-09-11 02:28:16"),(4, 337, "2023-03-21 07:17:57", "2023-03-23 07:17:57"),(4, 92, "2023-01-23 01:22:18", "2023-01-24 01:22:18"),(2, 197, "2023-11-15 07:34:06", "2023-11-20 07:34:06"),(2, 184, "2023-10-06 11:11:14", "2023-10-11 11:11:14"),(5, 241, "2023-02-12 08:27:51", "2023-02-18 08:27:51"),(4, 181, "2023-02-01 14:23:40", "2023-02-05 14:23:40"),(1, 214, "2023-08-14 08:09:55", "2023-08-21 08:09:55"),(2, 121, "2024-01-10 00:32:13", "2024-01-14 00:32:13"),(1, 67, "2023-09-03 11:45:16", "2023-09-09 11:45:16"),(5, 209, "2023-04-08 16:41:08", "2023-04-14 16:41:08"),(3, 117, "2023-06-07 07:04:02", "2023-06-13 07:04:02"),(1, 127, "2023-01-31 20:31:53", "2023-02-07 20:31:53"),(4, 36, "2023-05-19 05:06:52", "2023-05-26 05:06:52"),(5, 11, "2023-11-20 04:24:47", "2023-11-24 04:24:47"),(3, 370, "2023-10-10 13:34:44",  NULL),(3, 338, "2023-05-03 12:14:43", "2023-05-07 12:14:43"),(5, 195, "2023-09-18 22:30:41", "2023-09-20 22:30:41"),(1, 4, "2023-09-09 22:04:46",  NULL),(5, 128, "2023-08-01 11:59:02", "2023-08-08 11:59:02"),(4, 472, "2023-02-27 23:57:11", "2023-03-04 23:57:11"),(3, 362, "2023-07-13 20:45:05", "2023-07-17 20:45:05"),(1, 226, "2023-05-19 09:13:03", "2023-05-21 09:13:03"), 
(3, 129, "2024-01-13 22:58:45", "2024-01-17 22:58:45"),(2, 115, "2023-08-19 05:19:46", "2023-08-23 05:19:46"),(3, 361, "2024-01-17 20:22:11", "2024-01-21 20:22:11"),(2, 15, "2023-01-20 02:09:08", "2023-01-23 02:09:08"),(2, 256, "2023-10-01 07:27:37", "2023-10-07 07:27:37"),(1, 450, "2023-08-12 18:47:24", "2023-08-14 18:47:24"),(5, 186, "2023-07-22 10:54:59", "2023-07-29 10:54:59"),(3, 233, "2023-05-14 14:59:28", "2023-05-17 14:59:28"),(3, 123, "2023-04-27 12:45:38", "2023-05-02 12:45:38"),(5, 289, "2023-11-08 17:39:34", "2023-11-15 17:39:34"),(5, 226, "2023-12-31 10:54:27", "2024-01-05 10:54:27"),(3, 136, "2023-02-24 12:01:40", "2023-03-01 12:01:40"),(1, 151, "2023-07-20 07:12:12", "2023-07-25 07:12:12"),(3, 55, "2023-07-26 21:01:01", "2023-07-31 21:01:01"),(1, 367, "2023-08-31 11:40:06", "2023-09-07 11:40:06"),(5, 363, "2023-03-16 23:08:19", "2023-03-20 23:08:19"),(3, 107, "2023-12-26 06:57:42", "2023-12-27 06:57:42"),(2, 465, "2023-05-11 19:21:45", "2023-05-12 19:21:45"),(5, 269, "2023-05-20 17:05:47", "2023-05-22 17:05:47"),(1, 131, "2024-01-06 17:06:55", "2024-01-07 17:06:55"),(1, 171, "2024-01-07 05:39:52", "2024-01-12 05:39:52"),(1, 77, "2023-08-01 04:45:30", "2023-08-02 04:45:30"),(4, 492, "2023-06-25 06:42:41", "2023-06-27 06:42:41"),(1, 418, "2023-03-27 23:52:03", "2023-03-30 23:52:03"),(3, 82, "2023-12-09 03:16:34", "2023-12-10 03:16:34"),(5, 308, "2023-05-10 08:54:17", "2023-05-11 08:54:17"),(1, 414, "2023-04-07 11:53:46", "2023-04-10 11:53:46"),(2, 148, "2023-04-23 07:53:54",  NULL),(3, 34, "2023-08-01 22:19:40", "2023-08-05 22:19:40"),(3, 449, "2023-07-05 03:57:20", "2023-07-08 03:57:20"),(4, 415, "2023-04-27 16:36:45", "2023-05-01 16:36:45"),(2, 457, "2024-01-09 11:28:55", "2024-01-10 11:28:55"),(2, 448, "2023-01-15 23:28:33", "2023-01-17 23:28:33"),(1, 474, "2023-09-06 09:29:26", "2023-09-12 09:29:26"),(3, 455, "2023-07-10 04:12:25", "2023-07-11 04:12:25"),(1, 310, "2023-05-17 10:33:37", "2023-05-20 10:33:37"),(2, 409, "2023-09-07 23:57:10", "2023-09-14 23:57:10"),(5, 192, "2023-10-30 21:06:51", "2023-11-06 21:06:51"),(4, 13, "2023-08-23 12:50:14", "2023-08-26 12:50:14"),(4, 3, "2023-01-03 16:41:45", "2023-01-05 16:41:45"),(2, 115, "2023-11-22 13:34:39", "2023-11-29 13:34:39"),(4, 459, "2023-03-18 21:08:14", "2023-03-20 21:08:14"),(3, 365, "2023-10-09 20:24:18", "2023-10-10 20:24:18"),(1, 356, "2023-05-29 08:02:11", "2023-06-01 08:02:11"),(1, 2, "2023-08-10 02:59:55", "2023-08-11 02:59:55"),(3, 486, "2023-07-25 16:26:48", "2023-08-01 16:26:48"),(4, 455, "2023-07-07 11:09:40", "2023-07-12 11:09:40"),(3, 385, "2023-09-13 18:48:44", "2023-09-15 18:48:44"),(3, 202, "2023-07-05 11:43:15", "2023-07-06 11:43:15"),(3, 304, "2023-07-15 17:58:20", "2023-07-16 17:58:20"), 
(5, 118, "2023-10-18 18:28:11",  NULL),(1, 75, "2023-02-17 20:01:10", "2023-02-19 20:01:10"),(2, 279, "2023-03-14 14:12:28", "2023-03-15 14:12:28"),(1, 420, "2023-01-08 05:16:05", "2023-01-15 05:16:05"),(5, 406, "2023-07-21 01:34:08", "2023-07-23 01:34:08"),(2, 130, "2024-01-05 02:05:31", "2024-01-10 02:05:31"),(5, 127, "2023-06-06 14:47:03", "2023-06-09 14:47:03"),(3, 250, "2023-01-27 07:59:09", "2023-01-28 07:59:09"),(2, 187, "2023-06-25 17:16:23", "2023-06-30 17:16:23"),(4, 235, "2024-01-06 10:35:59", "2024-01-12 10:35:59"),(1, 309, "2023-08-17 15:59:13", "2023-08-18 15:59:13"),(5, 305, "2023-11-02 21:14:20", "2023-11-07 21:14:20"),(3, 359, "2024-01-23 08:09:23", "2024-01-24 08:09:23"),(2, 109, "2024-01-27 23:35:08", "2024-01-30 23:35:08"),(3, 387, "2024-01-07 17:39:27", "2024-01-11 17:39:27"),(1, 25, "2023-09-30 04:54:45",  NULL),(4, 160, "2023-03-10 18:13:30", "2023-03-16 18:13:30"),(3, 357, "2023-09-27 14:55:57", "2023-09-30 14:55:57"),(4, 139, "2023-06-20 08:19:48", "2023-06-24 08:19:48"),(4, 144, "2024-01-28 10:37:26", "2024-02-04 10:37:26"),(1, 160, "2023-03-13 10:29:50", "2023-03-19 10:29:50"),(3, 315, "2024-01-31 00:37:33", "2024-02-01 00:37:33"),(3, 327, "2023-10-14 16:17:41", "2023-10-21 16:17:41"),(3, 361, "2023-08-15 12:21:55", "2023-08-17 12:21:55"),(1, 131, "2023-07-16 12:18:35", "2023-07-17 12:18:35"),(4, 287, "2023-05-12 16:00:11",  NULL),(4, 239, "2023-05-16 03:31:07", "2023-05-17 03:31:07"),(3, 66, "2023-01-18 02:33:08", "2023-01-21 02:33:08"),(4, 337, "2023-12-18 22:07:56", "2023-12-23 22:07:56"),(2, 259, "2023-09-12 06:42:16", "2023-09-19 06:42:16"),(2, 203, "2023-06-30 08:40:16", "2023-07-02 08:40:16"),(2, 441, "2023-09-07 04:17:54", "2023-09-11 04:17:54"),(3, 266, "2023-08-09 10:21:49", "2023-08-11 10:21:49"),(4, 400, "2023-10-28 14:26:32", "2023-11-03 13:26:32"),(5, 267, "2023-02-08 17:51:24", "2023-02-12 17:51:24"),(4, 101, "2023-03-25 11:00:47", "2023-04-01 12:00:47"),(1, 58, "2023-05-12 10:28:44", "2023-05-18 10:28:44"),(1, 190, "2023-10-08 06:36:43", "2023-10-11 06:36:43"),(5, 111, "2023-02-03 21:53:52", "2023-02-08 21:53:52"),(2, 379, "2023-08-02 14:27:28", "2023-08-03 14:27:28"),(5, 264, "2023-05-27 05:11:01", "2023-05-28 05:11:01"),(2, 56, "2023-12-13 19:02:57", "2023-12-16 19:02:57"),(4, 342, "2023-10-24 22:21:55", "2023-10-28 22:21:55"),(2, 290, "2023-03-06 00:55:09", "2023-03-09 00:55:09"),(4, 236, "2023-01-26 14:24:32", "2023-02-02 14:24:32"),(1, 154, "2023-01-28 00:55:35", "2023-01-29 00:55:35"),(3, 193, "2023-03-30 08:29:29", "2023-04-02 08:29:29"),(4, 49, "2023-05-06 06:55:56", "2023-05-12 06:55:56"),(5, 138, "2023-02-05 05:14:30", "2023-02-07 05:14:30"),(2, 189, "2024-01-17 17:59:49", "2024-01-21 17:59:49"), 
(3, 8, "2023-08-11 08:26:02", "2023-08-13 08:26:02"),(2, 137, "2023-11-21 20:59:57", "2023-11-26 20:59:57"),(5, 63, "2023-01-20 22:34:10", "2023-01-25 22:34:10"),(2, 62, "2023-02-11 14:06:19", "2023-02-15 14:06:19"),(4, 72, "2024-01-27 21:39:55", "2024-01-29 21:39:55"),(4, 210, "2023-12-10 15:36:04", "2023-12-13 15:36:04"),(4, 465, "2023-09-24 23:54:58", "2023-09-27 23:54:58"),(1, 338, "2023-09-09 22:15:01", "2023-09-10 22:15:01"),(5, 114, "2023-06-08 00:32:52",  NULL),(1, 49, "2023-11-23 05:22:47", "2023-11-30 05:22:47"),(4, 151, "2023-08-22 17:01:15", "2023-08-29 17:01:15"),(4, 318, "2023-03-07 22:01:32", "2023-03-14 22:01:32"),(3, 3, "2023-09-28 09:37:46", "2023-10-01 09:37:46"),(5, 445, "2023-07-22 07:05:55", "2023-07-26 07:05:55"),(1, 416, "2023-01-04 05:44:44", "2023-01-10 05:44:44"),(3, 161, "2023-01-03 05:11:37", "2023-01-05 05:11:37"),(3, 35, "2023-11-06 07:36:48", "2023-11-12 07:36:48"),(2, 209, "2023-09-06 11:42:14", "2023-09-07 11:42:14"),(2, 367, "2023-07-31 08:42:48", "2023-08-01 08:42:48"),(3, 475, "2023-09-17 01:38:42", "2023-09-23 01:38:42"),(1, 107, "2023-05-06 11:47:44", "2023-05-11 11:47:44"),(4, 261, "2023-01-16 21:39:22", "2023-01-20 21:39:22"),(5, 355, "2023-09-13 16:29:20", "2023-09-20 16:29:20"),(2, 235, "2023-05-20 07:13:57", "2023-05-26 07:13:57"),(4, 242, "2023-06-25 22:59:20", "2023-06-27 22:59:20"),(1, 300, "2023-12-19 12:18:50",  NULL),(5, 319, "2023-04-30 09:42:12", "2023-05-07 09:42:12"),(5, 225, "2023-07-08 10:44:17", "2023-07-11 10:44:17"),(5, 404, "2023-09-16 00:20:18", "2023-09-18 00:20:18"),(5, 425, "2023-09-24 14:22:51", "2023-09-27 14:22:51"),(3, 84, "2023-02-23 12:12:51", "2023-03-02 12:12:51"),(1, 108, "2023-06-02 06:56:39", "2023-06-05 06:56:39"),(5, 29, "2023-02-06 05:30:55", "2023-02-09 05:30:55"),(5, 109, "2023-02-19 20:27:25", "2023-02-23 20:27:25"),(3, 432, "2023-09-01 16:38:38", "2023-09-03 16:38:38"),(5, 460, "2023-05-02 18:10:14", "2023-05-09 18:10:14"),(2, 101, "2023-02-02 07:15:27", "2023-02-03 07:15:27"),(1, 250, "2023-05-25 21:34:14", "2023-05-28 21:34:14"),(2, 461, "2023-09-04 15:42:46", "2023-09-05 15:42:46"),(1, 496, "2023-07-25 07:15:57", "2023-08-01 07:15:57"),(5, 199, "2023-12-08 22:50:53", "2023-12-09 22:50:53"),(4, 84, "2023-04-19 19:44:22", "2023-04-20 19:44:22"),(2, 371, "2023-09-18 18:29:59", "2023-09-25 18:29:59"),(1, 360, "2023-09-03 14:01:25", "2023-09-10 14:01:25"),(3, 305, "2023-06-10 02:05:00", "2023-06-13 02:05:00"),(5, 155, "2023-05-18 21:42:00", "2023-05-25 21:42:00"),(4, 395, "2023-10-16 08:33:27", "2023-10-17 08:33:27"),(3, 202, "2024-01-17 19:44:54", "2024-01-24 19:44:54"),(5, 338, "2023-09-30 18:22:50", "2023-10-05 18:22:50"),(3, 386, "2023-11-29 00:42:47", "2023-11-30 00:42:47"), 
(1, 167, "2023-11-14 07:32:49", "2023-11-15 07:32:49"),(2, 474, "2023-05-13 04:40:27", "2023-05-14 04:40:27"),(5, 119, "2023-01-31 19:26:41", "2023-02-07 19:26:41"),(3, 474, "2023-02-17 21:14:20",  NULL),(5, 345, "2023-06-27 12:38:16", "2023-06-29 12:38:16"),(1, 321, "2023-08-05 04:07:51", "2023-08-12 04:07:51"),(3, 494, "2023-08-07 07:10:03", "2023-08-09 07:10:03"),(2, 305, "2024-01-06 15:44:50", "2024-01-07 15:44:50"),(5, 440, "2023-07-08 13:12:35", "2023-07-15 13:12:35"),(2, 238, "2023-11-09 23:16:35", "2023-11-10 23:16:35"),(1, 310, "2023-08-06 17:20:08", "2023-08-11 17:20:08"),(3, 220, "2023-01-08 17:38:27", "2023-01-12 17:38:27"),(4, 78, "2023-03-16 06:16:01", "2023-03-22 06:16:01"),(1, 402, "2023-08-04 09:18:19", "2023-08-05 09:18:19"),(2, 307, "2023-05-17 09:15:12", "2023-05-18 09:15:12"),(2, 229, "2023-08-07 23:32:23", "2023-08-10 23:32:23"),(5, 48, "2024-01-01 15:08:46", "2024-01-03 15:08:46"),(5, 474, "2023-10-08 22:28:15", "2023-10-12 22:28:15"),(4, 254, "2023-06-18 21:36:07",  NULL),(3, 394, "2023-04-26 15:38:12", "2023-05-03 15:38:12"),(1, 145, "2023-01-21 00:17:35", "2023-01-23 00:17:35"),(2, 292, "2023-11-05 01:50:09", "2023-11-11 01:50:09"),(1, 273, "2023-01-29 01:01:48",  NULL),(5, 13, "2023-02-19 14:41:59", "2023-02-26 14:41:59"),(1, 107, "2023-05-21 08:11:07", "2023-05-27 08:11:07"),(3, 404, "2023-01-21 16:35:53", "2023-01-25 16:35:53"),(5, 152, "2023-06-27 13:56:12", "2023-07-04 13:56:12"),(3, 365, "2023-02-04 02:17:57", "2023-02-08 02:17:57"),(3, 90, "2023-11-18 10:53:32", "2023-11-23 10:53:32"),(2, 17, "2023-05-25 22:42:07", "2023-05-28 22:42:07"),(1, 199, "2023-01-09 08:45:33", "2023-01-16 08:45:33"),(1, 396, "2023-01-11 12:09:18", "2023-01-16 12:09:18"),(2, 170, "2024-01-19 12:11:51", "2024-01-20 12:11:51"),(3, 387, "2023-07-10 02:11:07", "2023-07-11 02:11:07"),(2, 98, "2023-04-09 05:24:27", "2023-04-11 05:24:27"),(1, 68, "2024-01-06 09:06:15", "2024-01-07 09:06:15"),(5, 428, "2023-06-05 08:13:11", "2023-06-10 08:13:11"),(3, 349, "2023-09-28 22:10:00", "2023-10-01 22:10:00"),(2, 288, "2023-10-01 07:18:58", "2023-10-08 07:18:58"),(1, 406, "2023-12-20 17:31:45", "2023-12-21 17:31:45"),(3, 208, "2023-08-17 04:10:34", "2023-08-23 04:10:34"),(3, 489, "2023-05-28 08:17:21",  NULL),(5, 260, "2023-04-09 14:43:17", "2023-04-10 14:43:17"),(1, 154, "2023-06-09 08:07:31", "2023-06-12 08:07:31"),(4, 499, "2023-12-07 15:14:11", "2023-12-10 15:14:11"),(5, 9, "2023-05-29 03:07:11", "2023-06-02 03:07:11"),(1, 174, "2024-01-18 19:59:26", "2024-01-20 19:59:26"),(2, 383, "2023-04-03 17:31:24", "2023-04-10 17:31:24"),(2, 18, "2023-04-16 13:48:39", "2023-04-18 13:48:39"),(1, 24, "2024-01-05 16:11:56", "2024-01-11 16:11:56"), 
(4, 120, "2023-04-28 09:34:00", "2023-04-30 09:34:00"),(4, 82, "2023-09-25 05:43:54", "2023-10-01 05:43:54"),(2, 64, "2023-01-28 09:44:28", "2023-02-04 09:44:28"),(1, 105, "2024-01-23 13:08:00", "2024-01-24 13:08:00"),(5, 478, "2023-02-19 22:35:36", "2023-02-22 22:35:36"),(1, 281, "2023-05-15 02:02:00", "2023-05-18 02:02:00"),(2, 320, "2023-01-15 08:37:54", "2023-01-18 08:37:54"),(5, 303, "2023-10-26 16:55:26", "2023-11-01 15:55:26"),(3, 128, "2023-09-09 01:02:09", "2023-09-16 01:02:09"),(4, 420, "2024-01-02 03:32:41", "2024-01-09 03:32:41"),(4, 12, "2023-05-29 01:35:59", "2023-05-31 01:35:59"),(3, 368, "2023-10-22 23:00:56", "2023-10-27 23:00:56"),(1, 285, "2023-05-16 00:02:48", "2023-05-21 00:02:48"),(4, 306, "2023-06-24 18:41:29", "2023-06-28 18:41:29"),(3, 19, "2023-03-23 11:11:43", "2023-03-26 12:11:43"),(2, 29, "2023-05-20 19:48:35", "2023-05-22 19:48:35"),(1, 195, "2023-11-11 06:17:24", "2023-11-16 06:17:24"),(4, 231, "2023-08-24 01:46:07", "2023-08-25 01:46:07"),(2, 172, "2023-03-07 19:41:28", "2023-03-08 19:41:28"),(1, 416, "2023-07-31 20:11:29", "2023-08-06 20:11:29"),(2, 175, "2023-06-09 08:02:59", "2023-06-13 08:02:59"),(1, 274, "2023-10-03 20:41:48", "2023-10-10 20:41:48"),(4, 369, "2023-05-14 08:28:21", "2023-05-21 08:28:21"),(4, 113, "2023-03-21 11:50:04", "2023-03-25 11:50:04"),(4, 259, "2023-01-28 13:04:54", "2023-02-04 13:04:54"),(4, 140, "2023-03-09 22:16:40", "2023-03-14 22:16:40"),(4, 493, "2023-10-01 15:24:11", "2023-10-06 15:24:11"),(4, 95, "2023-10-16 20:11:33", "2023-10-19 20:11:33"),(2, 205, "2023-12-27 18:20:54", "2023-12-30 18:20:54"),(2, 16, "2023-01-16 23:49:15", "2023-01-21 23:49:15"),(5, 395, "2023-10-14 07:37:34", "2023-10-21 07:37:34"),(1, 20, "2023-11-26 19:35:51", "2023-11-30 19:35:51"),(1, 307, "2023-03-21 09:29:55", "2023-03-23 09:29:55"),(4, 65, "2023-11-09 17:29:06", "2023-11-11 17:29:06"),(4, 165, "2023-05-25 02:42:48", "2023-05-29 02:42:48"),(3, 229, "2023-03-21 05:35:41", "2023-03-28 06:35:41"),(4, 445, "2023-12-17 16:41:47",  NULL),(3, 24, "2023-11-05 11:53:55", "2023-11-08 11:53:55"),(5, 147, "2023-01-16 16:49:18", "2023-01-23 16:49:18"),(4, 325, "2024-01-11 20:26:33", "2024-01-12 20:26:33"),(1, 348, "2023-12-14 05:20:22", "2023-12-19 05:20:22"),(2, 203, "2023-06-05 04:16:11", "2023-06-07 04:16:11"),(5, 485, "2023-04-25 18:25:24", "2023-04-27 18:25:24"),(1, 72, "2023-06-15 03:38:09", "2023-06-16 03:38:09"),(4, 469, "2024-01-25 09:39:31", "2024-01-29 09:39:31"),(2, 287, "2023-03-07 10:54:55", "2023-03-08 10:54:55"),(2, 471, "2023-12-27 19:16:27", "2024-01-02 19:16:27"),(3, 20, "2023-09-12 11:24:35", "2023-09-18 11:24:35"),(1, 92, "2023-04-30 20:43:05", "2023-05-06 20:43:05"),(4, 148, "2023-07-21 08:07:49", "2023-07-24 08:07:49"), 
(4, 228, "2023-07-16 02:45:38", "2023-07-22 02:45:38"),(5, 73, "2023-09-08 19:02:49", "2023-09-10 19:02:49"),(2, 3, "2023-10-01 02:30:43", "2023-10-08 02:30:43"),(5, 116, "2023-04-09 03:35:55", "2023-04-13 03:35:55"),(5, 193, "2023-03-28 08:12:49",  NULL),(5, 105, "2023-09-20 16:06:11", "2023-09-27 16:06:11"),(2, 357, "2024-01-29 06:58:46", "2024-02-01 06:58:46"),(3, 404, "2023-06-01 07:53:26", "2023-06-08 07:53:26"),(4, 113, "2023-04-01 03:46:43", "2023-04-06 03:46:43"),(3, 192, "2023-08-15 18:29:11", "2023-08-22 18:29:11"),(5, 78, "2023-01-01 06:54:00", "2023-01-08 06:54:00"),(1, 424, "2023-10-08 07:13:45", "2023-10-09 07:13:45"),(3, 254, "2023-11-05 11:11:19", "2023-11-08 11:11:19"),(2, 180, "2023-07-09 13:04:41", "2023-07-16 13:04:41"),(5, 368, "2023-02-04 05:25:23", "2023-02-09 05:25:23"),(2, 456, "2023-12-07 08:52:42", "2023-12-10 08:52:42"),(4, 19, "2023-05-25 19:57:20", "2023-05-27 19:57:20"),(2, 102, "2023-08-23 17:01:09", "2023-08-25 17:01:09"),(5, 271, "2023-08-04 11:03:41", "2023-08-05 11:03:41"),(1, 320, "2023-03-17 08:46:20", "2023-03-21 08:46:20"),(4, 156, "2023-03-15 12:31:30", "2023-03-17 12:31:30"),(4, 335, "2023-12-20 05:40:41", "2023-12-21 05:40:41"),(4, 260, "2023-10-04 07:10:25", "2023-10-09 07:10:25"),(4, 32, "2023-02-25 08:10:23", "2023-03-03 08:10:23"),(1, 427, "2023-02-27 04:04:41", "2023-03-04 04:04:41"),(3, 20, "2024-01-06 08:40:49", "2024-01-08 08:40:49"),(1, 235, "2023-07-24 06:14:54", "2023-07-27 06:14:54"),(2, 233, "2023-11-13 11:02:05", "2023-11-18 11:02:05"),(1, 232, "2023-08-31 10:37:27", "2023-09-05 10:37:27"),(1, 170, "2023-10-18 15:18:57", "2023-10-20 15:18:57"),(2, 117, "2023-01-25 17:31:19", "2023-01-30 17:31:19"),(2, 122, "2023-12-25 16:18:25", "2023-12-31 16:18:25"),(4, 450, "2024-01-06 19:11:22", "2024-01-13 19:11:22"),(4, 22, "2024-01-06 00:27:37", "2024-01-09 00:27:37"),(2, 61, "2023-05-20 11:56:46", "2023-05-26 11:56:46"),(1, 279, "2023-08-10 04:02:53", "2023-08-11 04:02:53"),(5, 295, "2023-05-11 14:47:52", "2023-05-18 14:47:52"),(4, 288, "2023-08-27 14:56:32", "2023-09-01 14:56:32"),(3, 103, "2023-02-06 20:41:30", "2023-02-09 20:41:30"),(5, 470, "2023-05-26 22:18:25", "2023-05-31 22:18:25"),(3, 407, "2023-03-20 12:33:20", "2023-03-21 12:33:20"),(1, 280, "2023-02-23 01:30:19", "2023-02-28 01:30:19"),(2, 77, "2023-03-05 16:11:48", "2023-03-09 16:11:48"),(1, 322, "2023-05-13 19:03:42", "2023-05-18 19:03:42"),(5, 280, "2023-05-12 07:59:43", "2023-05-15 07:59:43"),(2, 183, "2023-12-15 10:42:54", "2023-12-16 10:42:54"),(2, 268, "2024-01-30 05:02:00", "2024-02-05 05:02:00"),(4, 63, "2023-09-22 14:21:46", "2023-09-27 14:21:46"),(2, 107, "2023-12-26 12:57:40", "2023-12-28 12:57:40"),(3, 70, "2023-04-21 17:14:03", "2023-04-27 17:14:03"), 
(1, 36, "2023-11-12 18:03:46", "2023-11-16 18:03:46"),(4, 353, "2023-08-23 12:39:36", "2023-08-26 12:39:36"),(2, 243, "2023-02-25 05:37:06", "2023-03-04 05:37:06"),(1, 218, "2023-01-29 17:14:52", "2023-02-03 17:14:52"),(1, 114, "2023-11-29 18:54:32", "2023-11-30 18:54:32"),(4, 412, "2023-07-14 17:32:02", "2023-07-17 17:32:02"),(4, 269, "2023-06-09 02:59:01", "2023-06-15 02:59:01"),(3, 182, "2023-01-24 02:15:55", "2023-01-26 02:15:55"),(3, 8, "2024-01-20 19:42:22", "2024-01-25 19:42:22"),(2, 12, "2023-09-29 08:50:37",  NULL),(4, 209, "2023-10-29 19:13:36", "2023-11-01 19:13:36"),(2, 351, "2023-05-14 02:27:13", "2023-05-15 02:27:13"),(1, 225, "2023-06-02 23:05:13", "2023-06-04 23:05:13"),(2, 289, "2023-06-28 02:33:27", "2023-07-03 02:33:27"),(2, 212, "2023-08-28 14:47:26", "2023-08-30 14:47:26"),(1, 482, "2023-01-29 23:36:21", "2023-02-04 23:36:21"),(4, 55, "2023-10-26 21:45:07", "2023-11-01 20:45:07"),(3, 66, "2023-07-01 21:54:52", "2023-07-06 21:54:52"),(5, 262, "2023-06-06 07:21:00",  NULL),(2, 207, "2023-07-15 19:59:32", "2023-07-16 19:59:32"),(2, 446, "2023-04-14 12:44:05", "2023-04-19 12:44:05"),(2, 420, "2023-05-24 14:58:13",  NULL),(5, 169, "2023-09-21 17:20:23", "2023-09-25 17:20:23"),(3, 340, "2023-08-09 23:10:25", "2023-08-12 23:10:25"),(1, 409, "2023-07-26 04:33:46", "2023-07-30 04:33:46"),(4, 495, "2024-01-12 21:05:42", "2024-01-16 21:05:42"),(4, 214, "2023-03-01 15:54:05", "2023-03-08 15:54:05"),(4, 365, "2023-02-12 01:51:54", "2023-02-17 01:51:54"),(4, 347, "2023-02-02 16:06:51", "2023-02-06 16:06:51"),(2, 235, "2023-12-10 00:19:03", "2023-12-11 00:19:03"),(3, 245, "2023-04-23 09:19:01", "2023-04-30 09:19:01"),(2, 194, "2023-12-13 15:07:09", "2023-12-18 15:07:09"),(1, 199, "2023-01-29 11:01:36", "2023-01-30 11:01:36"),(3, 382, "2023-05-15 01:24:58", "2023-05-19 01:24:58"),(1, 24, "2023-02-05 22:19:07", "2023-02-11 22:19:07"),(2, 135, "2024-01-11 19:27:51", "2024-01-18 19:27:51"),(3, 283, "2023-12-13 15:19:55", "2023-12-18 15:19:55"),(4, 208, "2023-10-09 13:52:40", "2023-10-14 13:52:40"),(5, 344, "2023-09-04 15:10:41", "2023-09-10 15:10:41"),(1, 390, "2023-09-30 03:20:00", "2023-10-07 03:20:00"),(3, 188, "2023-10-19 00:05:48", "2023-10-24 00:05:48"),(3, 241, "2023-06-26 10:25:33", "2023-06-30 10:25:33"),(4, 199, "2023-12-11 11:32:37", "2023-12-18 11:32:37"),(1, 484, "2024-01-15 19:26:54", "2024-01-18 19:26:54"),(3, 345, "2023-06-27 14:19:53", "2023-07-04 14:19:53"),(3, 99, "2023-09-01 17:22:11", "2023-09-07 17:22:11"),(5, 187, "2023-08-01 10:17:16", "2023-08-07 10:17:16"),(4, 63, "2023-10-08 17:22:59", "2023-10-12 17:22:59"),(3, 146, "2023-02-24 08:30:35", "2023-02-26 08:30:35"),(2, 221, "2023-04-13 10:25:34", "2023-04-17 10:25:34"), 
(5, 55, "2023-11-05 00:05:53", "2023-11-12 00:05:53"),(2, 145, "2023-01-20 05:13:08", "2023-01-27 05:13:08"),(3, 20, "2023-06-22 06:08:26", "2023-06-24 06:08:26"),(3, 203, "2023-10-25 21:28:03", "2023-10-30 20:28:03"),(2, 440, "2023-01-25 22:49:38", "2023-01-29 22:49:38"),(3, 19, "2023-01-04 22:34:59", "2023-01-05 22:34:59"),(1, 202, "2023-11-28 15:42:52", "2023-12-01 15:42:52"),(4, 166, "2023-03-26 12:17:57", "2023-04-01 12:17:57"),(4, 58, "2023-01-11 12:54:49", "2023-01-17 12:54:49"),(2, 477, "2023-12-17 11:42:43", "2023-12-23 11:42:43"),(2, 197, "2023-05-28 02:14:55", "2023-06-04 02:14:55"),(5, 326, "2023-11-21 00:23:04", "2023-11-27 00:23:04"),(2, 198, "2023-02-22 06:13:03", "2023-02-24 06:13:03"),(2, 69, "2023-12-08 14:47:28", "2023-12-10 14:47:28"),(4, 420, "2023-06-05 10:56:27", "2023-06-07 10:56:27"),(1, 323, "2023-04-17 13:03:24", "2023-04-21 13:03:24"),(1, 480, "2023-01-24 11:25:08", "2023-01-25 11:25:08"),(1, 278, "2023-01-23 08:08:06", "2023-01-29 08:08:06"),(5, 188, "2023-03-12 04:31:48", "2023-03-17 04:31:48"),(2, 115, "2024-01-01 08:19:44", "2024-01-05 08:19:44"),(2, 176, "2023-09-22 08:01:04", "2023-09-29 08:01:04"),(3, 442, "2023-05-11 10:13:19", "2023-05-17 10:13:19"),(1, 84, "2023-05-17 04:59:24",  NULL),(2, 437, "2023-12-09 14:49:54", "2023-12-13 14:49:54"),(1, 396, "2023-03-31 09:23:10", "2023-04-03 09:23:10"),(1, 333, "2023-06-14 02:39:27", "2023-06-21 02:39:27"),(2, 493, "2023-01-29 10:41:17", "2023-02-05 10:41:17"),(3, 36, "2023-03-24 09:51:17", "2023-03-30 10:51:17"),(5, 428, "2023-09-08 03:22:18", "2023-09-13 03:22:18"),(4, 287, "2023-06-08 19:38:40", "2023-06-13 19:38:40"),(4, 262, "2023-09-12 01:11:54", "2023-09-17 01:11:54"),(4, 239, "2023-08-01 14:47:11", "2023-08-05 14:47:11"),(2, 484, "2023-11-23 06:39:49", "2023-11-25 06:39:49"),(2, 476, "2023-07-03 23:50:29", "2023-07-06 23:50:29"),(1, 451, "2023-03-06 18:56:36", "2023-03-09 18:56:36"),(5, 412, "2023-06-11 07:56:11", "2023-06-14 07:56:11"),(2, 208, "2024-01-27 10:04:20", "2024-01-31 10:04:20"),(1, 373, "2023-06-27 11:46:02", "2023-07-04 11:46:02"),(1, 332, "2023-10-27 04:44:00", "2023-10-29 03:44:00"),(4, 311, "2023-09-15 15:10:24", "2023-09-18 15:10:24"),(3, 410, "2024-01-25 02:34:23", "2024-02-01 02:34:23"),(1, 363, "2023-04-09 18:37:28", "2023-04-14 18:37:28"),(4, 128, "2023-03-19 13:47:54", "2023-03-23 13:47:54"),(4, 174, "2023-06-18 05:26:58", "2023-06-24 05:26:58"),(2, 310, "2023-08-18 14:17:42", "2023-08-23 14:17:42"),(3, 95, "2023-04-17 00:23:11", "2023-04-23 00:23:11"),(3, 97, "2023-12-21 12:03:51", "2023-12-24 12:03:51"),(5, 234, "2023-09-02 00:26:53",  NULL),(5, 422, "2023-11-06 21:12:11", "2023-11-12 21:12:11"),(5, 153, "2023-08-22 01:04:28", "2023-08-28 01:04:28"), 
(4, 54, "2023-12-24 16:21:07", "2023-12-28 16:21:07"),(4, 119, "2024-01-18 02:21:08", "2024-01-20 02:21:08"),(1, 500, "2023-08-14 10:16:07", "2023-08-21 10:16:07"),(5, 287, "2023-05-10 16:04:28",  NULL),(5, 455, "2023-05-29 05:33:05", "2023-06-04 05:33:05"),(5, 311, "2023-04-07 10:14:38",  NULL),(3, 251, "2023-09-27 12:53:43", "2023-10-02 12:53:43"),(4, 116, "2023-02-05 00:57:57", "2023-02-11 00:57:57"),(5, 95, "2023-07-13 09:03:32", "2023-07-14 09:03:32"),(3, 208, "2023-03-28 03:37:13", "2023-03-31 03:37:13"),(4, 113, "2023-07-17 11:54:28", "2023-07-18 11:54:28"),(3, 434, "2024-01-16 03:50:08",  NULL),(3, 17, "2023-06-06 12:45:41", "2023-06-11 12:45:41"),(3, 434, "2023-09-10 07:08:56", "2023-09-15 07:08:56"),(5, 228, "2023-09-07 06:02:44", "2023-09-10 06:02:44"),(4, 139, "2023-04-02 10:43:58", "2023-04-03 10:43:58"),(5, 419, "2023-11-07 01:46:45", "2023-11-12 01:46:45"),(2, 296, "2023-08-16 19:23:36",  NULL),(3, 120, "2023-05-12 15:51:11", "2023-05-14 15:51:11"),(3, 204, "2023-06-21 19:26:32", "2023-06-26 19:26:32"),(5, 9, "2023-05-15 02:41:49", "2023-05-22 02:41:49"),(2, 89, "2023-05-14 14:23:17", "2023-05-21 14:23:17"),(1, 494, "2023-06-04 18:25:04", "2023-06-05 18:25:04"),(4, 24, "2024-01-22 00:44:08", "2024-01-26 00:44:08"),(1, 245, "2023-04-25 15:49:09", "2023-05-02 15:49:09"),(5, 451, "2023-09-17 10:02:38", "2023-09-18 10:02:38"),(3, 53, "2023-03-14 11:53:08", "2023-03-21 11:53:08"),(3, 62, "2023-03-22 02:32:40", "2023-03-23 02:32:40"),(5, 472, "2024-01-20 15:56:31", "2024-01-22 15:56:31"),(5, 105, "2023-10-22 03:02:06", "2023-10-23 03:02:06"),(1, 141, "2023-03-13 08:22:50", "2023-03-17 08:22:50"),(1, 178, "2023-06-12 11:08:03", "2023-06-14 11:08:03"),(5, 384, "2023-04-21 10:36:57", "2023-04-22 10:36:57"),(2, 232, "2023-12-14 11:29:04", "2023-12-18 11:29:04"),(5, 453, "2024-01-18 10:22:16", "2024-01-22 10:22:16"),(1, 131, "2023-08-23 14:58:58", "2023-08-29 14:58:58"),(2, 336, "2023-10-26 07:23:36", "2023-11-02 06:23:36"),(3, 349, "2023-04-24 14:49:58", "2023-04-28 14:49:58"),(1, 433, "2023-09-27 10:59:25", "2023-09-28 10:59:25"),(5, 73, "2023-05-28 02:52:41", "2023-06-03 02:52:41"),(5, 337, "2023-06-15 12:35:50", "2023-06-20 12:35:50"),(5, 327, "2023-02-16 18:42:34", "2023-02-20 18:42:34"),(5, 161, "2024-01-24 22:24:13",  NULL),(4, 112, "2023-06-02 14:27:19", "2023-06-05 14:27:19"),(1, 102, "2023-03-28 17:57:27", "2023-04-04 17:57:27"),(4, 392, "2023-05-29 15:20:31", "2023-06-01 15:20:31"),(5, 428, "2023-01-15 22:20:28", "2023-01-17 22:20:28"),(5, 465, "2023-09-04 20:24:58", "2023-09-08 20:24:58"),(2, 212, "2023-06-03 15:53:28", "2023-06-05 15:53:28"),(3, 406, "2023-02-24 05:44:56", "2023-02-27 05:44:56"), 
(3, 202, "2023-07-17 11:06:06", "2023-07-22 11:06:06"),(4, 409, "2024-01-04 21:21:27", "2024-01-07 21:21:27"),(3, 360, "2023-09-16 00:16:30", "2023-09-21 00:16:30"),(1, 488, "2023-05-23 19:02:01", "2023-05-24 19:02:01"),(4, 493, "2023-04-19 20:36:52", "2023-04-23 20:36:52"),(5, 10, "2023-12-07 06:51:51", "2023-12-11 06:51:51"),(4, 255, "2023-06-13 06:17:36", "2023-06-20 06:17:36"),(2, 400, "2023-10-07 18:33:39", "2023-10-12 18:33:39"),(3, 441, "2023-04-14 19:21:59", "2023-04-20 19:21:59"),(2, 293, "2023-03-11 18:13:10", "2023-03-18 18:13:10"),(1, 418, "2023-12-10 19:48:22", "2023-12-14 19:48:22"),(3, 298, "2023-04-18 15:15:20", "2023-04-20 15:15:20"),(5, 477, "2023-03-21 16:38:05", "2023-03-26 17:38:05"),(1, 145, "2024-01-28 10:52:28", "2024-02-02 10:52:28"),(4, 71, "2023-01-18 12:04:12", "2023-01-19 12:04:12"),(5, 55, "2023-12-27 03:36:54", "2023-12-28 03:36:54"),(2, 481, "2023-01-15 21:07:14", "2023-01-21 21:07:14"),(1, 247, "2023-11-13 06:36:48", "2023-11-18 06:36:48"),(5, 124, "2023-12-10 07:27:38", "2023-12-14 07:27:38"),(2, 172, "2023-03-02 02:17:02", "2023-03-07 02:17:02"),(4, 463, "2023-10-02 03:18:22", "2023-10-09 03:18:22"),(5, 100, "2024-01-20 08:49:53", "2024-01-22 08:49:53"),(4, 84, "2023-02-07 09:19:05", "2023-02-14 09:19:05"),(2, 1, "2023-03-07 18:38:16", "2023-03-11 18:38:16"),(3, 405, "2024-01-11 17:25:45", "2024-01-15 17:25:45"),(3, 225, "2023-08-03 22:05:34", "2023-08-09 22:05:34"),(4, 110, "2023-03-25 05:50:05", "2023-03-29 06:50:05"),(4, 38, "2023-05-31 06:09:12",  NULL),(4, 261, "2023-07-03 06:47:52", "2023-07-04 06:47:52"),(5, 44, "2023-11-24 20:10:59", "2023-11-25 20:10:59"),(3, 40, "2023-02-03 12:29:57", "2023-02-06 12:29:57"),(2, 496, "2023-03-27 17:00:37", "2023-03-29 17:00:37"),(4, 455, "2023-05-30 19:17:56", "2023-06-02 19:17:56"),(1, 154, "2023-12-17 13:31:44", "2023-12-23 13:31:44"),(2, 320, "2023-11-16 16:52:37", "2023-11-18 16:52:37"),(1, 465, "2023-11-17 03:42:35", "2023-11-18 03:42:35"),(3, 204, "2023-05-23 02:17:31", "2023-05-25 02:17:31"),(5, 290, "2023-09-07 10:57:40", "2023-09-13 10:57:40"),(4, 329, "2023-04-20 04:17:51", "2023-04-27 04:17:51"),(1, 407, "2024-01-28 02:24:11",  NULL),(5, 400, "2023-12-27 00:35:33", "2024-01-01 00:35:33"),(2, 89, "2023-05-07 11:06:54", "2023-05-11 11:06:54"),(4, 333, "2023-11-08 07:57:14",  NULL),(5, 232, "2024-01-25 22:14:02", "2024-01-30 22:14:02"),(1, 81, "2023-10-27 05:24:25", "2023-10-28 05:24:25"),(5, 254, "2023-04-01 06:48:21", "2023-04-04 06:48:21"),(3, 100, "2023-07-06 01:38:35", "2023-07-11 01:38:35"),(5, 167, "2023-02-11 17:17:22", "2023-02-16 17:17:22"),(4, 350, "2023-02-24 14:44:04",  NULL),(2, 488, "2023-02-27 16:53:05", "2023-03-01 16:53:05"), 
(2, 124, "2023-12-23 07:24:39", "2023-12-26 07:24:39"),(4, 293, "2023-07-19 17:55:18", "2023-07-20 17:55:18"),(5, 229, "2024-01-16 21:39:09", "2024-01-18 21:39:09"),(2, 88, "2023-03-29 19:04:22", "2023-04-04 19:04:22"),(5, 62, "2023-10-22 17:27:28", "2023-10-27 17:27:28"),(1, 463, "2023-12-15 03:45:51", "2023-12-19 03:45:51"),(5, 318, "2023-09-03 09:54:09", "2023-09-06 09:54:09"),(3, 299, "2023-09-23 13:20:38", "2023-09-25 13:20:38"),(1, 392, "2023-10-11 10:07:47", "2023-10-16 10:07:47"),(2, 250, "2023-05-01 21:50:40", "2023-05-02 21:50:40"),(2, 16, "2023-12-24 18:33:04", "2023-12-26 18:33:04"),(3, 461, "2023-07-30 01:16:07", "2023-08-01 01:16:07"),(2, 307, "2023-09-28 12:24:21", "2023-10-01 12:24:21"),(1, 259, "2023-08-23 16:30:49", "2023-08-25 16:30:49"),(2, 87, "2023-02-27 23:11:05", "2023-03-04 23:11:05"),(4, 106, "2023-12-18 11:35:42", "2023-12-20 11:35:42"),(3, 480, "2024-01-15 14:30:24", "2024-01-21 14:30:24"),(5, 353, "2023-02-23 17:18:01", "2023-02-24 17:18:01"),(2, 445, "2023-01-19 12:50:11", "2023-01-24 12:50:11"),(3, 170, "2023-12-11 08:06:41", "2023-12-13 08:06:41"),(5, 257, "2023-11-21 03:31:18", "2023-11-27 03:31:18"),(2, 28, "2023-04-24 22:16:16", "2023-04-29 22:16:16"),(4, 139, "2023-04-30 04:43:31", "2023-05-01 04:43:31"),(5, 449, "2023-03-12 04:30:26", "2023-03-15 04:30:26"),(1, 78, "2023-09-05 09:51:13", "2023-09-07 09:51:13"),(1, 206, "2023-08-22 01:29:07", "2023-08-26 01:29:07"),(5, 101, "2023-11-11 15:04:33", "2023-11-17 15:04:33"),(4, 173, "2023-06-05 06:36:03", "2023-06-07 06:36:03"),(3, 449, "2023-07-13 04:20:03", "2023-07-18 04:20:03"),(3, 494, "2023-05-11 19:50:46", "2023-05-18 19:50:46"),(2, 28, "2023-12-20 23:46:21", "2023-12-23 23:46:21"),(5, 194, "2023-10-08 03:07:14", "2023-10-14 03:07:14"),(4, 226, "2023-07-23 05:44:43", "2023-07-27 05:44:43"),(1, 252, "2023-05-31 02:47:39", "2023-06-01 02:47:39"),(4, 60, "2023-09-12 14:34:51", "2023-09-18 14:34:51"),(3, 373, "2023-02-24 00:22:12", "2023-03-02 00:22:12"),(5, 375, "2023-02-01 22:58:27", "2023-02-04 22:58:27"),(1, 439, "2023-01-19 07:22:17", "2023-01-21 07:22:17"),(2, 48, "2023-08-18 22:49:46", "2023-08-23 22:49:46"),(1, 320, "2023-06-03 03:26:26",  NULL),(4, 63, "2023-12-16 04:18:28", "2023-12-17 04:18:28"),(2, 214, "2023-06-03 05:15:42", "2023-06-09 05:15:42"),(2, 63, "2024-01-05 04:07:26", "2024-01-12 04:07:26"),(1, 226, "2023-02-27 18:09:11", "2023-03-05 18:09:11"),(1, 411, "2023-10-14 21:15:37", "2023-10-16 21:15:37"),(1, 332, "2023-11-19 11:48:35", "2023-11-20 11:48:35"),(4, 233, "2023-09-01 20:01:45", "2023-09-02 20:01:45"),(2, 336, "2024-01-01 13:30:47", "2024-01-02 13:30:47"),(4, 300, "2023-08-07 23:00:47", "2023-08-14 23:00:47"),(1, 294, "2023-03-16 18:23:17", "2023-03-18 18:23:17"), 
(1, 368, "2024-01-25 02:40:06", "2024-01-28 02:40:06"),(5, 251, "2023-09-12 13:17:57", "2023-09-13 13:17:57"),(2, 307, "2023-09-24 06:21:53", "2023-09-27 06:21:53"),(3, 116, "2023-11-30 19:34:43", "2023-12-07 19:34:43"),(4, 376, "2023-08-17 12:43:58", "2023-08-23 12:43:58"),(5, 47, "2023-01-16 02:37:28", "2023-01-23 02:37:28"),(5, 296, "2023-10-11 16:17:05", "2023-10-14 16:17:05"),(2, 325, "2023-12-24 09:37:36", "2023-12-25 09:37:36"),(4, 473, "2023-09-16 21:24:16", "2023-09-19 21:24:16"),(5, 109, "2024-01-31 22:41:44", "2024-02-06 22:41:44"),(2, 27, "2023-12-29 02:43:51", "2023-12-30 02:43:51"),(5, 337, "2023-07-30 18:13:26", "2023-08-06 18:13:26"),(5, 319, "2023-05-25 16:13:13", "2023-05-30 16:13:13"),(4, 474, "2023-04-04 07:35:14", "2023-04-05 07:35:14"),(3, 478, "2023-09-05 10:48:58", "2023-09-07 10:48:58"),(4, 384, "2023-09-19 03:40:29", "2023-09-21 03:40:29"),(4, 348, "2023-08-18 23:54:49", "2023-08-23 23:54:49"),(5, 196, "2023-10-12 13:22:51", "2023-10-17 13:22:51"),(4, 272, "2023-09-24 06:08:10", "2023-09-29 06:08:10"),(4, 315, "2024-01-07 03:32:15", "2024-01-10 03:32:15"),(3, 305, "2023-05-16 13:46:51", "2023-05-17 13:46:51"),(3, 397, "2023-10-27 00:13:16", "2023-11-02 23:13:16"),(4, 416, "2023-01-20 02:08:26", "2023-01-24 02:08:26"),(1, 297, "2023-08-25 21:54:39", "2023-08-26 21:54:39"),(5, 160, "2023-12-07 13:57:40", "2023-12-13 13:57:40"),(2, 59, "2023-09-28 11:37:19", "2023-10-05 11:37:19"),(5, 434, "2023-03-13 16:56:08", "2023-03-20 16:56:08"),(1, 243, "2023-06-26 12:25:13", "2023-06-29 12:25:13"),(2, 491, "2023-02-21 13:57:27", "2023-02-24 13:57:27"),(2, 338, "2023-05-10 23:55:54", "2023-05-11 23:55:54"),(4, 243, "2023-01-08 22:07:37", "2023-01-10 22:07:37"),(2, 455, "2023-05-01 14:39:49", "2023-05-04 14:39:49"),(3, 338, "2024-01-19 03:10:38", "2024-01-23 03:10:38"),(4, 427, "2024-01-31 10:42:06", "2024-02-05 10:42:06"),(3, 361, "2023-05-30 19:17:26", "2023-05-31 19:17:26"),(4, 159, "2023-05-26 16:45:29", "2023-06-01 16:45:29"),(4, 380, "2023-12-04 02:42:18", "2023-12-09 02:42:18"),(5, 322, "2024-01-07 20:24:51", "2024-01-08 20:24:51"),(3, 189, "2023-11-27 13:47:44", "2023-12-01 13:47:44"),(5, 408, "2023-05-12 12:42:10", "2023-05-19 12:42:10"),(4, 132, "2024-01-02 10:25:45", "2024-01-04 10:25:45"),(3, 178, "2023-10-22 11:49:32", "2023-10-23 11:49:32"),(3, 229, "2023-02-20 02:22:08", "2023-02-21 02:22:08"),(3, 331, "2023-02-07 12:50:00", "2023-02-08 12:50:00"),(5, 53, "2023-08-09 19:06:19",  NULL),(4, 3, "2023-05-06 03:05:30", "2023-05-11 03:05:30"),(2, 188, "2023-07-21 00:24:46", "2023-07-26 00:24:46"),(3, 436, "2023-05-22 00:07:38", "2023-05-26 00:07:38"),(4, 445, "2023-09-14 13:04:01", "2023-09-15 13:04:01"),(2, 222, "2023-05-01 03:19:02", "2023-05-07 03:19:02"), 
(3, 431, "2023-08-14 00:34:40", "2023-08-17 00:34:40"),(1, 450, "2023-01-06 18:05:03", "2023-01-10 18:05:03"),(1, 233, "2023-04-09 18:35:47", "2023-04-13 18:35:47"),(1, 182, "2023-04-08 21:08:20",  NULL),(2, 240, "2023-12-25 17:14:10", "2023-12-27 17:14:10"),(2, 263, "2023-05-20 12:52:03", "2023-05-27 12:52:03"),(3, 65, "2023-03-01 13:26:39", "2023-03-07 13:26:39"),(2, 140, "2023-01-09 23:26:16", "2023-01-13 23:26:16"),(5, 344, "2023-11-17 00:13:50", "2023-11-21 00:13:50"),(3, 27, "2023-04-22 10:12:38", "2023-04-26 10:12:38"),(4, 158, "2023-08-19 21:57:52", "2023-08-25 21:57:52"),(2, 199, "2023-05-27 09:54:32", "2023-05-28 09:54:32"),(4, 491, "2023-12-24 05:32:02", "2023-12-31 05:32:02"),(5, 452, "2023-10-25 20:13:24", "2023-10-28 20:13:24"),(4, 396, "2024-01-11 07:47:39", "2024-01-18 07:47:39"),(3, 29, "2023-12-31 11:33:14", "2024-01-03 11:33:14"),(5, 453, "2023-08-22 04:30:52", "2023-08-27 04:30:52"),(3, 395, "2023-07-06 15:41:33", "2023-07-10 15:41:33"),(1, 241, "2023-04-03 21:18:07", "2023-04-07 21:18:07"),(2, 395, "2023-11-19 09:41:27", "2023-11-24 09:41:27"),(1, 392, "2023-07-22 04:41:46", "2023-07-29 04:41:46"),(5, 396, "2023-10-09 01:52:16", "2023-10-13 01:52:16"),(2, 150, "2023-07-28 04:43:13", "2023-07-29 04:43:13"),(1, 168, "2023-02-15 15:42:40", "2023-02-20 15:42:40"),(5, 157, "2023-04-29 18:02:46", "2023-05-01 18:02:46"),(2, 328, "2023-05-28 04:41:18", "2023-05-29 04:41:18"),(2, 472, "2023-11-06 07:18:19", "2023-11-08 07:18:19"),(5, 343, "2023-11-15 02:54:00", "2023-11-19 02:54:00"),(4, 272, "2023-10-27 16:43:47", "2023-10-30 15:43:47"),(1, 50, "2023-01-17 05:04:35",  NULL),(3, 404, "2023-01-18 17:05:50", "2023-01-19 17:05:50"),(3, 165, "2023-09-15 01:57:19", "2023-09-17 01:57:19"),(1, 477, "2023-09-06 17:44:44", "2023-09-13 17:44:44"),(5, 428, "2023-10-06 04:17:22", "2023-10-10 04:17:22"),(2, 96, "2023-07-10 02:05:47", "2023-07-12 02:05:47"),(3, 428, "2023-04-18 02:49:10", "2023-04-19 02:49:10"),(5, 208, "2023-01-17 13:21:15", "2023-01-19 13:21:15"),(3, 18, "2023-03-02 22:43:01", "2023-03-07 22:43:01"),(3, 181, "2023-10-05 21:23:24", "2023-10-06 21:23:24"),(2, 306, "2023-06-19 03:14:47", "2023-06-22 03:14:47"),(4, 8, "2023-04-16 04:10:14", "2023-04-18 04:10:14"),(5, 154, "2023-10-30 07:34:32", "2023-10-31 07:34:32"),(3, 267, "2023-08-29 23:15:22", "2023-09-04 23:15:22"),(1, 432, "2023-09-25 09:49:08", "2023-09-30 09:49:08"),(1, 150, "2023-07-20 15:01:24", "2023-07-22 15:01:24"),(4, 74, "2023-05-12 01:05:50", "2023-05-14 01:05:50"),(5, 442, "2023-08-12 00:38:53", "2023-08-14 00:38:53"),(2, 469, "2023-09-08 14:08:14", "2023-09-14 14:08:14"),(4, 224, "2023-03-17 04:44:26", "2023-03-22 04:44:26"),(4, 440, "2023-07-12 17:29:28", "2023-07-16 17:29:28"), 
(3, 481, "2023-11-13 20:13:40", "2023-11-20 20:13:40"),(5, 246, "2023-05-27 16:12:39", "2023-05-29 16:12:39"),(2, 149, "2023-01-12 00:49:26", "2023-01-16 00:49:26"),(1, 478, "2023-10-18 07:37:23", "2023-10-22 07:37:23"),(4, 379, "2023-10-02 16:44:43", "2023-10-09 16:44:43"),(2, 328, "2023-04-11 01:32:51", "2023-04-13 01:32:51"),(4, 437, "2023-12-22 05:19:00", "2023-12-27 05:19:00"),(2, 43, "2023-10-11 09:53:41", "2023-10-12 09:53:41"),(3, 125, "2023-04-02 20:03:33",  NULL),(3, 70, "2023-08-20 21:47:53", "2023-08-23 21:47:53"),(4, 409, "2023-01-13 23:29:32", "2023-01-17 23:29:32"),(2, 123, "2023-12-18 20:46:46", "2023-12-25 20:46:46"),(5, 373, "2023-09-27 05:15:14", "2023-10-03 05:15:14"),(3, 324, "2023-09-22 13:25:24", "2023-09-24 13:25:24"),(1, 177, "2023-07-30 17:54:55",  NULL),(2, 92, "2023-05-16 08:30:38", "2023-05-22 08:30:38"),(1, 320, "2023-07-14 21:59:10", "2023-07-20 21:59:10"),(3, 174, "2023-09-06 22:55:13", "2023-09-12 22:55:13"),(4, 217, "2023-03-13 22:55:00", "2023-03-16 22:55:00"),(2, 238, "2023-04-19 04:18:56", "2023-04-20 04:18:56"),(4, 118, "2023-03-18 04:37:03", "2023-03-23 04:37:03"),(1, 108, "2023-05-22 19:39:02", "2023-05-29 19:39:02"),(4, 100, "2023-10-31 10:57:12", "2023-11-02 10:57:12"),(1, 252, "2023-02-24 10:08:40", "2023-02-27 10:08:40"),(1, 131, "2023-12-27 16:19:21",  NULL),(2, 246, "2023-09-25 19:33:08", "2023-09-30 19:33:08"),(1, 122, "2023-07-27 04:55:09", "2023-07-30 04:55:09"),(1, 14, "2024-01-04 17:51:08", "2024-01-05 17:51:08"),(2, 116, "2023-11-18 12:41:05", "2023-11-23 12:41:05"),(5, 449, "2023-10-21 10:38:40", "2023-10-26 10:38:40"),(3, 274, "2023-03-20 13:10:06", "2023-03-23 13:10:06"),(5, 190, "2023-05-13 16:01:54", "2023-05-20 16:01:54"),(3, 474, "2023-04-13 00:15:34", "2023-04-19 00:15:34"),(1, 24, "2023-08-27 01:09:25", "2023-09-03 01:09:25"),(1, 143, "2023-05-11 06:35:10", "2023-05-14 06:35:10"),(3, 303, "2023-05-16 11:46:58", "2023-05-21 11:46:58"),(5, 323, "2023-01-07 18:36:44", "2023-01-08 18:36:44"),(4, 389, "2023-04-08 19:47:35", "2023-04-10 19:47:35"),(4, 372, "2023-10-27 00:27:22", "2023-11-02 23:27:22"),(4, 120, "2023-04-16 09:51:33", "2023-04-20 09:51:33"),(4, 5, "2023-03-28 18:34:19", "2023-03-30 18:34:19"),(5, 334, "2023-11-01 21:58:34", "2023-11-02 21:58:34"),(3, 290, "2023-12-19 14:22:21", "2023-12-26 14:22:21"),(5, 62, "2023-12-02 11:29:05", "2023-12-07 11:29:05"),(3, 213, "2023-08-06 02:57:28", "2023-08-13 02:57:28"),(1, 287, "2024-01-23 23:03:46", "2024-01-28 23:03:46"),(2, 279, "2023-04-11 10:26:47", "2023-04-12 10:26:47"),(4, 165, "2023-07-05 11:39:55", "2023-07-07 11:39:55"),(2, 12, "2023-04-29 00:17:49", "2023-04-30 00:17:49"),(3, 212, "2023-03-15 10:24:22", "2023-03-20 10:24:22"), 
(3, 453, "2023-02-25 18:29:21", "2023-03-03 18:29:21"),(3, 106, "2023-12-18 12:12:22", "2023-12-22 12:12:22"),(3, 481, "2023-06-18 16:22:24", "2023-06-23 16:22:24"),(3, 343, "2023-08-26 22:58:44", "2023-09-02 22:58:44"),(5, 161, "2023-11-23 04:17:34", "2023-11-24 04:17:34"),(3, 301, "2023-11-08 19:54:24", "2023-11-14 19:54:24"),(1, 212, "2023-02-18 02:11:30", "2023-02-22 02:11:30"),(1, 18, "2023-03-20 08:31:54", "2023-03-25 08:31:54"),(2, 269, "2023-08-30 11:18:02", "2023-08-31 11:18:02"),(4, 112, "2023-09-23 07:50:54", "2023-09-28 07:50:54"),(1, 467, "2023-03-07 11:06:00", "2023-03-13 11:06:00"),(1, 293, "2023-05-21 19:22:22", "2023-05-28 19:22:22"),(3, 492, "2023-01-11 02:36:17", "2023-01-17 02:36:17"),(1, 356, "2023-08-29 10:09:27", "2023-09-05 10:09:27"),(5, 359, "2023-05-08 21:45:48", "2023-05-15 21:45:48"),(3, 286, "2023-02-23 19:50:34", "2023-02-24 19:50:34"),(1, 202, "2023-05-30 14:56:44", "2023-06-02 14:56:44"),(2, 273, "2023-11-12 07:52:54",  NULL),(5, 11, "2023-05-21 01:03:11", "2023-05-26 01:03:11"),(4, 419, "2023-06-14 17:40:58", "2023-06-17 17:40:58"),(1, 247, "2023-10-03 15:47:13",  NULL),(4, 351, "2023-05-06 11:49:42", "2023-05-13 11:49:42"),(3, 378, "2023-02-13 01:23:15", "2023-02-16 01:23:15"),(5, 133, "2023-08-12 16:05:37", "2023-08-18 16:05:37"),(4, 184, "2023-04-15 13:14:22", "2023-04-19 13:14:22"),(5, 372, "2023-12-26 00:57:43", "2023-12-27 00:57:43"),(2, 271, "2023-11-01 22:15:22",  NULL),(3, 496, "2023-06-07 09:18:20", "2023-06-08 09:18:20"),(3, 112, "2023-01-30 04:47:59", "2023-02-02 04:47:59"),(2, 232, "2023-08-02 02:31:17", "2023-08-09 02:31:17"),(4, 392, "2024-01-09 12:24:10", "2024-01-16 12:24:10"),(1, 424, "2023-09-02 07:11:01", "2023-09-04 07:11:01"),(4, 454, "2023-09-15 04:37:52", "2023-09-18 04:37:52"),(4, 3, "2023-03-10 05:45:58", "2023-03-11 05:45:58"),(3, 126, "2023-05-22 12:50:41", "2023-05-27 12:50:41"),(2, 305, "2023-02-25 04:34:29", "2023-03-01 04:34:29"),(1, 83, "2023-12-18 18:15:24", "2023-12-20 18:15:24"),(4, 60, "2023-08-13 23:22:11", "2023-08-18 23:22:11"),(3, 225, "2023-02-20 01:13:01", "2023-02-26 01:13:01"),(5, 94, "2023-03-29 05:00:55", "2023-04-05 05:00:55"),(5, 268, "2023-07-09 03:52:53", "2023-07-16 03:52:53"),(1, 453, "2023-01-01 11:06:02", "2023-01-08 11:06:02"),(5, 288, "2023-12-21 18:57:28", "2023-12-27 18:57:28"),(3, 205, "2023-06-03 15:38:42", "2023-06-06 15:38:42"),(3, 457, "2023-05-18 08:58:53", "2023-05-19 08:58:53"),(1, 314, "2023-10-14 15:00:34", "2023-10-20 15:00:34"),(2, 459, "2024-01-23 13:47:47", "2024-01-30 13:47:47"),(2, 157, "2023-05-28 18:37:01", "2023-05-30 18:37:01"),(4, 86, "2023-05-05 13:08:55", "2023-05-09 13:08:55"),(3, 410, "2023-11-23 06:26:11", "2023-11-24 06:26:11"), 
(1, 399, "2024-01-01 23:35:57", "2024-01-07 23:35:57"),(1, 415, "2023-12-14 20:42:09",  NULL),(4, 341, "2023-10-24 14:16:03", "2023-10-31 13:16:03"),(4, 203, "2023-04-26 21:48:36", "2023-05-01 21:48:36"),(5, 377, "2023-12-30 23:14:22", "2024-01-06 23:14:22"),(5, 239, "2023-11-16 07:42:42", "2023-11-17 07:42:42"),(5, 102, "2023-01-22 11:15:29", "2023-01-27 11:15:29"),(4, 336, "2023-12-01 08:12:58", "2023-12-02 08:12:58"),(2, 121, "2024-01-17 20:40:12", "2024-01-24 20:40:12"),(1, 1, "2023-09-17 22:20:29", "2023-09-22 22:20:29"),(4, 260, "2023-11-14 00:45:10", "2023-11-20 00:45:10"),(3, 385, "2023-10-20 04:01:05", "2023-10-23 04:01:05"),(1, 120, "2023-08-15 23:24:03", "2023-08-18 23:24:03"),(5, 65, "2024-01-17 19:26:32", "2024-01-21 19:26:32"),(5, 138, "2023-03-18 10:35:47",  NULL),(2, 361, "2023-09-18 13:33:39", "2023-09-22 13:33:39"),(4, 236, "2023-03-19 18:00:40",  NULL),(5, 167, "2024-01-10 17:44:43", "2024-01-17 17:44:43"),(5, 195, "2023-03-08 17:02:35", "2023-03-14 17:02:35"),(2, 125, "2023-10-25 16:26:33", "2023-11-01 15:26:33"),(1, 27, "2023-03-23 23:40:55", "2023-03-28 00:40:55"),(3, 379, "2023-12-31 15:27:29", "2024-01-03 15:27:29"),(4, 259, "2023-12-21 06:00:37", "2023-12-26 06:00:37"),(5, 489, "2023-06-10 05:07:32", "2023-06-14 05:07:32"),(2, 432, "2023-07-04 00:31:16", "2023-07-11 00:31:16"),(3, 301, "2023-11-19 08:19:58", "2023-11-23 08:19:58"),(1, 443, "2023-08-12 20:59:41", "2023-08-19 20:59:41"),(2, 266, "2024-01-18 03:24:02", "2024-01-24 03:24:02"),(2, 369, "2023-08-20 07:19:56", "2023-08-25 07:19:56"),(4, 202, "2023-02-26 13:23:56", "2023-03-03 13:23:56"),(1, 33, "2023-11-16 21:34:32",  NULL),(2, 282, "2023-10-15 01:45:50", "2023-10-16 01:45:50"),(5, 301, "2023-01-16 10:57:14", "2023-01-20 10:57:14"),(5, 105, "2023-04-20 22:58:13", "2023-04-24 22:58:13"),(4, 426, "2024-01-17 02:56:18", "2024-01-24 02:56:18"),(2, 221, "2023-05-16 17:35:55", "2023-05-19 17:35:55"),(2, 431, "2023-08-03 07:50:37", "2023-08-10 07:50:37"),(4, 283, "2023-06-18 09:51:27", "2023-06-22 09:51:27"),(4, 199, "2023-01-26 07:29:45", "2023-02-01 07:29:45"),(5, 346, "2023-06-16 06:44:52", "2023-06-23 06:44:52"),(4, 332, "2023-06-26 14:20:43", "2023-06-30 14:20:43"),(3, 9, "2023-02-11 12:27:07", "2023-02-13 12:27:07"),(1, 28, "2023-03-08 17:03:57", "2023-03-10 17:03:57"),(2, 431, "2023-04-24 20:29:09", "2023-04-26 20:29:09"),(4, 243, "2023-11-04 00:46:26", "2023-11-08 00:46:26"),(2, 117, "2023-02-28 11:39:16", "2023-03-03 11:39:16"),(3, 161, "2023-03-16 10:00:21", "2023-03-20 10:00:21"),(1, 191, "2023-09-21 04:45:20", "2023-09-22 04:45:20"),(2, 246, "2023-02-18 15:14:37", "2023-02-25 15:14:37"),(3, 154, "2023-11-06 08:34:43", "2023-11-08 08:34:43"), 
(2, 234, "2023-01-31 18:11:49", "2023-02-03 18:11:49"),(1, 128, "2023-07-13 06:26:47", "2023-07-20 06:26:47"),(4, 473, "2024-01-14 17:46:25", "2024-01-21 17:46:25"),(3, 456, "2023-06-07 14:21:30", "2023-06-09 14:21:30"),(1, 300, "2023-04-25 14:14:06", "2023-05-02 14:14:06"),(5, 314, "2023-05-28 04:36:11", "2023-05-29 04:36:11"),(4, 69, "2023-12-18 08:45:48", "2023-12-21 08:45:48"),(4, 115, "2023-06-04 07:02:29", "2023-06-08 07:02:29"),(1, 13, "2023-08-18 12:12:03", "2023-08-21 12:12:03"),(5, 167, "2023-10-28 14:31:11", "2023-10-30 13:31:11"),(5, 135, "2023-01-31 09:08:48", "2023-02-02 09:08:48"),(3, 27, "2023-06-22 13:33:43", "2023-06-28 13:33:43"),(2, 285, "2023-04-07 20:16:19", "2023-04-10 20:16:19"),(1, 279, "2023-04-24 15:04:02", "2023-04-27 15:04:02"),(3, 65, "2023-01-23 18:12:57", "2023-01-26 18:12:57"),(4, 34, "2023-10-09 12:58:29", "2023-10-14 12:58:29"),(2, 93, "2023-01-08 14:47:01", "2023-01-14 14:47:01"),(4, 195, "2023-12-17 13:44:57", "2023-12-23 13:44:57"),(2, 83, "2023-10-08 23:24:57",  NULL),(1, 495, "2023-04-05 08:51:23", "2023-04-08 08:51:23"),(5, 337, "2023-09-27 14:09:41", "2023-10-03 14:09:41"),(4, 393, "2023-01-26 07:52:53", "2023-02-01 07:52:53"),(4, 483, "2023-03-17 09:55:40",  NULL),(3, 435, "2023-02-23 02:45:44", "2023-03-02 02:45:44"),(2, 379, "2023-11-16 13:06:02", "2023-11-21 13:06:02"),(3, 30, "2023-12-06 06:41:35", "2023-12-11 06:41:35"),(2, 288, "2023-12-01 17:38:12", "2023-12-08 17:38:12"),(1, 11, "2023-10-20 02:30:17", "2023-10-24 02:30:17"),(4, 407, "2023-05-03 02:18:26", "2023-05-10 02:18:26"),(4, 294, "2023-08-08 12:34:28", "2023-08-09 12:34:28"),(2, 349, "2023-07-04 09:54:02", "2023-07-11 09:54:02"),(3, 47, "2023-12-22 03:04:50", "2023-12-24 03:04:50"),(5, 102, "2024-01-05 04:59:25", "2024-01-07 04:59:25"),(4, 266, "2023-06-23 08:18:50", "2023-06-30 08:18:50"),(4, 428, "2024-01-30 00:47:13", "2024-02-06 00:47:13"),(3, 76, "2023-06-17 14:08:34", "2023-06-22 14:08:34"),(1, 318, "2023-04-14 10:38:20", "2023-04-18 10:38:20"),(5, 455, "2024-01-01 21:08:29", "2024-01-04 21:08:29"),(2, 424, "2023-08-22 17:06:35", "2023-08-24 17:06:35"),(1, 336, "2023-01-03 09:07:13", "2023-01-09 09:07:13"),(4, 346, "2023-09-20 18:37:04", "2023-09-26 18:37:04"),(1, 178, "2023-06-26 15:01:26", "2023-07-01 15:01:26"),(4, 94, "2024-01-15 09:17:28", "2024-01-18 09:17:28"),(1, 10, "2023-02-27 17:53:05", "2023-03-01 17:53:05"),(4, 100, "2023-10-29 13:28:50", "2023-10-31 13:28:50"),(5, 135, "2023-07-29 09:50:30", "2023-08-03 09:50:30"),(1, 288, "2023-08-01 12:42:17", "2023-08-04 12:42:17"),(4, 108, "2023-02-26 00:11:26", "2023-03-03 00:11:26"),(4, 177, "2023-12-02 11:17:47", "2023-12-04 11:17:47"),(1, 172, "2023-03-07 23:48:17", "2023-03-09 23:48:17"), 
(2, 8, "2023-07-15 18:21:45", "2023-07-21 18:21:45"),(3, 313, "2023-12-26 18:20:05", "2023-12-29 18:20:05"),(4, 382, "2023-08-27 16:28:09", "2023-08-29 16:28:09"),(1, 431, "2024-01-01 22:52:35", "2024-01-04 22:52:35"),(1, 98, "2023-04-02 14:28:33", "2023-04-03 14:28:33"),(3, 139, "2024-01-02 17:44:53", "2024-01-03 17:44:53"),(3, 263, "2023-06-07 15:03:38", "2023-06-09 15:03:38"),(4, 57, "2023-09-18 00:02:55", "2023-09-22 00:02:55"),(5, 254, "2023-02-03 22:31:32", "2023-02-04 22:31:32"),(2, 483, "2024-01-23 23:48:33", "2024-01-28 23:48:33"),(2, 446, "2023-06-26 04:32:24", "2023-07-02 04:32:24"),(1, 224, "2023-11-15 12:21:03", "2023-11-20 12:21:03"),(4, 181, "2023-02-07 13:35:20", "2023-02-12 13:35:20"),(4, 36, "2023-10-02 02:52:32", "2023-10-08 02:52:32"),(3, 341, "2023-03-11 15:24:29", "2023-03-12 15:24:29"),(1, 18, "2023-10-10 02:21:02", "2023-10-14 02:21:02"),(3, 101, "2023-03-31 05:29:12", "2023-04-06 05:29:12"),(3, 431, "2023-12-03 14:10:59", "2023-12-04 14:10:59"),(5, 358, "2023-07-25 09:23:45", "2023-07-26 09:23:45"),(2, 209, "2023-11-02 10:19:07", "2023-11-09 10:19:07"),(2, 414, "2023-09-29 08:06:02", "2023-10-03 08:06:02"),(5, 118, "2023-09-15 15:14:24", "2023-09-19 15:14:24"),(2, 453, "2023-05-05 16:51:12", "2023-05-11 16:51:12"),(4, 444, "2023-05-18 05:05:10", "2023-05-20 05:05:10"),(4, 407, "2023-02-04 20:53:22", "2023-02-07 20:53:22"),(4, 73, "2023-02-24 03:37:25", "2023-03-02 03:37:25"),(3, 238, "2023-06-26 02:51:16", "2023-06-29 02:51:16"),(1, 336, "2024-01-22 04:54:33", "2024-01-29 04:54:33"),(1, 170, "2023-11-23 13:14:32", "2023-11-26 13:14:32"),(1, 135, "2023-10-02 18:30:05", "2023-10-06 18:30:05"),(1, 316, "2024-01-21 13:38:41",  NULL),(1, 215, "2023-09-04 11:27:26", "2023-09-09 11:27:26"),(1, 454, "2023-08-01 05:43:34", "2023-08-03 05:43:34"),(2, 140, "2023-03-22 17:31:47", "2023-03-24 17:31:47"),(3, 435, "2023-03-30 21:38:45", "2023-04-06 21:38:45"),(4, 258, "2023-01-10 00:34:56", "2023-01-16 00:34:56"),(4, 109, "2023-06-21 06:38:18", "2023-06-27 06:38:18"),(4, 202, "2023-12-31 02:33:01", "2024-01-06 02:33:01"),(4, 262, "2024-01-14 17:13:02", "2024-01-17 17:13:02"),(5, 47, "2023-01-14 07:54:58",  NULL),(1, 477, "2023-09-30 04:33:11", "2023-10-01 04:33:11"),(3, 153, "2024-01-30 17:41:02", "2024-02-02 17:41:02"),(4, 163, "2023-08-12 00:24:25", "2023-08-17 00:24:25"),(2, 416, "2023-08-27 12:16:01", "2023-09-02 12:16:01"),(4, 130, "2024-01-31 14:01:38", "2024-02-06 14:01:38"),(5, 395, "2023-12-29 00:13:19", "2024-01-03 00:13:19"),(2, 208, "2023-09-30 06:22:12", "2023-10-06 06:22:12"),(2, 294, "2023-02-05 14:28:07", "2023-02-09 14:28:07"),(3, 124, "2023-02-04 02:53:05", "2023-02-07 02:53:05"),(5, 354, "2023-07-01 09:01:46", "2023-07-07 09:01:46"), 
(4, 322, "2024-01-10 18:47:58", "2024-01-13 18:47:58"),(3, 203, "2023-09-02 09:15:57", "2023-09-09 09:15:57"),(4, 440, "2023-12-13 07:54:58", "2023-12-16 07:54:58"),(5, 487, "2023-07-15 21:12:00", "2023-07-22 21:12:00"),(2, 209, "2023-11-13 00:00:25", "2023-11-20 00:00:25"),(5, 245, "2023-03-16 01:46:07", "2023-03-23 01:46:07"),(5, 225, "2023-05-17 03:24:49", "2023-05-18 03:24:49"),(4, 437, "2023-11-15 22:19:45", "2023-11-20 22:19:45"),(3, 430, "2023-09-04 13:52:00", "2023-09-09 13:52:00"),(5, 371, "2023-04-08 10:23:21", "2023-04-14 10:23:21"),(1, 83, "2023-12-30 18:35:32", "2024-01-01 18:35:32"),(3, 103, "2023-01-28 14:54:52", "2023-02-04 14:54:52"),(4, 42, "2023-12-12 10:03:45", "2023-12-18 10:03:45"),(5, 224, "2023-03-20 02:43:45", "2023-03-26 03:43:45"),(1, 65, "2023-04-03 22:32:22", "2023-04-07 22:32:22"),(1, 228, "2023-09-15 06:44:03", "2023-09-18 06:44:03"),(3, 79, "2023-06-13 11:11:13", "2023-06-18 11:11:13"),(2, 483, "2023-07-09 09:33:19",  NULL),(4, 354, "2023-06-24 17:46:14", "2023-07-01 17:46:14"),(5, 100, "2023-11-18 19:15:47", "2023-11-22 19:15:47"),(5, 92, "2023-01-05 10:27:29", "2023-01-10 10:27:29"),(1, 316, "2023-11-02 00:40:36", "2023-11-04 00:40:36"),(2, 364, "2023-05-24 23:11:23", "2023-05-31 23:11:23"),(3, 491, "2023-12-13 19:30:39", "2023-12-19 19:30:39"),(2, 304, "2023-01-29 12:34:28", "2023-01-30 12:34:28"),(4, 9, "2023-08-03 17:54:55", "2023-08-05 17:54:55"),(3, 243, "2023-11-11 07:21:49", "2023-11-13 07:21:49"),(1, 160, "2023-11-25 06:09:33", "2023-11-30 06:09:33"),(5, 379, "2023-02-22 01:28:22", "2023-02-25 01:28:22"),(2, 442, "2023-10-26 07:42:45", "2023-11-02 06:42:45"),(1, 149, "2023-06-09 14:17:34", "2023-06-13 14:17:34"),(2, 216, "2023-04-14 12:08:11", "2023-04-16 12:08:11"),(2, 177, "2023-03-18 03:02:05",  NULL),(4, 426, "2023-11-11 03:29:56", "2023-11-12 03:29:56"),(4, 431, "2023-01-08 08:53:29", "2023-01-09 08:53:29"),(5, 189, "2024-01-15 05:22:45", "2024-01-16 05:22:45"),(1, 7, "2023-05-10 14:41:31", "2023-05-17 14:41:31"),(5, 274, "2023-12-06 14:46:28", "2023-12-10 14:46:28"),(4, 279, "2023-11-29 17:56:17", "2023-12-03 17:56:17"),(3, 56, "2023-08-06 01:56:40", "2023-08-12 01:56:40"),(1, 183, "2023-06-21 06:24:01", "2023-06-22 06:24:01"),(3, 387, "2023-08-17 00:44:14", "2023-08-22 00:44:14"),(1, 1, "2023-02-27 17:02:26", "2023-03-05 17:02:26"),(4, 302, "2023-10-27 07:03:45", "2023-11-02 06:03:45"),(2, 64, "2023-04-27 07:37:48", "2023-05-02 07:37:48"),(4, 342, "2023-07-30 16:07:58", "2023-08-04 16:07:58"),(5, 51, "2023-09-15 05:09:33", "2023-09-22 05:09:33"),(4, 80, "2023-07-24 20:22:20", "2023-07-25 20:22:20"),(1, 110, "2023-05-26 19:27:35", "2023-06-02 19:27:35"),(2, 416, "2023-10-29 02:34:44", "2023-11-05 01:34:44");

-- Tabella RestrizioneVersione; ogni paese in media vieta 1 film invece di 20, quindi 5 versioni -> 500
INSERT INTO RestrizioneVersione(Versione_CodiceVersione, Paese_nome)
VALUES
(16, "Sierra Leone"),(17, "Sierra Leone"),(18, "Sierra Leone"),(19, "Sierra Leone"),(20, "Sierra Leone"),(11, "Yemen"),(12, "Yemen"),(13, "Yemen"),(14, "Yemen"),(15, "Yemen"),(6, "Sri Lanka"),(7, "Sri Lanka"),(8, "Sri Lanka"),(9, "Sri Lanka"),(10, "Sri Lanka"),(86, "Cambodia"),(87, "Cambodia"),(88, "Cambodia"),(89, "Cambodia"),(90, "Cambodia"),(56, "Guam"),(57, "Guam"),(58, "Guam"),(59, "Guam"),(60, "Guam"),(41, "Slovenia"),(42, "Slovenia"),(43, "Slovenia"),(44, "Slovenia"),(45, "Slovenia"),(86, "Brazil"),(87, "Brazil"),(88, "Brazil"),(89, "Brazil"),(90, "Brazil"),(56, "Vietnam"),(57, "Vietnam"),(58, "Vietnam"),(59, "Vietnam"),(60, "Vietnam"),(36, "Montenegro"),(37, "Montenegro"),(38, "Montenegro"),(39, "Montenegro"),(40, "Montenegro"),(51, "Belarus"),(52, "Belarus"),(53, "Belarus"),(54, "Belarus"),(55, "Belarus"), 
(56, "American Samoa"),(57, "American Samoa"),(58, "American Samoa"),(59, "American Samoa"),(60, "American Samoa"),(31, "Burundi"),(32, "Burundi"),(33, "Burundi"),(34, "Burundi"),(35, "Burundi"),(36, "Liberia"),(37, "Liberia"),(38, "Liberia"),(39, "Liberia"),(40, "Liberia"),(86, "Comoros"),(87, "Comoros"),(88, "Comoros"),(89, "Comoros"),(90, "Comoros"),(61, "Croatia"),(62, "Croatia"),(63, "Croatia"),(64, "Croatia"),(65, "Croatia"),(86, "Bermuda"),(87, "Bermuda"),(88, "Bermuda"),(89, "Bermuda"),(90, "Bermuda"),(11, "Dominica"),(12, "Dominica"),(13, "Dominica"),(14, "Dominica"),(15, "Dominica"),(11, "Netherlands"),(12, "Netherlands"),(13, "Netherlands"),(14, "Netherlands"),(15, "Netherlands"),(11, "Morocco"),(12, "Morocco"),(13, "Morocco"),(14, "Morocco"),(15, "Morocco"),(56, "Venezuela"),(57, "Venezuela"),(58, "Venezuela"),(59, "Venezuela"),(60, "Venezuela"), 
(71, "Maldives"),(72, "Maldives"),(73, "Maldives"),(74, "Maldives"),(75, "Maldives"),(81, "Eritrea"),(82, "Eritrea"),(83, "Eritrea"),(84, "Eritrea"),(85, "Eritrea"),(61, "Nicaragua"),(62, "Nicaragua"),(63, "Nicaragua"),(64, "Nicaragua"),(65, "Nicaragua"),(96, "Malaysia"),(97, "Malaysia"),(98, "Malaysia"),(99, "Malaysia"),(100, "Malaysia"),(56, "Saint Barthelemy"),(57, "Saint Barthelemy"),(58, "Saint Barthelemy"),(59, "Saint Barthelemy"),(60, "Saint Barthelemy"),(31, "Bahrain"),(32, "Bahrain"),(33, "Bahrain"),(34, "Bahrain"),(35, "Bahrain"),(6, "Rwanda"),(7, "Rwanda"),(8, "Rwanda"),(9, "Rwanda"),(10, "Rwanda"),(76, "Argentina"),(77, "Argentina"),(78, "Argentina"),(79, "Argentina"),(80, "Argentina"),(26, "Chile"),(27, "Chile"),(28, "Chile"),(29, "Chile"),(30, "Chile"),(51, "Jersey"),(52, "Jersey"),(53, "Jersey"),(54, "Jersey"),(55, "Jersey"), 
(16, "Mongolia"),(17, "Mongolia"),(18, "Mongolia"),(19, "Mongolia"),(20, "Mongolia"),(1, "Malawi"),(2, "Malawi"),(3, "Malawi"),(4, "Malawi"),(5, "Malawi"),(71, "Egypt"),(72, "Egypt"),(73, "Egypt"),(74, "Egypt"),(75, "Egypt"),(1, "Netherlands Antilles"),(2, "Netherlands Antilles"),(3, "Netherlands Antilles"),(4, "Netherlands Antilles"),(5, "Netherlands Antilles"),(61, "Puerto Rico"),(62, "Puerto Rico"),(63, "Puerto Rico"),(64, "Puerto Rico"),(65, "Puerto Rico"),(56, "Western Sahara"),(57, "Western Sahara"),(58, "Western Sahara"),(59, "Western Sahara"),(60, "Western Sahara"),(81, "Afghanistan"),(82, "Afghanistan"),(83, "Afghanistan"),(84, "Afghanistan"),(85, "Afghanistan"),(36, "Tajikistan"),(37, "Tajikistan"),(38, "Tajikistan"),(39, "Tajikistan"),(40, "Tajikistan"),(6, "Bolivia"),(7, "Bolivia"),(8, "Bolivia"),(9, "Bolivia"),(10, "Bolivia"),(56, "Cameroon"),(57, "Cameroon"),(58, "Cameroon"),(59, "Cameroon"),(60, "Cameroon"), 
(91, "Faroe Islands"),(92, "Faroe Islands"),(93, "Faroe Islands"),(94, "Faroe Islands"),(95, "Faroe Islands"),(51, "Christmas Island"),(52, "Christmas Island"),(53, "Christmas Island"),(54, "Christmas Island"),(55, "Christmas Island"),(56, "Gabon"),(57, "Gabon"),(58, "Gabon"),(59, "Gabon"),(60, "Gabon"),(51, "Indonesia"),(52, "Indonesia"),(53, "Indonesia"),(54, "Indonesia"),(55, "Indonesia"),(16, "Saint Helena"),(17, "Saint Helena"),(18, "Saint Helena"),(19, "Saint Helena"),(20, "Saint Helena"),(96, "North Macedonia"),(97, "North Macedonia"),(98, "North Macedonia"),(99, "North Macedonia"),(100, "North Macedonia"),(66, "Mali"),(67, "Mali"),(68, "Mali"),(69, "Mali"),(70, "Mali"),(81, "Zambia"),(82, "Zambia"),(83, "Zambia"),(84, "Zambia"),(85, "Zambia"),(36, "Dominican Republic"),(37, "Dominican Republic"),(38, "Dominican Republic"),(39, "Dominican Republic"),(40, "Dominican Republic"),(6, "Kyrgyz Republic"),(7, "Kyrgyz Republic"),(8, "Kyrgyz Republic"),(9, "Kyrgyz Republic"),(10, "Kyrgyz Republic"), 
(41, "Benin"),(42, "Benin"),(43, "Benin"),(44, "Benin"),(45, "Benin"),(51, "Greece"),(52, "Greece"),(53, "Greece"),(54, "Greece"),(55, "Greece"),(96, "Jamaica"),(97, "Jamaica"),(98, "Jamaica"),(99, "Jamaica"),(100, "Jamaica"),(26, "Uruguay"),(27, "Uruguay"),(28, "Uruguay"),(29, "Uruguay"),(30, "Uruguay"),(26, "Barbados"),(27, "Barbados"),(28, "Barbados"),(29, "Barbados"),(30, "Barbados"),(51, "Tunisia"),(52, "Tunisia"),(53, "Tunisia"),(54, "Tunisia"),(55, "Tunisia"),(6, "El Salvador"),(7, "El Salvador"),(8, "El Salvador"),(9, "El Salvador"),(10, "El Salvador"),(56, "Cuba"),(57, "Cuba"),(58, "Cuba"),(59, "Cuba"),(60, "Cuba"),(1, "Belgium"),(2, "Belgium"),(3, "Belgium"),(4, "Belgium"),(5, "Belgium"),(86, "Germany"),(87, "Germany"),(88, "Germany"),(89, "Germany"),(90, "Germany"), 
(31, "Congo"),(32, "Congo"),(33, "Congo"),(34, "Congo"),(35, "Congo"),(71, "South Africa"),(72, "South Africa"),(73, "South Africa"),(74, "South Africa"),(75, "South Africa"),(16, "Australia"),(17, "Australia"),(18, "Australia"),(19, "Australia"),(20, "Australia"),(81, "Kiribati"),(82, "Kiribati"),(83, "Kiribati"),(84, "Kiribati"),(85, "Kiribati"),(56, "Samoa"),(57, "Samoa"),(58, "Samoa"),(59, "Samoa"),(60, "Samoa"),(86, "Solomon Islands"),(87, "Solomon Islands"),(88, "Solomon Islands"),(89, "Solomon Islands"),(90, "Solomon Islands"),(56, "Suriname"),(57, "Suriname"),(58, "Suriname"),(59, "Suriname"),(60, "Suriname"),(96, "Taiwan"),(97, "Taiwan"),(98, "Taiwan"),(99, "Taiwan"),(100, "Taiwan"),(21, "United Arab Emirates"),(22, "United Arab Emirates"),(23, "United Arab Emirates"),(24, "United Arab Emirates"),(25, "United Arab Emirates"),(56, "Cote d'Ivoire"),(57, "Cote d'Ivoire"),(58, "Cote d'Ivoire"),(59, "Cote d'Ivoire"),(60, "Cote d'Ivoire"), 
(31, "Swaziland"),(32, "Swaziland"),(33, "Swaziland"),(34, "Swaziland"),(35, "Swaziland"),(36, "Macao"),(37, "Macao"),(38, "Macao"),(39, "Macao"),(40, "Macao"),(91, "Somalia"),(92, "Somalia"),(93, "Somalia"),(94, "Somalia"),(95, "Somalia"),(16, "Monaco"),(17, "Monaco"),(18, "Monaco"),(19, "Monaco"),(20, "Monaco"),(86, "Mexico"),(87, "Mexico"),(88, "Mexico"),(89, "Mexico"),(90, "Mexico"),(81, "Singapore"),(82, "Singapore"),(83, "Singapore"),(84, "Singapore"),(85, "Singapore"),(56, "Syrian Arab Republic"),(57, "Syrian Arab Republic"),(58, "Syrian Arab Republic"),(59, "Syrian Arab Republic"),(60, "Syrian Arab Republic"),(81, "Djibouti"),(82, "Djibouti"),(83, "Djibouti"),(84, "Djibouti"),(85, "Djibouti"),(86, "Togo"),(87, "Togo"),(88, "Togo"),(89, "Togo"),(90, "Togo"),(51, "Martinique"),(52, "Martinique"),(53, "Martinique"),(54, "Martinique"),(55, "Martinique"), 
(1, "Nepal"),(2, "Nepal"),(3, "Nepal"),(4, "Nepal"),(5, "Nepal"),(31, "Madagascar"),(32, "Madagascar"),(33, "Madagascar"),(34, "Madagascar"),(35, "Madagascar"),(46, "Latvia"),(47, "Latvia"),(48, "Latvia"),(49, "Latvia"),(50, "Latvia"),(51, "Liechtenstein"),(52, "Liechtenstein"),(53, "Liechtenstein"),(54, "Liechtenstein"),(55, "Liechtenstein"),(61, "Cayman Islands"),(62, "Cayman Islands"),(63, "Cayman Islands"),(64, "Cayman Islands"),(65, "Cayman Islands"),(51, "Russian Federation"),(52, "Russian Federation"),(53, "Russian Federation"),(54, "Russian Federation"),(55, "Russian Federation"),(61, "Angola"),(62, "Angola"),(63, "Angola"),(64, "Angola"),(65, "Angola"),(96, "Micronesia"),(97, "Micronesia"),(98, "Micronesia"),(99, "Micronesia"),(100, "Micronesia"),(96, "Gambia"),(97, "Gambia"),(98, "Gambia"),(99, "Gambia"),(100, "Gambia"),(96, "Kazakhstan"),(97, "Kazakhstan"),(98, "Kazakhstan"),(99, "Kazakhstan"),(100, "Kazakhstan"), 
(46, "Algeria"),(47, "Algeria"),(48, "Algeria"),(49, "Algeria"),(50, "Algeria"),(26, "Aruba"),(27, "Aruba"),(28, "Aruba"),(29, "Aruba"),(30, "Aruba"),(91, "Philippines"),(92, "Philippines"),(93, "Philippines"),(94, "Philippines"),(95, "Philippines"),(91, "Tuvalu"),(92, "Tuvalu"),(93, "Tuvalu"),(94, "Tuvalu"),(95, "Tuvalu"),(6, "New Zealand"),(7, "New Zealand"),(8, "New Zealand"),(9, "New Zealand"),(10, "New Zealand"),(66, "Grenada"),(67, "Grenada"),(68, "Grenada"),(69, "Grenada"),(70, "Grenada"),(41, "Malta"),(42, "Malta"),(43, "Malta"),(44, "Malta"),(45, "Malta"),(21, "Israel"),(22, "Israel"),(23, "Israel"),(24, "Israel"),(25, "Israel"),(46, "San Marino"),(47, "San Marino"),(48, "San Marino"),(49, "San Marino"),(50, "San Marino"),(86, "Austria"),(87, "Austria"),(88, "Austria"),(89, "Austria"),(90, "Austria");
